latitude,longitude,elevation,drainage_density,storm_drain_distance,rainfall_intensity,return_period,city_name,admin_ward,dem_source,land_use,soil_group,storm_drain_type,rainfall_source,flood_risk_level
6.920633,79.9126,,4.27,160.5,39.4,50,"Colombo, Sri Lanka",Borough East,Copernicus_EEA-10_v5,Institutional,,CurbInlet,ERA5,Low
13.076487,80.281774,-2.19,7.54,,56.8,25,"Chennai, India",Ward D,Copernicus_EEA-10_v5,Residential,D,OpenChannel,ERA5,Very High
23.019473,72.638578,30.88,11.0,152.5,16.3,5,"Ahmedabad, India",Sector 12,SRTM_3arc,Industrial,B,OpenChannel,IMD,Low
22.302602,114.078673,24.28,7.32,37.0,77.0,10,"Hong Kong, China",Sector 14,SRTM_3arc,Residential,B,Manhole,ERA5,Low
-29.887602,30.911008,35.7,4.5,292.4,20.8,5,"Durban, South Africa",Sector 5,SRTM_3arc,Industrial,C,OpenChannel,ERA5,Low
13.730254,100.441634,15.36,8.97,30.0,120.5,50,"Bangkok, Thailand",Borough Harbor,Copernicus_GLO-30_v2023,Roads,C,Manhole,LocalGauge,Moderate
-1.374024,36.730491,15.8,8.25,43.0,39.3,10,"Nairobi, Kenya",Ward J,Copernicus_GLO-30_v2023,Residential,A,Manhole,LocalGauge,Low
13.746372,100.484051,20.08,5.88,31.1,74.5,10,"Bangkok, Thailand",Zone X,SRTM_1arc,Residential,C,CurbInlet,ERA5,Low
38.870843,-76.900953,0.19,7.79,153.3,58.2,10,"Washington DC, USA",Sector 12,Copernicus_GLO-90_v2022,Commercial,,,ERA5,Very High
49.3949,-123.199393,19.05,,49.7,20.1,5,"Vancouver, Canada",Sector 5,SRTM_3arc,Commercial,D,GratedInlet,ERA5,Low
28.544386,77.235841,12.22,9.46,41.2,26.5,2,"Delhi, India",Ward J,SRTM_1arc,Roads,,OpenChannel,ERA5,Low
37.915493,23.657021,114.17,3.14,187.7,43.6,25,"Athens, Greece",District 18,SRTM_1arc,Residential,B,Manhole,LocalGauge,Low
-33.930529,151.140718,-3.0,10.62,70.9,18.5,5,"Sydney, Australia",Zone II,SRTM_3arc,Commercial,B,CurbInlet,ERA5,High
38.054642,23.718257,18.54,9.08,248.0,29.1,10,"Athens, Greece",District 29,Copernicus_GLO-30_v2023,Commercial,B,OpenChannel,ERA5,Low
-1.263708,36.869893,88.57,4.86,105.1,32.1,50,"Nairobi, Kenya",Borough North,SRTM_1arc,Commercial,B,CurbInlet,ERA5,Low
25.727376,-80.21539,13.43,3.45,53.3,52.6,25,"Miami, USA",District 20,SRTM_1arc,Green,A,OpenChannel,ERA5,Low
-12.041346,-77.085898,8.99,9.23,128.4,41.3,5,"Lima, Peru",Borough Central,Copernicus_EEA-10_v5,Commercial,,CurbInlet,Blended,Low
25.76789,-80.255953,3.29,7.63,153.6,95.3,10,"Miami, USA",District 28,Copernicus_GLO-30_v2023,Residential,D,CurbInlet,ERA5,Very High
22.216858,114.128052,15.75,8.77,145.3,82.8,25,"Hong Kong, China",Zone III,SRTM_1arc,Roads,,CurbInlet,ERA5,Moderate
3.140932,101.706156,67.05,9.23,118.7,63.6,25,"Kuala Lumpur, Malaysia",Zone VI,SRTM_1arc,Industrial,A,OpenChannel,ERA5,Low
1.387557,103.790327,,5.23,39.1,63.6,25,"Singapore, Singapore",District 14,SRTM_1arc,Roads,D,Manhole,,Very High
41.945883,12.423044,31.58,4.72,58.2,30.0,2,"Rome, Italy",Sector 21,Copernicus_GLO-30_v2023,Green,C,OpenChannel,ERA5,Low
13.171312,80.196503,,4.39,159.7,53.6,10,"Chennai, India",District 3,SRTM_1arc,Green,C,GratedInlet,ERA5,Low
-27.476021,153.101193,33.74,7.6,91.2,26.2,25,"Brisbane, Australia",Zone IX,Copernicus_GLO-30_v2023,Roads,C,GratedInlet,IMD,Low
45.433867,-73.57936,4.25,3.27,11.2,31.1,2,"Montreal, Canada",Sector 10,SRTM_1arc,Residential,D,GratedInlet,LocalGauge,Very High
20.951943,105.796832,40.28,4.89,124.4,36.8,10,"Hanoi, Vietnam",Ward G,SRTM_3arc,Residential,B,CurbInlet,ERA5,Low
49.378623,-123.142702,15.0,5.17,44.6,30.9,25,"Vancouver, Canada",Ward K,Copernicus_GLO-90_v2022,Residential,D,CurbInlet,ERA5,Low
37.548966,126.860714,109.32,,83.0,52.2,100,"Seoul, South Korea",Zone V,SRTM_3arc,Water,A,Manhole,ERA5,Low
-12.039791,-77.085746,90.74,6.57,24.6,64.0,10,"Lima, Peru",Borough South,SRTM_3arc,Industrial,A,GratedInlet,ERA5,Low
37.770337,-122.398163,93.76,12.07,54.0,39.8,25,"San Francisco, USA",Sector 12,Copernicus_GLO-30_v2023,Industrial,D,Manhole,ERA5,Low
51.905471,4.551063,9.16,,,15.1,5,"Rotterdam, Netherlands",Borough Riverside,SRTM_1arc,Industrial,C,OpenChannel,IMD,Low
12.980622,77.636965,28.34,3.71,22.6,41.9,10,"Bengaluru, India",Zone II,Copernicus_GLO-30_v2023,Water,C,CurbInlet,ERA5,Low
29.976976,-90.21051,10.34,5.36,6.0,20.9,10,"New Orleans, USA",Sector 15,Copernicus_GLO-30_v2023,Industrial,B,Manhole,ERA5,Low
-1.3106,36.827329,-3.0,9.25,64.4,15.6,2,"Nairobi, Kenya",Borough Hillside,SRTM_3arc,Roads,,CurbInlet,LocalGauge,High
23.697673,90.424359,38.61,7.44,193.1,28.2,2,"Dhaka, Bangladesh",District 11,Copernicus_GLO-30_v2023,Roads,C,OpenChannel,IMD,Low
18.58017,73.955841,13.78,4.67,127.2,21.6,2,"Pune, India",Borough Old Town,SRTM_1arc,Commercial,B,,ERA5,Low
38.938489,-76.993755,-1.61,6.64,11.2,42.6,2,"Washington DC, USA",Borough Harbor,SRTM_1arc,Mixed,B,Manhole,ERA5,High
31.162448,121.443756,15.68,5.76,80.7,29.9,5,"Shanghai, China",Ward A,SRTM_1arc,Residential,A,CurbInlet,IMD,Low
24.898906,67.042908,194.75,9.58,18.6,22.0,25,"Karachi, Pakistan",District 11,Copernicus_GLO-30_v2023,Commercial,A,CurbInlet,LocalGauge,Low
6.946996,79.866172,9.86,,10.2,72.2,50,"Colombo, Sri Lanka",Sector 9,Copernicus_EEA-10_v5,Green,C,GratedInlet,ERA5,Low
52.259884,4.915955,23.52,4.14,,35.3,50,"Amsterdam, Netherlands",Sector 14,Copernicus_GLO-90_v2022,Green,A,GratedInlet,ERA5,Low
4.700349,-74.167433,110.63,5.32,50.8,25.0,10,"Bogotá, Colombia",District 13,SRTM_3arc,Mixed,A,CurbInlet,ERA5,Low
-12.010978,-76.999135,70.23,4.72,156.1,40.3,5,"Lima, Peru",Ward A,Copernicus_EEA-10_v5,Roads,,OpenChannel,Blended,Low
45.550481,-73.562016,62.3,7.2,116.3,24.0,25,"Montreal, Canada",Sector 1,SRTM_3arc,Institutional,A,Manhole,,Low
23.103579,72.614063,125.01,9.7,80.0,48.1,25,"Ahmedabad, India",Ward E,Copernicus_GLO-30_v2023,Mixed,,CurbInlet,ERA5,Low
48.854264,2.375006,77.71,3.43,69.8,38.8,25,"Paris, France",Ward E,SRTM_1arc,Residential,B,GratedInlet,ERA5,Low
49.398904,-123.124709,12.38,6.62,38.2,29.0,2,"Vancouver, Canada",Ward D,Copernicus_EEA-10_v5,Roads,D,GratedInlet,ERA5,Low
22.945161,72.586269,17.34,4.14,20.3,28.8,100,"Ahmedabad, India",Ward E,Copernicus_EEA-10_v5,Water,D,,,Low
23.712662,90.542488,44.27,,70.9,68.8,100,"Dhaka, Bangladesh",Borough East,SRTM_3arc,Residential,,CurbInlet,IMD,Low
22.497561,114.026625,,9.69,115.7,79.8,25,"Shenzhen, China",Zone VII,Copernicus_EEA-10_v5,Roads,,Manhole,IMD,Low
38.943781,-76.999643,19.19,9.99,22.4,25.9,5,"Washington DC, USA",Borough Hillside,Copernicus_GLO-90_v2022,Industrial,,CurbInlet,IMD,Low
22.355356,114.241956,24.27,6.4,112.6,62.3,50,"Hong Kong, China",Ward E,SRTM_3arc,Commercial,C,,,Low
19.415445,-99.196033,54.96,5.23,69.6,39.3,50,"Mexico City, Mexico",Sector 11,SRTM_3arc,Commercial,B,CurbInlet,ERA5,Low
3.09333,101.739592,33.84,8.17,101.4,77.6,50,"Kuala Lumpur, Malaysia",District 26,Copernicus_GLO-30_v2023,Roads,B,Manhole,LocalGauge,Low
52.338707,4.873985,18.79,,,36.5,25,"Amsterdam, Netherlands",Ward K,SRTM_1arc,Green,B,CurbInlet,ERA5,Low
19.454178,-99.104387,121.11,8.39,66.5,36.9,100,"Mexico City, Mexico",Sector 26,SRTM_1arc,Residential,,OpenChannel,ERA5,Low
1.390561,103.837383,,8.34,73.8,150.0,50,"Singapore, Singapore",District 14,SRTM_3arc,Roads,,CurbInlet,ERA5,Very High
35.692218,51.489906,4.07,7.63,42.2,15.0,25,"Tehran, Iran",Borough Hillside,SRTM_3arc,Commercial,C,GratedInlet,ERA5,High
4.675203,-73.978098,3.59,,167.0,14.0,10,"Bogotá, Colombia",Sector 26,Copernicus_GLO-30_v2023,Informal,A,CurbInlet,IMD,High
24.916909,121.592372,50.4,7.95,15.0,40.8,5,"Taipei, Taiwan",District 23,SRTM_3arc,Roads,B,CurbInlet,Blended,Low
37.690835,-122.45266,66.57,8.8,86.6,80.4,5,"San Francisco, USA",Borough Old Town,SRTM_3arc,Roads,C,Manhole,LocalGauge,Moderate
19.512895,-99.05693,14.73,7.81,120.5,47.3,5,"Mexico City, Mexico",Borough Old Town,SRTM_3arc,Roads,A,Manhole,,Low
-6.269827,106.847064,6.38,2.73,133.7,53.7,2,"Jakarta, Indonesia",Sector 9,Copernicus_GLO-30_v2023,Green,,Manhole,LocalGauge,High
3.188477,101.738006,68.26,9.7,30.1,45.0,50,"Kuala Lumpur, Malaysia",District 13,Copernicus_GLO-90_v2022,Industrial,D,CurbInlet,ERA5,Low
41.494167,2.061047,9.32,7.79,106.7,31.1,25,"Barcelona, Spain",District 11,SRTM_3arc,Roads,,CurbInlet,ERA5,Low
14.645109,120.944,25.12,,44.6,77.8,25,"Manila, Philippines",Ward B,SRTM_1arc,Roads,B,OpenChannel,,Low
24.894516,66.99248,105.73,6.39,103.5,13.0,5,"Karachi, Pakistan",Sector 16,Copernicus_GLO-30_v2023,Residential,A,Manhole,IMD,Low
13.07693,80.268495,0.17,,,49.3,25,"Chennai, India",Borough Central,Copernicus_GLO-30_v2023,Roads,C,GratedInlet,LocalGauge,Very High
6.504458,3.368462,6.76,7.46,11.5,85.8,25,"Lagos, Nigeria",Zone VI,SRTM_3arc,Roads,D,GratedInlet,ERA5,Very High
5.667662,-0.214601,-3.0,8.63,128.8,62.6,5,"Accra, Ghana",Sector 7,SRTM_1arc,Mixed,B,GratedInlet,ERA5,High
-29.807949,30.926977,29.63,6.61,27.8,31.5,100,"Durban, South Africa",Ward G,Copernicus_EEA-10_v5,Commercial,B,CurbInlet,,Low
37.629794,126.97571,9.2,3.61,124.6,23.4,25,"Seoul, South Korea",Sector 28,SRTM_1arc,Residential,B,Manhole,ERA5,Low
41.391372,2.063055,17.29,3.08,279.5,41.7,5,"Barcelona, Spain",Ward B,Copernicus_EEA-10_v5,Residential,C,,LocalGauge,Low
3.182771,101.805347,111.02,7.47,259.6,109.1,50,"Kuala Lumpur, Malaysia",Ward I,SRTM_1arc,Roads,B,OpenChannel,LocalGauge,Moderate
31.171222,121.392772,17.09,,89.7,48.6,50,"Shanghai, China",Zone I,Copernicus_GLO-30_v2023,Commercial,B,GratedInlet,ERA5,Low
-36.914207,174.717566,73.7,,98.8,35.7,10,"Auckland, New Zealand",District 28,Copernicus_EEA-10_v5,Residential,C,Manhole,ERA5,Low
35.617194,139.668548,77.35,,242.5,64.0,25,"Tokyo, Japan",Sector 19,Copernicus_GLO-30_v2023,Commercial,C,OpenChannel,LocalGauge,Low
35.709705,51.366584,64.16,10.58,52.8,23.5,5,"Tehran, Iran",Zone III,SRTM_1arc,Commercial,D,CurbInlet,IMD,Low
-27.300398,153.054727,,6.67,161.5,32.3,100,"Brisbane, Australia",Borough East,SRTM_3arc,Mixed,C,CurbInlet,IMD,Low
23.760802,90.417449,37.1,10.58,198.0,82.7,100,"Dhaka, Bangladesh",Borough Delta,SRTM_1arc,Industrial,,GratedInlet,IMD,Moderate
-34.718054,-58.379462,85.45,8.64,67.7,19.5,2,"Buenos Aires, Argentina",Ward J,Copernicus_GLO-90_v2022,Residential,C,GratedInlet,Blended,Low
6.843577,79.842526,17.18,2.93,154.8,51.4,10,"Colombo, Sri Lanka",Ward E,Copernicus_GLO-90_v2022,Green,C,GratedInlet,,Moderate
5.62251,-0.22747,-1.2,8.66,,38.7,5,"Accra, Ghana",Sector 8,SRTM_3arc,Roads,A,OpenChannel,ERA5,High
48.808427,2.279906,103.83,3.81,4.2,19.6,50,"Paris, France",Borough Delta,SRTM_3arc,Commercial,B,Manhole,,Low
25.200856,51.667687,46.88,4.51,120.1,25.9,10,"Doha, Qatar",Zone VIII,SRTM_3arc,Roads,A,OpenChannel,ERA5,Low
40.940379,28.973808,97.56,3.02,10.2,29.5,10,"Istanbul, Türkiye",Sector 21,SRTM_1arc,Residential,C,GratedInlet,ERA5,Low
37.699621,-122.366738,29.5,7.5,12.8,33.4,2,"San Francisco, USA",Ward G,SRTM_1arc,Commercial,D,GratedInlet,,Low
1.30347,103.820979,2.95,9.32,104.2,52.8,25,"Singapore, Singapore",Ward F,Copernicus_GLO-30_v2023,Commercial,A,Manhole,Blended,High
29.738211,-95.43419,46.98,2.0,74.8,31.9,2,"Houston, USA",District 11,Copernicus_GLO-30_v2023,Green,A,OpenChannel,IMD,Moderate
-33.993151,18.480013,91.93,4.15,118.5,21.4,5,"Cape Town, South Africa",District 5,SRTM_1arc,Residential,C,GratedInlet,,Low
52.446797,4.866846,,5.16,76.2,44.6,100,"Amsterdam, Netherlands",Sector 21,Copernicus_GLO-30_v2023,Residential,B,GratedInlet,ERA5,Low
53.629559,9.992491,75.56,,,40.9,10,"Hamburg, Germany",District 8,SRTM_3arc,Industrial,D,CurbInlet,IMD,Low
29.958394,-90.21213,,6.03,179.8,22.6,5,"New Orleans, USA",Sector 5,Copernicus_GLO-30_v2023,Water,B,Manhole,ERA5,Low
41.899658,12.477563,44.38,,41.3,24.8,50,"Rome, Italy",Sector 1,Copernicus_EEA-10_v5,Commercial,B,GratedInlet,ERA5,Low
1.250584,103.964467,27.64,6.56,45.1,69.3,10,"Singapore, Singapore",Zone II,SRTM_1arc,Residential,D,Manhole,IMD,Low
31.227445,121.422029,9.11,5.44,75.8,24.5,25,"Shanghai, China",Zone V,Copernicus_EEA-10_v5,Water,,CurbInlet,,Low
22.228144,114.256566,9.36,7.15,199.4,31.5,2,"Hong Kong, China",Sector 11,SRTM_1arc,Residential,D,OpenChannel,ERA5,Low
22.312751,114.103122,16.76,4.83,,68.1,2,"Hong Kong, China",Ward K,SRTM_3arc,Commercial,D,,ERA5,Low
25.005631,121.506985,131.12,8.8,,40.4,2,"Taipei, Taiwan",Borough West,SRTM_1arc,Industrial,B,CurbInlet,IMD,Low
31.190875,121.479518,11.38,8.27,65.0,49.7,5,"Shanghai, China",Sector 20,Copernicus_GLO-30_v2023,Industrial,D,CurbInlet,,Low
37.961044,23.563666,20.72,6.87,50.9,26.2,10,"Athens, Greece",Borough Harbor,SRTM_1arc,Roads,A,GratedInlet,IMD,Low
24.64336,46.686333,47.45,,165.1,23.0,10,"Riyadh, Saudi Arabia",Zone IV,Copernicus_GLO-90_v2022,Green,A,CurbInlet,,Low
48.893045,2.260981,21.87,8.19,44.3,18.4,25,"Paris, France",Borough Harbor,Copernicus_EEA-10_v5,Residential,B,Manhole,ERA5,Low
53.611978,10.108059,65.35,10.74,6.2,24.4,25,"Hamburg, Germany",District 16,Copernicus_EEA-10_v5,Industrial,C,GratedInlet,,Low
52.342532,4.859696,7.72,9.35,,27.1,10,"Amsterdam, Netherlands",District 4,SRTM_3arc,Commercial,A,Manhole,LocalGauge,High
-29.853424,31.032758,38.05,2.56,,32.3,10,"Durban, South Africa",District 9,SRTM_3arc,Institutional,,,ERA5,Very High
38.999216,-77.039618,-3.0,,203.1,33.9,10,"Washington DC, USA",Ward F,SRTM_3arc,Green,,GratedInlet,IMD,High
-34.693569,-58.313554,63.9,,41.7,47.7,25,"Buenos Aires, Argentina",Sector 23,Copernicus_GLO-30_v2023,Commercial,D,OpenChannel,IMD,Low
24.714514,46.722161,54.72,7.38,0.6,11.4,5,"Riyadh, Saudi Arabia",Sector 8,Copernicus_GLO-30_v2023,Residential,,GratedInlet,ERA5,Low
23.069753,72.619834,95.87,,49.4,27.2,2,"Ahmedabad, India",District 27,Copernicus_EEA-10_v5,Industrial,A,GratedInlet,IMD,Low
25.213652,51.455758,64.2,5.17,180.2,12.6,50,"Doha, Qatar",Zone VIII,Copernicus_EEA-10_v5,Residential,C,OpenChannel,LocalGauge,Low
-1.430486,36.81412,41.46,3.49,115.2,15.5,5,"Nairobi, Kenya",Sector 7,SRTM_3arc,Residential,D,GratedInlet,,Low
13.831079,100.405684,39.34,3.69,32.1,61.7,10,"Bangkok, Thailand",District 24,SRTM_3arc,Residential,,Manhole,ERA5,Low
29.885492,-90.129196,18.2,7.24,302.1,25.0,10,"New Orleans, USA",Ward B,SRTM_1arc,Residential,,,Blended,Low
18.958103,72.945249,12.78,,234.9,60.4,100,"Mumbai, India",Ward K,Copernicus_GLO-30_v2023,Green,D,CurbInlet,ERA5,Low
37.817249,-122.539137,137.68,4.5,206.7,22.0,5,"San Francisco, USA",District 22,SRTM_3arc,Commercial,B,OpenChannel,ERA5,Low
4.615015,-74.103586,86.21,5.68,229.7,26.3,2,"Bogotá, Colombia",Sector 9,SRTM_1arc,Commercial,D,OpenChannel,Blended,Low
28.578707,77.129648,52.0,5.05,52.1,57.2,50,"Delhi, India",Zone VIII,SRTM_3arc,Residential,A,Manhole,LocalGauge,Low
49.00432,2.384769,80.1,11.5,,26.2,50,"Paris, France",Zone VIII,SRTM_1arc,Roads,B,OpenChannel,Blended,Low
38.085449,23.694449,89.01,4.69,251.2,33.3,100,"Athens, Greece",Ward G,SRTM_3arc,Residential,,OpenChannel,ERA5,Low
41.397426,2.130915,7.75,8.81,13.6,59.5,5,"Barcelona, Spain",Ward G,Copernicus_GLO-30_v2023,Industrial,A,OpenChannel,IMD,High
55.752965,12.543794,33.28,9.34,192.4,39.7,10,"Copenhagen, Denmark",Zone VI,SRTM_3arc,Industrial,,OpenChannel,Blended,Low
37.667235,-122.385164,157.71,7.72,58.6,32.7,5,"San Francisco, USA",Sector 1,SRTM_3arc,Roads,B,CurbInlet,ERA5,Low
51.538351,-0.044745,19.38,6.81,217.2,25.5,5,"London, UK",Ward K,SRTM_1arc,Residential,B,,Blended,Low
22.363853,114.231517,-3.0,6.46,196.4,80.0,50,"Hong Kong, China",Borough North,SRTM_3arc,Green,D,Manhole,ERA5,Very High
29.76286,-95.326222,-3.0,3.25,257.9,14.1,10,"Houston, USA",Borough Central,SRTM_1arc,Residential,,OpenChannel,Blended,High
25.683689,-80.143126,20.23,7.96,80.1,64.0,100,"Miami, USA",Sector 11,Copernicus_EEA-10_v5,Commercial,A,CurbInlet,ERA5,Low
29.917917,-90.133784,10.49,8.41,85.6,34.8,2,"New Orleans, USA",Borough Hillside,SRTM_1arc,Residential,D,Manhole,IMD,Low
14.626959,121.034607,5.55,2.59,206.9,43.3,25,"Manila, Philippines",Borough Riverside,Copernicus_GLO-30_v2023,Residential,D,OpenChannel,Blended,Very High
37.93318,23.867411,101.45,8.64,107.2,50.0,25,"Athens, Greece",Zone VIII,Copernicus_GLO-30_v2023,Commercial,A,CurbInlet,Blended,Low
1.381917,103.765085,9.63,9.38,250.4,47.4,25,"Singapore, Singapore",District 30,SRTM_1arc,Commercial,A,OpenChannel,ERA5,Low
37.826832,-122.317446,,5.84,51.2,39.1,50,"San Francisco, USA",Zone II,Copernicus_EEA-10_v5,Industrial,B,GratedInlet,Blended,Low
35.619716,139.666566,85.07,7.14,22.0,13.1,5,"Tokyo, Japan",Borough Riverside,SRTM_1arc,Roads,A,OpenChannel,LocalGauge,Low
30.013738,-89.898774,7.31,9.29,62.7,88.1,5,"New Orleans, USA",Sector 27,SRTM_1arc,Roads,C,OpenChannel,ERA5,High
24.79732,66.950893,39.82,5.92,26.1,29.7,5,"Karachi, Pakistan",Borough Hillside,Copernicus_GLO-30_v2023,Commercial,D,,ERA5,Low
24.92432,67.113589,-3.0,5.59,22.5,26.8,2,"Karachi, Pakistan",Borough East,Copernicus_EEA-10_v5,Residential,D,Manhole,Blended,High
-6.291373,106.866273,23.46,4.57,19.6,99.9,10,"Jakarta, Indonesia",Borough South,SRTM_1arc,Residential,B,CurbInlet,Blended,Moderate
-1.189306,36.702201,33.15,3.78,87.1,28.6,25,"Nairobi, Kenya",Borough Hillside,Copernicus_GLO-90_v2022,Residential,B,Manhole,,Low
-1.294683,36.690698,0.43,5.92,15.7,19.6,2,"Nairobi, Kenya",District 5,SRTM_3arc,Residential,B,OpenChannel,ERA5,High
13.094673,80.136531,1.55,,175.8,78.8,50,"Chennai, India",District 3,SRTM_1arc,Residential,B,CurbInlet,ERA5,High
19.119209,72.974745,-1.52,5.29,80.9,60.4,25,"Mumbai, India",Sector 12,SRTM_1arc,Industrial,,Manhole,LocalGauge,Very High
24.873609,67.004016,168.72,5.13,126.1,53.8,5,"Karachi, Pakistan",Ward H,SRTM_1arc,Commercial,,Manhole,Blended,Low
22.601394,114.076103,11.56,7.98,92.1,129.1,100,"Shenzhen, China",Borough Riverside,Copernicus_EEA-10_v5,Roads,B,CurbInlet,ERA5,Moderate
41.918194,12.655554,,,224.5,37.3,5,"Rome, Italy",Zone X,Copernicus_GLO-30_v2023,Green,B,GratedInlet,ERA5,Low
-12.092222,-77.063148,,3.38,74.1,85.6,5,"Lima, Peru",Zone III,Copernicus_GLO-90_v2022,Residential,A,GratedInlet,LocalGauge,Moderate
34.572652,135.500546,-3.0,,86.9,33.4,2,"Osaka, Japan",Zone IV,Copernicus_EEA-10_v5,Residential,C,GratedInlet,ERA5,Very High
-6.355887,106.72977,8.53,6.13,99.6,65.8,10,"Jakarta, Indonesia",Borough West,Copernicus_GLO-30_v2023,Residential,A,Manhole,,Low
-11.99651,-77.205472,76.66,4.03,,56.9,10,"Lima, Peru",District 19,Copernicus_GLO-30_v2023,Residential,,OpenChannel,ERA5,Low
-33.916867,18.403212,,3.9,6.0,72.5,50,"Cape Town, South Africa",Sector 25,Copernicus_GLO-90_v2022,Residential,D,CurbInlet,ERA5,Low
3.132832,101.668637,7.92,5.14,78.6,72.2,100,"Kuala Lumpur, Malaysia",Zone III,SRTM_1arc,Residential,D,GratedInlet,ERA5,High
52.34962,4.931453,35.31,7.09,,27.3,100,"Amsterdam, Netherlands",Sector 10,Copernicus_GLO-30_v2023,Informal,A,Manhole,LocalGauge,Low
51.522421,-0.041596,30.56,5.68,165.4,51.7,25,"London, UK",District 29,SRTM_1arc,Institutional,D,CurbInlet,ERA5,Low
3.182016,101.620147,85.22,10.16,122.1,72.1,100,"Kuala Lumpur, Malaysia",Sector 22,Copernicus_GLO-90_v2022,Commercial,A,GratedInlet,ERA5,Low
25.786716,-80.317555,7.27,2.87,263.6,41.2,10,"Miami, USA",Zone V,Copernicus_EEA-10_v5,Institutional,D,OpenChannel,IMD,High
25.78801,-80.325151,9.35,3.97,157.1,50.9,5,"Miami, USA",Sector 3,Copernicus_GLO-30_v2023,Commercial,,CurbInlet,ERA5,Low
29.993055,-90.129588,13.63,6.04,75.8,46.0,50,"New Orleans, USA",Ward C,Copernicus_EEA-10_v5,Roads,A,CurbInlet,ERA5,Low
-33.793664,151.092246,1.95,9.25,110.7,51.9,5,"Sydney, Australia",Zone II,SRTM_3arc,Roads,C,CurbInlet,Blended,High
37.539976,127.097577,50.72,8.27,121.5,39.7,10,"Seoul, South Korea",Sector 28,Copernicus_EEA-10_v5,Commercial,B,CurbInlet,LocalGauge,Low
17.331108,78.483171,64.42,6.37,185.3,41.2,25,"Hyderabad, India",Borough Hillside,Copernicus_GLO-30_v2023,Green,C,,ERA5,Low
-22.863116,-43.254828,17.32,10.0,168.4,60.7,100,"Rio de Janeiro, Brazil",Ward J,Copernicus_GLO-30_v2023,Industrial,C,OpenChannel,LocalGauge,Low
25.29081,51.644414,,6.19,4.8,23.2,2,"Doha, Qatar",Ward J,SRTM_3arc,Commercial,B,GratedInlet,IMD,Low
-33.785876,151.266765,5.76,8.36,131.9,19.3,2,"Sydney, Australia",Zone VII,SRTM_1arc,Green,D,Manhole,Blended,High
-27.447855,153.020973,81.74,6.22,118.6,51.6,5,"Brisbane, Australia",Zone I,SRTM_1arc,Green,A,GratedInlet,,Low
-33.937933,151.32663,-1.47,5.36,49.6,29.3,10,"Sydney, Australia",District 1,SRTM_1arc,Industrial,C,CurbInlet,IMD,Very High
24.990263,121.476219,62.46,3.63,129.8,21.8,5,"Taipei, Taiwan",Ward I,SRTM_1arc,Roads,C,OpenChannel,,Low
-12.042736,-77.1659,42.61,6.24,56.6,24.1,2,"Lima, Peru",Zone IX,Copernicus_EEA-10_v5,Roads,B,CurbInlet,,Low
45.463651,-73.619883,45.99,9.58,,16.1,10,"Montreal, Canada",Zone V,Copernicus_GLO-30_v2023,Roads,D,Manhole,ERA5,Low
51.927443,4.541447,26.82,6.3,28.2,23.8,10,"Rotterdam, Netherlands",District 24,Copernicus_GLO-30_v2023,Industrial,C,OpenChannel,IMD,Low
52.474882,4.858746,7.81,5.29,14.2,37.9,25,"Amsterdam, Netherlands",Sector 26,Copernicus_GLO-30_v2023,Industrial,C,Manhole,LocalGauge,High
1.452783,103.876058,,10.89,53.0,48.1,5,"Singapore, Singapore",Zone VI,Copernicus_GLO-30_v2023,Industrial,D,GratedInlet,,Low
49.383375,-123.251292,-3.0,5.25,61.2,57.8,25,"Vancouver, Canada",District 28,Copernicus_GLO-30_v2023,Mixed,,CurbInlet,LocalGauge,Very High
10.84268,106.748436,21.62,7.59,200.3,54.0,2,"Ho Chi Minh City, Vietnam",Sector 16,SRTM_1arc,Water,C,Manhole,ERA5,Low
-23.507038,-46.615278,-3.0,6.45,43.5,45.1,10,"Sao Paulo, Brazil",Ward B,SRTM_3arc,Roads,B,Manhole,LocalGauge,High
49.314033,-123.119837,9.94,9.75,12.9,16.9,2,"Vancouver, Canada",Borough East,Copernicus_GLO-30_v2023,Industrial,,GratedInlet,ERA5,Low
37.888212,23.817331,-3.0,5.62,,31.8,5,"Athens, Greece",Zone II,Copernicus_EEA-10_v5,Commercial,B,CurbInlet,LocalGauge,High
14.562976,121.036665,,10.2,20.0,53.3,10,"Manila, Philippines",District 12,Copernicus_EEA-10_v5,Industrial,C,CurbInlet,Blended,Low
24.974956,121.547199,84.02,6.83,23.3,15.2,50,"Taipei, Taiwan",District 26,Copernicus_GLO-30_v2023,Residential,C,GratedInlet,,Low
24.551771,46.712203,-3.0,6.03,74.6,21.8,2,"Riyadh, Saudi Arabia",Ward C,Copernicus_GLO-30_v2023,Mixed,A,Manhole,LocalGauge,High
29.735935,-95.236374,57.71,7.9,,23.5,5,"Houston, USA",District 6,SRTM_3arc,Residential,D,CurbInlet,ERA5,Low
5.701548,-0.269862,9.88,3.81,60.2,79.2,50,"Accra, Ghana",District 7,SRTM_3arc,Residential,C,Manhole,ERA5,Low
-33.851686,151.135394,-3.0,,275.3,17.0,5,"Sydney, Australia",Ward K,SRTM_3arc,Industrial,C,OpenChannel,ERA5,Very High
24.712484,46.758972,10.03,9.36,17.1,15.7,10,"Riyadh, Saudi Arabia",Borough Old Town,Copernicus_EEA-10_v5,Roads,D,CurbInlet,,Low
-12.052395,-77.084216,79.0,3.62,112.3,23.1,2,"Lima, Peru",Borough Old Town,Copernicus_GLO-90_v2022,Residential,B,OpenChannel,LocalGauge,Low
24.821874,67.022477,207.57,6.57,,48.0,25,"Karachi, Pakistan",Borough Old Town,Copernicus_EEA-10_v5,Residential,A,GratedInlet,Blended,Low
13.158386,80.376051,27.64,7.0,159.1,56.9,5,"Chennai, India",Sector 1,SRTM_1arc,Industrial,C,GratedInlet,LocalGauge,Low
41.106308,28.918704,42.19,4.66,1.4,13.7,10,"Istanbul, Türkiye",Zone V,Copernicus_GLO-30_v2023,Residential,C,Manhole,Blended,Low
18.649573,73.829042,33.71,6.31,242.2,23.2,2,"Pune, India",Ward I,Copernicus_EEA-10_v5,Residential,D,OpenChannel,ERA5,Low
39.861922,-75.125416,-3.0,5.59,333.1,34.7,10,"Philadelphia, USA",District 15,Copernicus_GLO-30_v2023,Residential,,,ERA5,High
-27.595665,152.99241,25.02,6.71,112.1,43.6,100,"Brisbane, Australia",Sector 18,SRTM_3arc,Green,B,CurbInlet,,Low
-22.926207,-43.157763,26.66,,36.9,44.8,10,"Rio de Janeiro, Brazil",District 5,SRTM_3arc,Residential,C,GratedInlet,ERA5,Low
-36.7016,174.72417,91.62,3.97,39.9,46.7,5,"Auckland, New Zealand",Sector 14,Copernicus_EEA-10_v5,Residential,C,Manhole,ERA5,Low
51.920377,4.480419,-2.84,8.02,132.5,64.1,10,"Rotterdam, Netherlands",District 14,Copernicus_EEA-10_v5,Roads,A,GratedInlet,ERA5,High
38.879099,-77.041732,71.47,5.55,108.7,27.3,10,"Washington DC, USA",Zone I,Copernicus_GLO-30_v2023,Commercial,A,CurbInlet,LocalGauge,Low
49.165174,-123.104249,16.03,2.93,112.3,37.5,2,"Vancouver, Canada",Sector 23,Copernicus_GLO-30_v2023,Residential,B,GratedInlet,ERA5,Moderate
23.799724,90.459875,57.42,4.85,291.8,101.3,100,"Dhaka, Bangladesh",Borough North,Copernicus_GLO-90_v2022,Green,A,Manhole,IMD,Moderate
40.700856,-74.01971,55.66,3.11,67.7,23.2,5,"New York, USA",Zone IV,Copernicus_GLO-30_v2023,Green,A,GratedInlet,LocalGauge,Low
-12.054308,-76.941589,-3.0,5.35,59.6,17.3,2,"Lima, Peru",Borough Hillside,SRTM_3arc,Roads,D,GratedInlet,ERA5,High
41.433134,2.159418,17.58,6.28,71.8,30.8,10,"Barcelona, Spain",Borough Delta,SRTM_1arc,Commercial,B,Manhole,,Low
18.41893,73.898579,38.52,2.92,76.2,24.5,2,"Pune, India",Zone II,Copernicus_GLO-90_v2022,Mixed,B,CurbInlet,Blended,Very High
21.041383,105.809341,94.45,,102.0,109.7,50,"Hanoi, Vietnam",Ward J,Copernicus_GLO-90_v2022,Residential,D,CurbInlet,ERA5,Moderate
51.450147,0.029632,7.46,4.62,137.6,41.9,50,"London, UK",Borough East,SRTM_1arc,Green,C,CurbInlet,ERA5,High
39.977663,-75.138597,2.92,,3.6,31.9,5,"Philadelphia, USA",Borough Hillside,SRTM_1arc,Industrial,A,GratedInlet,LocalGauge,High
24.602366,46.653616,87.83,7.63,86.0,6.7,25,"Riyadh, Saudi Arabia",District 17,Copernicus_GLO-30_v2023,Roads,C,CurbInlet,ERA5,Low
31.244103,121.425075,2.04,10.24,88.3,42.9,25,"Shanghai, China",Ward A,SRTM_3arc,Roads,C,GratedInlet,,High
35.668336,51.363575,,9.15,56.1,23.0,5,"Tehran, Iran",Borough Old Town,SRTM_1arc,Roads,,CurbInlet,ERA5,Low
-33.843459,151.225685,24.72,7.31,1.1,20.3,10,"Sydney, Australia",Zone V,Copernicus_GLO-90_v2022,Commercial,D,GratedInlet,ERA5,Low
37.743407,-122.421342,,8.16,30.1,32.8,50,"San Francisco, USA",Ward D,SRTM_3arc,Residential,B,Manhole,,Low
12.930679,77.660193,47.08,8.83,120.3,16.2,5,"Bengaluru, India",Borough Harbor,SRTM_1arc,Commercial,C,CurbInlet,Blended,Low
19.040309,72.889891,2.8,5.74,64.1,34.1,10,"Mumbai, India",Ward G,Copernicus_GLO-30_v2023,Commercial,C,CurbInlet,IMD,High
-34.584343,-58.347751,-3.0,7.81,108.6,43.5,50,"Buenos Aires, Argentina",Sector 11,SRTM_1arc,Roads,C,GratedInlet,,Very High
22.952621,72.653047,63.54,5.23,80.1,33.6,2,"Ahmedabad, India",District 22,Copernicus_GLO-30_v2023,Residential,D,Manhole,ERA5,Low
38.914072,-77.02681,40.53,6.81,94.7,20.4,25,"Washington DC, USA",District 8,Copernicus_GLO-90_v2022,Commercial,B,CurbInlet,ERA5,Low
38.817143,-76.999981,62.9,1.99,219.5,61.9,50,"Washington DC, USA",District 23,Copernicus_EEA-10_v5,Green,B,Manhole,ERA5,Moderate
37.637419,126.971739,27.64,6.5,131.6,39.5,2,"Seoul, South Korea",District 8,Copernicus_GLO-30_v2023,Commercial,D,OpenChannel,,Low
38.902993,-77.015935,-3.0,6.21,202.2,41.3,2,"Washington DC, USA",Sector 25,SRTM_1arc,Residential,,OpenChannel,ERA5,Very High
-36.858992,174.728861,15.34,5.12,161.9,29.9,2,"Auckland, New Zealand",District 13,SRTM_1arc,Residential,B,GratedInlet,,Low
41.057945,29.026179,0.78,5.77,,26.0,10,"Istanbul, Türkiye",District 9,SRTM_1arc,Roads,A,CurbInlet,ERA5,High
53.445347,9.975697,111.08,9.83,28.6,27.5,5,"Hamburg, Germany",Borough Hillside,SRTM_3arc,Commercial,D,GratedInlet,ERA5,Low
41.805683,12.509814,77.91,3.81,257.1,36.9,100,"Rome, Italy",Borough South,Copernicus_GLO-90_v2022,Green,B,Manhole,ERA5,Low
13.08247,77.596147,73.87,8.08,9.0,54.4,2,"Bengaluru, India",Ward H,SRTM_3arc,Water,C,CurbInlet,ERA5,Low
-34.53603,-58.514436,32.62,,95.0,42.0,2,"Buenos Aires, Argentina",Ward D,Copernicus_GLO-30_v2023,Industrial,A,CurbInlet,LocalGauge,Low
37.497128,126.989437,62.64,9.44,,78.2,10,"Seoul, South Korea",Sector 6,Copernicus_EEA-10_v5,Roads,C,CurbInlet,ERA5,Low
38.885243,-77.087806,,3.71,123.7,45.2,10,"Washington DC, USA",Borough Riverside,SRTM_1arc,Green,A,OpenChannel,IMD,Low
24.980003,121.560695,-0.11,4.18,22.6,18.3,5,"Taipei, Taiwan",Ward J,Copernicus_GLO-30_v2023,Green,C,Manhole,ERA5,Very High
6.454282,3.340342,14.03,2.91,73.3,33.1,2,"Lagos, Nigeria",Borough Delta,Copernicus_GLO-30_v2023,Residential,B,CurbInlet,ERA5,Moderate
-27.320437,152.90173,-3.0,,108.1,49.6,10,"Brisbane, Australia",Borough Central,Copernicus_GLO-30_v2023,Roads,D,GratedInlet,IMD,High
-1.302091,36.792789,71.88,,267.1,44.0,2,"Nairobi, Kenya",Zone VIII,Copernicus_GLO-90_v2022,Commercial,D,OpenChannel,LocalGauge,Low
24.922791,67.046273,118.81,3.09,,48.6,25,"Karachi, Pakistan",Ward G,SRTM_1arc,Residential,A,,Blended,Low
-29.835599,31.112207,25.54,4.61,123.7,23.1,5,"Durban, South Africa",Zone VIII,SRTM_1arc,Mixed,D,OpenChannel,ERA5,Low
14.565542,120.892138,-3.0,6.16,240.9,52.6,25,"Manila, Philippines",District 25,Copernicus_GLO-90_v2022,Residential,D,OpenChannel,ERA5,High
40.061779,-75.132898,32.51,10.62,38.9,36.5,5,"Philadelphia, USA",Sector 3,Copernicus_GLO-30_v2023,Industrial,A,Manhole,ERA5,Low
35.805944,51.429591,16.94,7.55,170.8,33.4,10,"Tehran, Iran",Borough Delta,SRTM_3arc,Mixed,C,OpenChannel,ERA5,Low
35.780564,139.724406,48.46,5.71,27.2,27.2,25,"Tokyo, Japan",Zone I,Copernicus_GLO-30_v2023,Residential,D,Manhole,ERA5,Low
23.253732,113.231547,16.05,5.68,463.2,118.5,50,"Guangzhou, China",Ward B,Copernicus_EEA-10_v5,Green,A,OpenChannel,LocalGauge,Moderate
45.622928,-73.570061,94.59,7.83,112.3,57.9,10,"Montreal, Canada",Ward E,SRTM_3arc,Residential,D,CurbInlet,LocalGauge,Low
19.382919,-99.093299,0.77,9.12,266.6,31.8,25,"Mexico City, Mexico",Borough South,SRTM_3arc,Commercial,C,OpenChannel,Blended,High
18.441224,73.898098,93.71,8.54,49.8,81.6,2,"Pune, India",Zone IV,Copernicus_GLO-30_v2023,Roads,A,Manhole,LocalGauge,Moderate
19.181069,72.951292,11.73,10.6,62.5,47.0,5,"Mumbai, India",Sector 14,Copernicus_GLO-30_v2023,Industrial,C,CurbInlet,,Low
31.179101,121.535345,-0.93,9.77,100.0,13.7,5,"Shanghai, China",Borough South,Copernicus_GLO-30_v2023,Roads,B,CurbInlet,IMD,High
-1.31365,36.782376,94.65,4.67,44.7,41.9,5,"Nairobi, Kenya",Sector 27,Copernicus_GLO-30_v2023,Roads,,CurbInlet,ERA5,Low
25.171765,51.583772,63.71,6.39,,7.6,10,"Doha, Qatar",Zone IX,SRTM_3arc,Roads,D,GratedInlet,LocalGauge,Low
19.565856,-99.11757,81.46,5.33,26.4,42.3,10,"Mexico City, Mexico",District 28,SRTM_3arc,Residential,A,GratedInlet,,Low
45.368058,-73.484158,25.55,3.33,86.1,31.2,2,"Montreal, Canada",District 28,Copernicus_GLO-30_v2023,Commercial,B,CurbInlet,IMD,Low
-12.039891,-77.090972,36.82,9.32,4.5,62.0,5,"Lima, Peru",Zone V,Copernicus_EEA-10_v5,Roads,B,CurbInlet,LocalGauge,Low
-29.865091,30.973531,29.75,9.13,20.4,57.3,50,"Durban, South Africa",Sector 10,Copernicus_GLO-30_v2023,Commercial,C,CurbInlet,LocalGauge,Low
18.444489,73.901304,42.25,7.77,188.4,23.7,2,"Pune, India",Sector 17,SRTM_3arc,Industrial,C,GratedInlet,ERA5,Low
45.398908,-73.649442,24.86,6.2,193.6,33.1,5,"Montreal, Canada",Zone VII,Copernicus_GLO-30_v2023,Roads,C,OpenChannel,ERA5,Low
28.550103,77.292346,33.38,,239.9,67.4,25,"Delhi, India",Zone II,Copernicus_EEA-10_v5,Institutional,D,CurbInlet,ERA5,Low
38.905521,-77.010384,,4.45,,91.3,10,"Washington DC, USA",Borough North,Copernicus_EEA-10_v5,Roads,C,CurbInlet,,Moderate
18.595732,73.828706,76.46,7.13,6.8,20.1,5,"Pune, India",Zone I,SRTM_3arc,Roads,B,Manhole,Blended,Low
13.11177,77.548232,30.77,7.81,17.1,20.5,2,"Bengaluru, India",Ward D,SRTM_1arc,Industrial,C,GratedInlet,IMD,Low
23.12439,72.639583,,,,57.3,2,"Ahmedabad, India",Sector 5,SRTM_1arc,Residential,C,CurbInlet,ERA5,Low
6.545532,3.527997,22.38,7.11,19.7,122.4,50,"Lagos, Nigeria",Borough Central,SRTM_3arc,Residential,A,CurbInlet,ERA5,Moderate
37.544612,126.921125,36.52,4.31,11.8,13.2,2,"Seoul, South Korea",District 17,SRTM_1arc,Residential,,Manhole,IMD,Low
48.748073,2.447986,42.08,10.43,308.4,42.2,100,"Paris, France",Ward D,SRTM_1arc,Roads,B,OpenChannel,IMD,Low
-33.94121,18.398241,9.66,5.21,86.0,29.6,25,"Cape Town, South Africa",District 19,SRTM_1arc,Industrial,B,GratedInlet,LocalGauge,Low
-23.604242,-46.749131,71.87,6.66,223.1,25.1,10,"Sao Paulo, Brazil",Sector 8,Copernicus_GLO-90_v2022,Green,A,GratedInlet,IMD,Low
6.499218,3.37778,14.56,6.07,56.4,54.3,10,"Lagos, Nigeria",Borough South,Copernicus_GLO-30_v2023,Commercial,A,CurbInlet,Blended,Low
-33.975397,18.381482,217.92,7.75,80.7,18.7,5,"Cape Town, South Africa",Sector 30,SRTM_1arc,Residential,D,CurbInlet,,Low
34.781139,135.702971,75.84,4.55,316.4,36.1,5,"Osaka, Japan",District 8,SRTM_1arc,Green,B,CurbInlet,IMD,Low
12.967102,77.489353,-3.0,3.28,,32.5,2,"Bengaluru, India",Ward I,Copernicus_GLO-30_v2023,Roads,B,OpenChannel,ERA5,High
1.327545,103.794893,18.22,6.75,18.9,33.7,50,"Singapore, Singapore",District 13,SRTM_3arc,Residential,,GratedInlet,Blended,Low
22.995238,72.572519,18.03,5.94,583.4,61.2,10,"Ahmedabad, India",Zone V,Copernicus_EEA-10_v5,Green,A,,,Low
23.877002,90.544941,85.99,3.37,375.4,135.8,50,"Dhaka, Bangladesh",Borough Delta,SRTM_1arc,Institutional,C,GratedInlet,ERA5,Moderate
25.278182,51.401339,54.52,6.13,1.2,12.0,2,"Doha, Qatar",Sector 20,SRTM_1arc,Commercial,A,CurbInlet,Blended,Low
55.65663,12.541055,2.38,7.92,330.0,30.0,5,"Copenhagen, Denmark",Borough Delta,SRTM_3arc,Roads,A,OpenChannel,ERA5,High
1.298644,103.760688,18.52,9.02,,83.7,100,"Singapore, Singapore",Zone VIII,SRTM_1arc,Roads,A,CurbInlet,ERA5,Moderate
23.025113,72.576207,30.91,7.66,175.0,46.7,10,"Ahmedabad, India",Ward H,SRTM_1arc,Residential,C,GratedInlet,ERA5,Low
38.90712,-77.071526,,6.23,94.4,18.8,5,"Washington DC, USA",Ward F,Copernicus_GLO-90_v2022,Commercial,C,Manhole,ERA5,Low
40.531515,-74.049273,28.53,10.78,94.7,15.1,5,"New York, USA",District 18,Copernicus_GLO-30_v2023,Roads,B,GratedInlet,Blended,Low
21.112174,105.827814,92.2,4.51,134.4,66.8,25,"Hanoi, Vietnam",Zone V,SRTM_1arc,Residential,B,CurbInlet,Blended,Low
-1.450604,36.964612,40.18,6.78,90.8,53.8,50,"Nairobi, Kenya",Sector 22,Copernicus_GLO-30_v2023,Commercial,B,GratedInlet,LocalGauge,Low
39.998389,-75.252837,24.57,6.37,21.0,41.8,2,"Philadelphia, USA",District 18,Copernicus_GLO-30_v2023,Commercial,C,Manhole,IMD,Low
-1.252707,36.910278,31.02,9.11,11.5,56.2,10,"Nairobi, Kenya",Ward C,Copernicus_EEA-10_v5,Roads,D,GratedInlet,Blended,Low
22.953456,72.641284,-3.0,7.98,86.8,21.3,25,"Ahmedabad, India",Sector 30,Copernicus_GLO-90_v2022,Residential,,OpenChannel,IMD,High
-22.92871,-43.132041,16.4,3.84,107.1,107.5,10,"Rio de Janeiro, Brazil",Sector 23,SRTM_1arc,Residential,C,OpenChannel,Blended,Moderate
23.274446,113.195713,,7.39,,113.0,100,"Guangzhou, China",Borough North,Copernicus_GLO-30_v2023,Residential,B,OpenChannel,IMD,Moderate
10.869942,106.584053,59.22,3.62,,98.5,50,"Ho Chi Minh City, Vietnam",Zone I,Copernicus_EEA-10_v5,Residential,A,GratedInlet,ERA5,Moderate
21.079761,105.862048,74.07,5.42,86.0,150.0,100,"Hanoi, Vietnam",Borough Delta,SRTM_3arc,Residential,,Manhole,Blended,Moderate
49.251744,-123.043218,31.22,8.0,79.8,38.4,25,"Vancouver, Canada",Zone III,SRTM_1arc,Water,D,GratedInlet,ERA5,Low
35.670953,51.498173,49.54,7.76,177.3,28.3,2,"Tehran, Iran",Zone I,Copernicus_GLO-30_v2023,Commercial,C,OpenChannel,LocalGauge,Low
-22.909294,-43.072448,22.14,2.99,204.7,102.3,100,"Rio de Janeiro, Brazil",Zone IX,SRTM_1arc,Water,,Manhole,Blended,Moderate
45.580423,-73.536849,-3.0,8.09,74.4,22.9,25,"Montreal, Canada",Ward C,SRTM_1arc,Roads,C,GratedInlet,ERA5,High
41.826744,12.727787,69.98,7.79,30.6,14.6,5,"Rome, Italy",Zone VII,SRTM_3arc,Residential,,,ERA5,Low
-23.412793,-46.641117,123.92,,91.8,54.4,5,"Sao Paulo, Brazil",Zone VIII,Copernicus_GLO-30_v2023,Roads,D,Manhole,ERA5,Low
38.102407,23.666691,12.62,3.13,199.9,40.5,5,"Athens, Greece",Ward C,SRTM_3arc,Green,C,OpenChannel,,Low
29.97508,-90.122542,16.77,6.96,15.8,40.6,5,"New Orleans, USA",Borough West,SRTM_1arc,Roads,B,CurbInlet,Blended,Low
-29.885025,31.146666,51.95,6.16,177.5,30.2,25,"Durban, South Africa",Borough Hillside,Copernicus_GLO-30_v2023,Industrial,C,CurbInlet,IMD,Low
24.798899,46.722769,101.09,2.78,,9.3,25,"Riyadh, Saudi Arabia",Zone V,SRTM_3arc,Institutional,B,GratedInlet,LocalGauge,Moderate
-6.063204,107.044783,-3.0,9.43,9.3,31.0,25,"Jakarta, Indonesia",Borough South,Copernicus_GLO-90_v2022,Commercial,C,CurbInlet,LocalGauge,High
55.655924,12.577613,14.51,3.24,6.5,59.6,50,"Copenhagen, Denmark",Ward G,SRTM_1arc,Residential,C,Manhole,,Low
-11.982429,-77.015782,-3.0,5.97,97.2,30.5,2,"Lima, Peru",Ward H,SRTM_3arc,Commercial,B,Manhole,IMD,High
35.760324,51.310389,-3.0,10.29,,20.1,50,"Tehran, Iran",Sector 11,Copernicus_EEA-10_v5,Commercial,C,OpenChannel,ERA5,High
-22.940979,-43.079946,13.42,4.6,86.2,78.5,10,"Rio de Janeiro, Brazil",Sector 13,SRTM_1arc,Industrial,B,CurbInlet,IMD,Low
25.721869,-80.299723,15.55,7.98,94.2,128.5,50,"Miami, USA",Ward I,Copernicus_EEA-10_v5,Residential,A,CurbInlet,ERA5,Moderate
-27.439625,153.102577,84.54,7.8,155.6,42.1,2,"Brisbane, Australia",Borough Hillside,Copernicus_EEA-10_v5,Residential,D,Manhole,,Low
-33.989784,151.199791,,7.08,27.7,12.3,2,"Sydney, Australia",Borough North,Copernicus_GLO-30_v2023,Residential,C,Manhole,Blended,Low
49.156524,-123.204919,11.87,5.09,119.9,42.6,2,"Vancouver, Canada",Sector 21,Copernicus_GLO-30_v2023,Industrial,A,CurbInlet,LocalGauge,Low
1.310383,103.920371,0.77,6.04,155.8,36.9,2,"Singapore, Singapore",Sector 5,SRTM_1arc,Green,C,OpenChannel,LocalGauge,High
25.032737,121.627418,100.61,9.04,41.6,20.8,10,"Taipei, Taiwan",Sector 4,SRTM_1arc,Roads,D,CurbInlet,IMD,Low
-23.030736,-43.153495,10.99,4.45,156.4,38.1,25,"Rio de Janeiro, Brazil",Sector 24,SRTM_1arc,Green,D,GratedInlet,ERA5,Low
35.466197,51.407031,37.51,7.76,45.7,31.9,50,"Tehran, Iran",Borough Hillside,SRTM_1arc,Commercial,C,OpenChannel,,Low
34.706225,135.34055,88.82,4.78,,31.2,2,"Osaka, Japan",Zone X,Copernicus_GLO-30_v2023,Residential,A,CurbInlet,ERA5,Low
40.191083,-75.061504,12.93,,111.7,17.5,10,"Philadelphia, USA",Ward E,Copernicus_EEA-10_v5,Residential,A,Manhole,Blended,Low
4.65572,-74.198345,107.59,7.97,107.7,44.7,2,"Bogotá, Colombia",Zone V,Copernicus_EEA-10_v5,Residential,A,GratedInlet,,Low
4.742938,-74.125047,-3.0,2.96,5.7,38.6,5,"Bogotá, Colombia",Borough East,Copernicus_GLO-30_v2023,Residential,B,GratedInlet,ERA5,High
51.487492,-0.095379,45.69,7.38,11.8,22.4,10,"London, UK",Sector 9,SRTM_1arc,Residential,D,Manhole,IMD,Low
29.86551,-95.374103,42.48,7.04,65.4,34.8,50,"Houston, USA",District 23,SRTM_3arc,Residential,B,CurbInlet,,Low
24.827604,121.630241,-3.0,4.29,,26.9,50,"Taipei, Taiwan",Zone VIII,Copernicus_EEA-10_v5,Roads,C,Manhole,ERA5,High
51.392913,-0.14086,69.38,4.2,60.5,16.9,5,"London, UK",Zone V,SRTM_3arc,Residential,A,Manhole,Blended,Low
51.878536,4.411624,13.68,2.48,48.0,53.9,10,"Rotterdam, Netherlands",Zone V,Copernicus_EEA-10_v5,Residential,D,CurbInlet,ERA5,Moderate
18.518432,73.960971,47.81,4.31,30.8,25.8,10,"Pune, India",District 25,Copernicus_GLO-30_v2023,Roads,D,CurbInlet,ERA5,Low
28.589648,77.197997,93.2,4.04,669.5,19.7,50,"Delhi, India",Ward K,Copernicus_EEA-10_v5,Residential,B,,ERA5,Low
19.508593,-99.127515,95.63,3.23,178.5,15.8,10,"Mexico City, Mexico",District 10,SRTM_1arc,Commercial,,OpenChannel,ERA5,Low
29.817758,-95.350056,28.07,7.13,19.8,36.4,2,"Houston, USA",Sector 21,Copernicus_GLO-30_v2023,Roads,C,Manhole,,Low
4.667515,-74.123444,90.61,9.67,99.8,17.1,100,"Bogotá, Colombia",District 30,Copernicus_GLO-30_v2023,Roads,B,Manhole,LocalGauge,Low
-12.063188,-77.08842,48.13,7.45,84.0,27.0,25,"Lima, Peru",Zone I,Copernicus_GLO-90_v2022,Commercial,A,GratedInlet,ERA5,Low
48.970684,2.446874,61.18,7.02,113.8,23.0,100,"Paris, France",Borough South,Copernicus_GLO-30_v2023,Commercial,C,CurbInlet,ERA5,Low
10.799522,106.466662,1.22,9.48,76.1,52.0,25,"Ho Chi Minh City, Vietnam",District 12,Copernicus_GLO-30_v2023,Roads,A,GratedInlet,ERA5,High
53.501247,9.925655,22.17,3.26,137.3,10.5,2,"Hamburg, Germany",District 9,Copernicus_GLO-30_v2023,Roads,D,CurbInlet,IMD,Low
34.71992,135.496941,128.37,6.61,375.6,26.5,2,"Osaka, Japan",Borough Harbor,Copernicus_GLO-90_v2022,Green,B,CurbInlet,LocalGauge,Low
6.558432,3.328856,11.48,4.37,95.3,97.2,5,"Lagos, Nigeria",Zone VIII,Copernicus_GLO-30_v2023,Roads,A,Manhole,Blended,Moderate
39.899265,-75.183478,63.78,4.5,74.9,29.1,5,"Philadelphia, USA",District 13,Copernicus_GLO-30_v2023,Green,A,OpenChannel,IMD,Low
51.943671,4.492108,6.65,9.08,88.9,9.0,5,"Rotterdam, Netherlands",Sector 6,SRTM_1arc,Roads,A,Manhole,Blended,High
-36.788851,174.681236,33.09,6.57,80.6,35.3,10,"Auckland, New Zealand",Sector 2,Copernicus_GLO-30_v2023,Commercial,A,Manhole,,Low
13.00686,77.641121,26.79,5.22,253.6,16.9,5,"Bengaluru, India",Ward E,SRTM_1arc,Institutional,C,CurbInlet,ERA5,Low
6.588569,3.186932,9.95,,110.6,42.3,100,"Lagos, Nigeria",District 12,Copernicus_EEA-10_v5,Green,,CurbInlet,IMD,Low
40.701315,-73.886377,111.04,5.43,126.7,28.0,2,"New York, USA",Borough West,Copernicus_GLO-30_v2023,Roads,B,CurbInlet,,Low
24.626105,46.649479,60.75,5.88,52.8,15.8,5,"Riyadh, Saudi Arabia",Borough Riverside,Copernicus_GLO-30_v2023,Roads,D,Manhole,Blended,Low
14.574304,120.856532,-2.74,2.74,153.4,128.2,50,"Manila, Philippines",Sector 1,SRTM_1arc,Residential,C,Manhole,Blended,Very High
5.530227,-0.109746,5.1,,51.2,120.4,10,"Accra, Ghana",Zone IX,SRTM_3arc,Industrial,D,GratedInlet,LocalGauge,High
28.554005,77.273017,65.78,5.69,200.0,62.3,5,"Delhi, India",Zone IX,SRTM_3arc,Green,A,Manhole,LocalGauge,Low
22.265738,113.972914,4.79,,251.3,43.4,10,"Hong Kong, China",Zone V,Copernicus_EEA-10_v5,Roads,A,,,High
10.848181,106.647658,4.01,4.98,66.8,63.3,5,"Ho Chi Minh City, Vietnam",Zone III,Copernicus_GLO-30_v2023,Water,D,OpenChannel,IMD,High
-22.961825,-43.159953,17.77,7.69,154.7,38.8,50,"Rio de Janeiro, Brazil",Borough East,Copernicus_EEA-10_v5,Roads,B,OpenChannel,LocalGauge,Low
-29.813867,31.005755,-3.0,8.59,128.0,23.3,2,"Durban, South Africa",Sector 8,Copernicus_GLO-30_v2023,Roads,B,OpenChannel,LocalGauge,High
29.75768,-95.311675,-3.0,,162.7,34.8,5,"Houston, USA",District 8,Copernicus_GLO-90_v2022,Mixed,C,OpenChannel,Blended,High
38.921384,-77.040353,67.3,2.73,100.2,28.3,5,"Washington DC, USA",Ward B,SRTM_3arc,Residential,A,CurbInlet,LocalGauge,Very High
5.531183,-0.107577,17.33,5.27,394.9,114.3,100,"Accra, Ghana",Borough South,SRTM_1arc,Green,D,GratedInlet,Blended,Very High
37.94359,23.748992,77.62,2.45,37.8,11.8,2,"Athens, Greece",Ward C,Copernicus_GLO-90_v2022,Residential,B,Manhole,IMD,Moderate
19.053484,72.935807,-1.56,5.54,96.6,49.5,5,"Mumbai, India",Zone I,SRTM_1arc,Residential,D,GratedInlet,IMD,Very High
-12.123372,-77.197319,18.55,5.22,43.2,24.3,2,"Lima, Peru",Zone VI,Copernicus_GLO-30_v2023,Commercial,D,CurbInlet,,Low
37.591017,126.890098,73.77,4.02,23.6,24.4,25,"Seoul, South Korea",Borough West,Copernicus_GLO-30_v2023,Green,D,CurbInlet,ERA5,Low
28.55417,77.109228,11.37,7.71,246.5,24.1,50,"Delhi, India",Ward J,Copernicus_GLO-30_v2023,Green,D,OpenChannel,LocalGauge,Low
-36.813056,174.879812,73.17,9.22,,38.7,2,"Auckland, New Zealand",Borough East,SRTM_3arc,Industrial,D,Manhole,ERA5,Low
37.666963,126.854665,31.44,7.97,44.2,18.3,50,"Seoul, South Korea",Sector 12,SRTM_3arc,Residential,C,GratedInlet,IMD,Low
-33.869565,18.323569,40.75,5.44,14.4,54.6,10,"Cape Town, South Africa",Sector 21,Copernicus_GLO-30_v2023,Industrial,B,GratedInlet,ERA5,Low
28.589878,77.089514,16.93,10.72,39.8,45.6,50,"Delhi, India",District 1,Copernicus_GLO-90_v2022,Roads,D,CurbInlet,ERA5,Low
6.938703,79.797244,22.39,4.59,148.0,100.4,10,"Colombo, Sri Lanka",Zone III,SRTM_3arc,Commercial,B,Manhole,ERA5,Moderate
20.838047,105.82584,25.14,5.41,20.7,57.9,10,"Hanoi, Vietnam",Borough Delta,Copernicus_EEA-10_v5,Commercial,A,GratedInlet,ERA5,Low
45.627042,-73.481711,17.13,2.69,,40.6,5,"Montreal, Canada",Borough Harbor,SRTM_1arc,Green,B,CurbInlet,Blended,Very High
45.478258,-73.443574,7.4,,83.3,67.3,25,"Montreal, Canada",Ward G,SRTM_1arc,Roads,B,Manhole,LocalGauge,High
3.239758,101.615626,-3.0,,58.8,67.1,50,"Kuala Lumpur, Malaysia",Ward D,Copernicus_EEA-10_v5,Mixed,,Manhole,ERA5,Very High
1.289656,103.868752,0.69,6.32,190.7,77.8,25,"Singapore, Singapore",Sector 17,Copernicus_GLO-90_v2022,Institutional,C,GratedInlet,ERA5,High
52.480152,4.750103,1.61,8.26,363.5,42.8,10,"Amsterdam, Netherlands",District 20,SRTM_1arc,Residential,B,,LocalGauge,High
55.656409,12.544991,22.02,8.88,3.2,23.3,2,"Copenhagen, Denmark",Zone III,SRTM_1arc,Mixed,C,CurbInlet,IMD,Low
23.100364,72.532959,,5.84,39.2,31.5,5,"Ahmedabad, India",Ward K,Copernicus_EEA-10_v5,Mixed,A,CurbInlet,Blended,Low
23.190183,113.263792,3.69,7.21,223.2,123.6,50,"Guangzhou, China",Ward E,Copernicus_GLO-30_v2023,Informal,A,Manhole,ERA5,High
40.847709,-73.929738,22.26,7.33,183.4,39.8,5,"New York, USA",Sector 3,SRTM_1arc,Water,D,GratedInlet,LocalGauge,Low
18.558175,73.859541,53.12,6.98,50.9,33.7,100,"Pune, India",District 27,Copernicus_GLO-30_v2023,Residential,B,OpenChannel,ERA5,Low
35.842917,51.519429,73.72,4.76,71.4,26.7,25,"Tehran, Iran",Ward K,Copernicus_GLO-90_v2022,Green,D,GratedInlet,Blended,Low
10.777637,106.782703,43.25,6.97,145.2,37.8,10,"Ho Chi Minh City, Vietnam",Zone III,SRTM_3arc,Commercial,B,Manhole,ERA5,Low
19.395111,-99.043339,66.2,7.49,58.1,17.5,5,"Mexico City, Mexico",Sector 10,SRTM_3arc,Commercial,D,CurbInlet,ERA5,Low
3.194319,101.775924,75.09,9.63,95.2,65.3,10,"Kuala Lumpur, Malaysia",Ward E,Copernicus_GLO-30_v2023,Commercial,B,CurbInlet,LocalGauge,Low
22.524951,88.245619,75.79,8.47,,32.8,5,"Kolkata, India",Ward A,SRTM_1arc,Residential,C,Manhole,ERA5,Low
53.567635,10.066549,55.98,5.95,153.9,21.3,100,"Hamburg, Germany",Zone II,Copernicus_EEA-10_v5,Roads,D,Manhole,LocalGauge,Low
30.103148,-90.102158,26.17,7.55,76.3,52.5,10,"New Orleans, USA",District 10,SRTM_1arc,Industrial,A,GratedInlet,Blended,Low
23.105725,72.513514,60.41,,296.0,65.7,5,"Ahmedabad, India",Zone VII,SRTM_1arc,Green,B,CurbInlet,ERA5,Low
45.421337,-73.534383,26.62,9.11,40.4,67.2,5,"Montreal, Canada",District 5,Copernicus_GLO-30_v2023,Industrial,A,CurbInlet,Blended,Low
48.955724,2.320675,53.76,7.82,73.7,78.0,2,"Paris, France",Sector 25,Copernicus_GLO-90_v2022,Roads,C,GratedInlet,LocalGauge,Low
19.030918,72.769868,4.03,9.02,75.5,46.3,25,"Mumbai, India",Borough South,SRTM_1arc,Industrial,A,CurbInlet,ERA5,High
25.276718,55.263327,95.2,5.88,17.0,32.3,5,"Dubai, UAE",Ward I,SRTM_1arc,Roads,,GratedInlet,Blended,Low
38.73279,-77.120224,18.37,4.51,113.5,86.2,10,"Washington DC, USA",Zone II,SRTM_3arc,Residential,,OpenChannel,LocalGauge,Moderate
29.813646,-95.233863,7.89,8.83,76.0,28.9,5,"Houston, USA",Sector 1,SRTM_3arc,Commercial,A,CurbInlet,ERA5,High
13.0231,77.50874,36.71,4.07,41.4,50.5,10,"Bengaluru, India",Borough East,Copernicus_GLO-30_v2023,Residential,C,GratedInlet,IMD,Low
14.598787,121.021471,1.5,7.11,183.2,128.3,50,"Manila, Philippines",Borough East,SRTM_3arc,Mixed,C,Manhole,LocalGauge,High
29.730219,-95.362023,47.66,2.69,133.5,67.5,10,"Houston, USA",Ward B,Copernicus_GLO-30_v2023,Residential,C,Manhole,LocalGauge,Moderate
53.532784,9.927489,27.27,5.98,87.8,38.3,10,"Hamburg, Germany",District 13,SRTM_1arc,Residential,,Manhole,Blended,Low
51.977057,4.681578,11.32,4.92,355.1,46.3,10,"Rotterdam, Netherlands",Ward D,Copernicus_GLO-30_v2023,Green,C,Manhole,LocalGauge,Low
29.655431,-95.452687,,3.12,45.1,41.4,2,"Houston, USA",Zone I,Copernicus_GLO-30_v2023,Residential,B,OpenChannel,ERA5,Low
55.792493,12.595107,29.31,6.04,114.7,19.1,2,"Copenhagen, Denmark",Ward E,Copernicus_EEA-10_v5,Residential,B,CurbInlet,ERA5,Low
6.581624,3.404093,2.24,10.13,13.1,83.5,5,"Lagos, Nigeria",District 23,Copernicus_GLO-30_v2023,Commercial,B,CurbInlet,LocalGauge,High
29.961299,-90.041153,25.26,4.98,422.4,20.7,25,"New Orleans, USA",District 28,SRTM_3arc,Industrial,,OpenChannel,ERA5,Low
22.62473,88.397208,156.42,9.3,52.3,25.7,5,"Kolkata, India",Borough East,Copernicus_EEA-10_v5,Roads,A,Manhole,Blended,Low
5.576077,-0.221677,0.64,4.29,33.5,55.6,5,"Accra, Ghana",Sector 16,Copernicus_GLO-30_v2023,Residential,C,CurbInlet,ERA5,High
13.710087,100.537363,12.06,6.09,80.4,51.0,50,"Bangkok, Thailand",Sector 27,Copernicus_EEA-10_v5,Residential,D,GratedInlet,IMD,Low
-29.972456,30.935897,14.47,6.57,11.1,43.8,25,"Durban, South Africa",District 1,Copernicus_GLO-30_v2023,Roads,D,Manhole,IMD,Low
10.74888,106.610324,1.64,6.6,71.3,72.1,10,"Ho Chi Minh City, Vietnam",Ward J,SRTM_1arc,Residential,B,GratedInlet,LocalGauge,Very High
20.984998,105.793996,33.21,8.38,31.6,79.6,25,"Hanoi, Vietnam",Borough Delta,Copernicus_GLO-90_v2022,Residential,,GratedInlet,LocalGauge,Low
51.896085,4.537465,7.22,2.92,450.9,29.5,5,"Rotterdam, Netherlands",District 30,SRTM_1arc,Green,C,Manhole,ERA5,Very High
37.607279,126.95479,52.59,5.63,54.0,28.7,2,"Seoul, South Korea",District 4,Copernicus_GLO-30_v2023,Residential,,Manhole,ERA5,Low
35.716023,51.31253,48.79,7.41,257.9,32.7,100,"Tehran, Iran",Sector 15,SRTM_1arc,Residential,C,OpenChannel,ERA5,Low
31.298564,121.512569,4.33,6.28,71.3,32.3,10,"Shanghai, China",Sector 17,Copernicus_GLO-90_v2022,Industrial,D,CurbInlet,LocalGauge,Very High
-33.844097,151.27071,2.41,7.21,140.7,62.7,2,"Sydney, Australia",District 14,SRTM_3arc,Green,B,CurbInlet,ERA5,High
40.732751,-74.09645,,10.44,58.3,19.9,10,"New York, USA",Zone V,Copernicus_GLO-30_v2023,Roads,C,GratedInlet,ERA5,Low
37.884557,23.855637,20.83,8.65,63.5,17.2,2,"Athens, Greece",Sector 23,SRTM_3arc,Industrial,D,GratedInlet,IMD,Low
28.607356,77.074451,14.05,6.76,53.4,42.3,10,"Delhi, India",Ward F,Copernicus_EEA-10_v5,Residential,D,GratedInlet,LocalGauge,Low
41.921145,12.589443,38.77,2.45,98.2,40.7,2,"Rome, Italy",Ward K,SRTM_3arc,Residential,C,OpenChannel,ERA5,Moderate
34.636156,135.479616,139.1,7.57,9.7,50.4,10,"Osaka, Japan",Sector 21,SRTM_3arc,Roads,D,Manhole,Blended,Low
25.013442,121.646087,,3.29,1.0,36.8,10,"Taipei, Taiwan",Borough Old Town,SRTM_3arc,Institutional,D,CurbInlet,ERA5,Low
19.416895,-99.295304,65.87,,59.8,33.3,10,"Mexico City, Mexico",Ward E,SRTM_3arc,Roads,A,Manhole,Blended,Low
31.157784,121.388674,4.54,10.87,21.3,22.1,5,"Shanghai, China",Borough Delta,SRTM_1arc,Roads,D,Manhole,IMD,High
-22.762592,-43.178002,-3.0,5.28,425.2,70.3,100,"Rio de Janeiro, Brazil",District 17,SRTM_1arc,Residential,A,,ERA5,High
25.7595,-80.078609,6.41,6.26,123.3,98.1,10,"Miami, USA",Ward G,SRTM_3arc,Roads,,Manhole,Blended,High
35.671601,139.694373,84.33,6.09,93.2,28.6,5,"Tokyo, Japan",District 19,SRTM_3arc,Commercial,C,Manhole,ERA5,Low
22.499264,88.376078,-0.13,9.11,9.0,39.1,2,"Kolkata, India",District 25,Copernicus_GLO-30_v2023,Industrial,C,GratedInlet,,High
53.553825,9.938372,20.2,10.25,114.4,51.2,2,"Hamburg, Germany",District 12,Copernicus_GLO-30_v2023,Industrial,D,OpenChannel,ERA5,Low
39.951422,-75.103214,26.34,5.72,112.1,39.1,5,"Philadelphia, USA",District 22,Copernicus_GLO-90_v2022,Residential,B,,LocalGauge,Low
23.12503,72.414632,32.27,5.73,142.9,36.7,50,"Ahmedabad, India",Sector 7,Copernicus_EEA-10_v5,Water,A,CurbInlet,ERA5,Low
-12.038787,-77.053968,22.92,6.07,30.1,32.6,2,"Lima, Peru",Ward E,Copernicus_EEA-10_v5,Residential,C,CurbInlet,ERA5,Low
41.033551,28.926608,21.93,5.01,283.4,19.8,5,"Istanbul, Türkiye",Borough Old Town,Copernicus_GLO-30_v2023,Commercial,C,OpenChannel,ERA5,Low
37.705077,-122.446063,159.94,10.43,9.5,55.8,10,"San Francisco, USA",Borough Riverside,Copernicus_GLO-30_v2023,Industrial,,CurbInlet,Blended,Low
52.011709,4.585678,18.34,4.94,66.7,22.4,10,"Rotterdam, Netherlands",District 3,SRTM_1arc,Residential,B,GratedInlet,Blended,Low
18.483454,73.870442,-3.0,5.59,103.7,24.9,2,"Pune, India",District 14,Copernicus_EEA-10_v5,Commercial,,CurbInlet,LocalGauge,Very High
55.66426,12.683527,-3.0,6.48,188.5,34.2,100,"Copenhagen, Denmark",District 9,Copernicus_GLO-30_v2023,Residential,A,,ERA5,High
19.178037,72.814167,3.84,6.57,23.3,64.7,5,"Mumbai, India",Ward E,Copernicus_GLO-30_v2023,Roads,B,Manhole,Blended,High
-29.732636,31.038956,-3.0,5.38,338.4,23.8,5,"Durban, South Africa",District 6,SRTM_3arc,Industrial,D,,LocalGauge,Very High
17.420186,78.463747,-3.0,1.77,278.3,57.5,5,"Hyderabad, India",District 10,SRTM_1arc,Green,A,GratedInlet,LocalGauge,Very High
29.873484,-90.243268,2.81,5.65,31.4,17.4,5,"New Orleans, USA",Ward H,SRTM_1arc,Mixed,,Manhole,,High
13.709017,100.507196,15.98,6.08,152.2,53.1,10,"Bangkok, Thailand",Borough Hillside,SRTM_1arc,Commercial,,OpenChannel,ERA5,Low
37.808526,-122.353819,,5.32,163.5,21.0,10,"San Francisco, USA",Zone VII,SRTM_3arc,Commercial,A,OpenChannel,Blended,Low
37.636326,127.088438,,,157.9,23.1,5,"Seoul, South Korea",Ward J,Copernicus_EEA-10_v5,Green,A,CurbInlet,ERA5,Low
41.09238,28.962201,33.16,8.68,29.9,23.1,50,"Istanbul, Türkiye",Borough North,SRTM_1arc,Industrial,B,CurbInlet,ERA5,Low
38.065388,23.760612,104.2,5.44,84.2,38.0,5,"Athens, Greece",Sector 5,Copernicus_EEA-10_v5,Residential,D,CurbInlet,ERA5,Low
-34.642663,-58.306603,46.5,5.78,118.8,31.0,2,"Buenos Aires, Argentina",Borough South,SRTM_1arc,Residential,C,OpenChannel,,Low
7.011328,79.850977,17.26,1.27,,106.3,50,"Colombo, Sri Lanka",Ward B,SRTM_1arc,Green,C,Manhole,ERA5,Very High
14.495739,120.866239,21.8,10.04,75.2,35.5,2,"Manila, Philippines",Borough Harbor,SRTM_3arc,Roads,A,,ERA5,Low
-6.248436,106.907974,19.34,5.83,9.4,150.0,10,"Jakarta, Indonesia",Sector 6,Copernicus_GLO-30_v2023,Commercial,C,Manhole,ERA5,High
55.679103,12.655321,49.77,4.37,126.8,28.8,2,"Copenhagen, Denmark",District 30,SRTM_1arc,Residential,D,OpenChannel,LocalGauge,Low
35.719516,51.360785,52.45,5.49,11.1,31.9,10,"Tehran, Iran",Sector 25,SRTM_3arc,Roads,C,GratedInlet,ERA5,Low
25.332858,55.278027,73.98,4.4,13.4,24.8,5,"Dubai, UAE",Sector 17,SRTM_3arc,Residential,C,Manhole,Blended,Low
6.445914,3.253808,4.26,4.4,189.0,90.3,10,"Lagos, Nigeria",Sector 30,Copernicus_EEA-10_v5,Residential,D,OpenChannel,Blended,High
37.923941,23.682558,38.94,4.82,239.4,47.5,5,"Athens, Greece",Sector 2,Copernicus_EEA-10_v5,Industrial,C,,,Low
-6.404861,106.854658,10.13,11.2,95.8,100.0,10,"Jakarta, Indonesia",Ward B,Copernicus_EEA-10_v5,Commercial,D,CurbInlet,Blended,Moderate
52.317719,4.912471,1.95,6.05,91.3,31.8,5,"Amsterdam, Netherlands",Sector 29,Copernicus_GLO-30_v2023,Water,B,Manhole,ERA5,High
35.658394,51.419027,46.63,5.07,114.7,22.8,2,"Tehran, Iran",Ward F,SRTM_3arc,Industrial,D,OpenChannel,Blended,Low
-29.789305,31.111326,82.42,9.76,136.8,19.9,50,"Durban, South Africa",Sector 15,SRTM_3arc,Industrial,C,CurbInlet,ERA5,Low
12.985047,77.685976,35.72,6.56,31.4,27.6,5,"Bengaluru, India",District 27,SRTM_1arc,Residential,C,CurbInlet,ERA5,Low
29.648231,-95.358413,31.89,6.69,29.0,28.5,5,"Houston, USA",Sector 1,SRTM_3arc,Commercial,B,GratedInlet,ERA5,Low
23.820184,90.439925,,3.66,124.7,84.1,100,"Dhaka, Bangladesh",Ward H,SRTM_3arc,Commercial,B,GratedInlet,LocalGauge,Moderate
41.031168,28.913134,11.93,7.73,,32.3,5,"Istanbul, Türkiye",Ward I,Copernicus_GLO-90_v2022,Roads,,GratedInlet,LocalGauge,Low
37.552345,126.837409,16.7,5.32,54.2,30.9,2,"Seoul, South Korea",Zone VI,Copernicus_GLO-90_v2022,Roads,C,CurbInlet,ERA5,Low
3.098342,101.677339,82.01,2.73,159.9,96.8,100,"Kuala Lumpur, Malaysia",Ward H,SRTM_1arc,Residential,D,GratedInlet,,Moderate
-1.269547,36.910111,-0.06,4.64,38.9,37.5,100,"Nairobi, Kenya",District 19,Copernicus_EEA-10_v5,Residential,C,Manhole,ERA5,Very High
48.71189,2.261193,10.47,6.01,88.4,34.3,25,"Paris, France",Ward C,Copernicus_EEA-10_v5,Industrial,B,CurbInlet,ERA5,Low
22.756379,88.4107,27.66,4.05,130.9,35.8,2,"Kolkata, India",Borough Old Town,SRTM_1arc,Mixed,D,Manhole,,Low
22.29327,114.118646,,7.64,118.0,48.9,50,"Hong Kong, China",Borough Old Town,Copernicus_GLO-30_v2023,Industrial,A,OpenChannel,LocalGauge,Low
38.794122,-77.13992,49.63,10.48,138.8,40.1,5,"Washington DC, USA",District 26,Copernicus_EEA-10_v5,Roads,D,GratedInlet,ERA5,Low
38.851024,-76.867765,56.85,2.87,297.9,33.7,5,"Washington DC, USA",Borough East,SRTM_1arc,Water,B,GratedInlet,ERA5,Very High
3.123256,101.795297,23.58,,53.2,74.2,50,"Kuala Lumpur, Malaysia",District 10,SRTM_1arc,Commercial,B,GratedInlet,ERA5,Low
37.92124,23.714814,22.53,10.12,118.8,23.3,5,"Athens, Greece",District 19,Copernicus_EEA-10_v5,Roads,D,CurbInlet,ERA5,Low
41.535835,2.001861,6.66,2.65,46.8,40.0,10,"Barcelona, Spain",District 8,SRTM_3arc,Institutional,B,OpenChannel,ERA5,Very High
18.404767,73.873499,68.24,7.02,88.7,27.5,2,"Pune, India",District 26,Copernicus_GLO-90_v2022,Residential,,CurbInlet,ERA5,Low
51.51482,-0.008762,71.69,5.36,59.3,46.5,2,"London, UK",Borough Delta,SRTM_1arc,Green,C,Manhole,Blended,Low
48.735647,2.343678,40.94,2.53,455.4,73.6,50,"Paris, France",Ward A,SRTM_3arc,Green,B,,IMD,Moderate
18.472422,73.820579,17.61,7.49,83.3,47.8,5,"Pune, India",Sector 20,Copernicus_EEA-10_v5,Roads,C,GratedInlet,IMD,Low
48.945425,2.275365,112.67,8.36,180.7,40.3,5,"Paris, France",Zone X,SRTM_1arc,Green,A,CurbInlet,LocalGauge,Low
29.848178,-95.535065,7.4,6.99,71.4,28.0,25,"Houston, USA",Borough East,SRTM_3arc,Industrial,,GratedInlet,ERA5,High
49.311273,-123.105547,11.01,3.65,46.9,15.1,2,"Vancouver, Canada",Ward I,Copernicus_EEA-10_v5,Informal,,GratedInlet,ERA5,Low
5.566416,-0.243285,11.81,4.1,,35.1,5,"Accra, Ghana",District 24,SRTM_3arc,Residential,A,Manhole,IMD,Low
23.810092,90.526597,14.0,6.56,110.0,66.6,100,"Dhaka, Bangladesh",Borough Central,Copernicus_GLO-30_v2023,Residential,C,OpenChannel,ERA5,Low
23.045571,113.279189,29.69,9.38,104.5,37.1,5,"Guangzhou, China",Zone I,Copernicus_GLO-30_v2023,Roads,D,Manhole,ERA5,Low
-6.22689,106.836414,18.31,6.53,50.1,83.5,25,"Jakarta, Indonesia",District 24,Copernicus_GLO-30_v2023,Industrial,,GratedInlet,Blended,Moderate
51.853171,4.515253,25.87,3.54,9.4,31.0,25,"Rotterdam, Netherlands",District 15,Copernicus_GLO-30_v2023,Residential,C,Manhole,ERA5,Low
14.500306,120.995506,10.3,3.08,43.5,54.5,50,"Manila, Philippines",Ward J,Copernicus_GLO-90_v2022,Residential,D,Manhole,ERA5,Very High
22.602368,114.056033,5.82,9.99,,66.9,50,"Shenzhen, China",Borough South,Copernicus_GLO-30_v2023,Commercial,C,GratedInlet,Blended,High
-27.497276,153.009722,63.61,5.62,61.0,40.3,2,"Brisbane, Australia",Ward D,SRTM_3arc,Mixed,D,CurbInlet,ERA5,Low
25.872394,-80.174937,16.12,4.84,291.5,51.4,25,"Miami, USA",Zone V,Copernicus_EEA-10_v5,Residential,A,OpenChannel,IMD,Low
38.066051,23.766191,-3.0,6.17,241.6,28.4,5,"Athens, Greece",Sector 3,SRTM_1arc,Green,A,OpenChannel,ERA5,High
24.831962,66.940097,53.28,3.37,90.0,36.7,5,"Karachi, Pakistan",Sector 5,Copernicus_GLO-90_v2022,Green,,Manhole,,Low
23.715517,90.482345,-3.0,8.7,92.6,150.0,10,"Dhaka, Bangladesh",Sector 13,SRTM_3arc,Commercial,D,Manhole,IMD,Very High
-11.968237,-76.92271,60.83,6.79,,38.9,10,"Lima, Peru",District 22,Copernicus_EEA-10_v5,Mixed,C,CurbInlet,Blended,Low
23.102673,113.162414,6.52,10.2,68.3,22.5,10,"Guangzhou, China",Zone X,Copernicus_GLO-30_v2023,Roads,C,CurbInlet,ERA5,High
-22.878018,-43.182914,10.82,3.08,3.6,65.6,2,"Rio de Janeiro, Brazil",Ward B,Copernicus_EEA-10_v5,Green,B,Manhole,ERA5,Low
39.912802,-75.200918,50.87,7.7,,60.0,50,"Philadelphia, USA",Borough Riverside,SRTM_1arc,Commercial,B,GratedInlet,LocalGauge,Low
22.38575,114.141657,2.07,11.13,,44.5,25,"Hong Kong, China",Borough West,Copernicus_EEA-10_v5,Industrial,D,GratedInlet,Blended,High
37.904855,23.685208,158.42,3.01,205.7,53.4,10,"Athens, Greece",Sector 5,Copernicus_EEA-10_v5,Green,C,Manhole,LocalGauge,Low
53.563724,10.089944,120.7,6.79,32.1,27.5,25,"Hamburg, Germany",Ward J,Copernicus_EEA-10_v5,Commercial,B,CurbInlet,ERA5,Low
-6.292859,106.945094,11.09,5.21,80.4,46.8,5,"Jakarta, Indonesia",Borough Old Town,SRTM_1arc,Industrial,B,GratedInlet,Blended,Low
37.498516,127.011277,35.55,3.05,271.2,30.6,50,"Seoul, South Korea",District 27,Copernicus_GLO-30_v2023,Green,B,OpenChannel,ERA5,Low
40.634051,-73.796026,34.45,8.33,105.7,37.5,10,"New York, USA",Sector 24,Copernicus_GLO-90_v2022,Residential,C,CurbInlet,ERA5,Low
29.986081,-90.168808,19.31,8.41,38.4,35.4,10,"New Orleans, USA",Sector 23,SRTM_1arc,Roads,B,CurbInlet,Blended,Low
22.30233,114.098595,7.88,5.82,668.1,64.0,10,"Hong Kong, China",Zone VI,SRTM_1arc,Roads,A,,Blended,High
19.048205,72.85632,-3.0,1.45,278.3,93.7,50,"Mumbai, India",Ward I,Copernicus_GLO-30_v2023,Water,D,Manhole,Blended,Very High
-33.812391,151.156029,15.67,8.82,3.2,29.8,2,"Sydney, Australia",Sector 27,SRTM_3arc,Residential,B,Manhole,LocalGauge,Low
6.909988,79.968872,1.49,8.93,47.7,70.3,50,"Colombo, Sri Lanka",Sector 1,SRTM_3arc,Roads,C,GratedInlet,Blended,High
10.905315,106.654806,32.08,4.77,312.5,44.5,100,"Ho Chi Minh City, Vietnam",District 21,Copernicus_GLO-90_v2022,Institutional,C,Manhole,ERA5,Low
34.757508,135.520451,-3.0,7.05,86.1,28.6,5,"Osaka, Japan",Borough Hillside,Copernicus_EEA-10_v5,Roads,C,CurbInlet,LocalGauge,High
25.300189,51.603857,9.96,7.04,52.1,13.9,2,"Doha, Qatar",District 6,Copernicus_GLO-30_v2023,Roads,,Manhole,ERA5,Low
37.761364,-122.359514,99.47,,374.8,48.0,25,"San Francisco, USA",District 23,Copernicus_EEA-10_v5,Roads,,,ERA5,Low
22.546397,88.292267,9.96,4.7,90.8,16.7,5,"Kolkata, India",Borough Delta,SRTM_1arc,Roads,,OpenChannel,ERA5,Low
37.707344,-122.367771,121.3,3.73,210.8,57.6,5,"San Francisco, USA",Sector 6,SRTM_1arc,Green,C,GratedInlet,ERA5,Low
-23.575784,-46.641491,25.47,5.34,35.0,44.8,5,"Sao Paulo, Brazil",Borough North,Copernicus_GLO-90_v2022,Green,D,Manhole,ERA5,Low
45.61194,-73.676987,62.45,5.98,436.5,15.3,100,"Montreal, Canada",District 21,SRTM_3arc,Roads,B,OpenChannel,ERA5,Low
28.610276,77.177269,59.56,6.57,127.7,77.3,50,"Delhi, India",Zone V,Copernicus_GLO-90_v2022,Roads,B,Manhole,LocalGauge,Low
55.714089,12.652726,35.53,9.48,42.6,45.6,50,"Copenhagen, Denmark",District 18,Copernicus_GLO-30_v2023,Commercial,C,Manhole,ERA5,Low
48.84732,2.297795,99.51,4.71,45.6,20.0,25,"Paris, France",Ward H,SRTM_1arc,Roads,C,CurbInlet,ERA5,Low
41.405951,2.169967,6.31,,,35.5,10,"Barcelona, Spain",Borough Hillside,Copernicus_GLO-30_v2023,Roads,A,Manhole,ERA5,High
28.606539,77.216364,26.32,4.8,138.1,38.1,10,"Delhi, India",Zone III,Copernicus_EEA-10_v5,Residential,D,Manhole,ERA5,Low
-12.013189,-77.130811,70.86,7.04,60.3,25.9,5,"Lima, Peru",Borough West,Copernicus_GLO-30_v2023,Residential,C,Manhole,ERA5,Low
24.719017,46.682121,82.21,4.95,50.9,23.5,2,"Riyadh, Saudi Arabia",Ward G,SRTM_3arc,Residential,D,CurbInlet,LocalGauge,Low
29.651242,-95.412267,73.46,,106.2,26.6,100,"Houston, USA",Ward J,SRTM_1arc,Water,C,OpenChannel,IMD,Low
25.537524,-80.128377,3.14,7.46,17.7,42.6,2,"Miami, USA",District 27,SRTM_3arc,Roads,B,CurbInlet,Blended,High
-34.627246,-58.388426,63.96,,112.2,23.1,5,"Buenos Aires, Argentina",Ward F,SRTM_3arc,Institutional,,OpenChannel,ERA5,Low
22.520157,88.397401,47.58,4.62,34.2,32.1,5,"Kolkata, India",District 16,Copernicus_GLO-90_v2022,Roads,A,Manhole,ERA5,Low
22.985887,72.557328,45.9,5.19,534.9,22.5,2,"Ahmedabad, India",Borough Delta,SRTM_3arc,Residential,,,ERA5,Low
4.629459,-74.171628,39.12,6.44,74.0,33.6,10,"Bogotá, Colombia",District 28,SRTM_3arc,Residential,,CurbInlet,,Low
10.798115,106.624649,62.7,7.56,102.7,44.5,5,"Ho Chi Minh City, Vietnam",District 4,SRTM_1arc,Residential,D,CurbInlet,Blended,Low
51.585334,-0.186248,65.23,11.53,105.0,35.5,25,"London, UK",District 20,Copernicus_GLO-30_v2023,Industrial,B,Manhole,LocalGauge,Low
-23.490872,-46.688,90.88,6.55,145.5,45.7,50,"Sao Paulo, Brazil",Borough Delta,Copernicus_EEA-10_v5,Water,D,CurbInlet,LocalGauge,Low
-27.594232,153.051539,39.23,8.0,452.9,46.4,10,"Brisbane, Australia",Ward D,SRTM_3arc,Roads,D,,ERA5,Low
28.474057,77.275373,25.35,8.39,105.3,73.4,2,"Delhi, India",Zone VII,Copernicus_EEA-10_v5,Roads,A,CurbInlet,IMD,Low
38.852504,-77.125967,53.67,5.35,67.8,27.4,5,"Washington DC, USA",Borough Central,Copernicus_GLO-30_v2023,Roads,A,CurbInlet,ERA5,Low
-27.579448,153.024699,31.26,3.74,94.6,32.0,10,"Brisbane, Australia",Zone I,Copernicus_GLO-90_v2022,Residential,C,OpenChannel,LocalGauge,Low
-6.152623,106.814964,18.04,6.62,105.6,92.4,10,"Jakarta, Indonesia",Ward I,Copernicus_EEA-10_v5,Mixed,B,GratedInlet,ERA5,Moderate
40.937471,28.979683,28.07,6.48,46.1,30.8,25,"Istanbul, Türkiye",Sector 4,Copernicus_EEA-10_v5,Mixed,A,CurbInlet,Blended,Low
55.764115,12.677596,43.28,6.35,196.5,42.7,2,"Copenhagen, Denmark",Ward H,Copernicus_GLO-30_v2023,Institutional,B,Manhole,Blended,Low
-27.481354,152.990227,66.69,,48.7,29.2,100,"Brisbane, Australia",Ward H,Copernicus_GLO-90_v2022,Commercial,D,Manhole,LocalGauge,Low
14.580626,120.972563,12.81,7.21,116.0,45.6,5,"Manila, Philippines",Sector 29,Copernicus_EEA-10_v5,Roads,C,Manhole,LocalGauge,Low
35.732164,51.308007,153.62,8.28,76.2,25.0,5,"Tehran, Iran",Borough East,SRTM_3arc,Green,B,Manhole,,Low
45.561721,-73.576497,20.42,4.84,307.4,30.9,5,"Montreal, Canada",Sector 25,Copernicus_GLO-30_v2023,Residential,B,OpenChannel,ERA5,Low
14.596204,120.999189,12.9,8.16,188.9,72.2,100,"Manila, Philippines",Sector 13,SRTM_1arc,Institutional,A,GratedInlet,IMD,Low
6.896563,79.930291,7.28,6.47,180.4,72.1,100,"Colombo, Sri Lanka",District 1,SRTM_3arc,Commercial,A,OpenChannel,IMD,High
28.61063,77.220405,38.36,6.63,84.6,17.4,10,"Delhi, India",District 20,SRTM_3arc,Residential,D,GratedInlet,LocalGauge,Low
-33.763674,151.221566,5.3,8.91,17.5,22.0,5,"Sydney, Australia",Zone V,Copernicus_GLO-30_v2023,Industrial,A,OpenChannel,LocalGauge,High
37.766779,-122.444108,138.14,2.72,130.5,30.6,5,"San Francisco, USA",District 30,SRTM_1arc,Commercial,B,CurbInlet,LocalGauge,Moderate
19.306104,-99.205012,25.32,5.18,,28.6,10,"Mexico City, Mexico",Sector 16,Copernicus_GLO-90_v2022,Residential,B,GratedInlet,ERA5,Low
22.317463,114.093507,10.86,2.12,87.5,92.8,25,"Hong Kong, China",Borough North,SRTM_1arc,Residential,A,OpenChannel,ERA5,Moderate
22.240192,114.176122,0.32,8.46,169.9,45.1,5,"Hong Kong, China",Zone VI,Copernicus_GLO-30_v2023,Green,C,Manhole,ERA5,High
38.759045,-76.97608,67.25,3.77,96.6,69.6,25,"Washington DC, USA",Zone VII,SRTM_1arc,Residential,B,Manhole,ERA5,Low
-6.324934,106.859177,9.54,1.55,183.0,30.3,25,"Jakarta, Indonesia",Ward D,SRTM_1arc,Green,A,CurbInlet,IMD,Very High
21.035559,105.920071,68.23,9.3,93.5,28.5,5,"Hanoi, Vietnam",Borough Central,SRTM_1arc,Industrial,A,Manhole,IMD,Low
-33.865647,18.430122,28.94,4.42,395.6,23.7,10,"Cape Town, South Africa",Zone IV,Copernicus_EEA-10_v5,Green,B,,LocalGauge,Low
34.721611,135.558988,184.73,6.17,85.7,19.2,5,"Osaka, Japan",Borough East,SRTM_1arc,Commercial,D,CurbInlet,Blended,Low
37.795409,-122.388788,120.11,6.28,48.5,42.8,10,"San Francisco, USA",Sector 22,Copernicus_GLO-30_v2023,Roads,B,Manhole,ERA5,Low
6.501173,3.283095,18.03,4.97,,117.7,25,"Lagos, Nigeria",District 29,Copernicus_GLO-90_v2022,Commercial,D,OpenChannel,ERA5,Very High
1.315637,103.746955,13.8,10.34,248.2,112.1,100,"Singapore, Singapore",Zone VI,Copernicus_GLO-30_v2023,Commercial,A,OpenChannel,ERA5,Moderate
55.713355,12.645131,27.92,7.85,98.7,24.2,100,"Copenhagen, Denmark",Ward D,Copernicus_GLO-90_v2022,Institutional,D,GratedInlet,ERA5,Low
31.28627,121.614967,-1.22,8.41,75.2,23.4,2,"Shanghai, China",Zone IX,SRTM_1arc,Industrial,A,GratedInlet,ERA5,High
19.415568,-99.113015,4.99,,41.7,23.3,10,"Mexico City, Mexico",Zone III,SRTM_1arc,Residential,A,GratedInlet,ERA5,High
17.430776,78.427127,72.95,10.76,76.0,61.7,10,"Hyderabad, India",District 22,SRTM_3arc,Roads,A,CurbInlet,ERA5,Low
35.804241,51.460545,105.71,9.62,83.1,22.7,50,"Tehran, Iran",District 7,Copernicus_GLO-90_v2022,Roads,A,CurbInlet,IMD,Low
41.278274,2.172359,18.16,6.17,104.5,56.7,10,"Barcelona, Spain",Borough Hillside,SRTM_3arc,Industrial,C,GratedInlet,ERA5,Low
-36.754422,174.786971,71.57,6.32,121.9,28.9,5,"Auckland, New Zealand",Borough North,SRTM_3arc,Residential,D,CurbInlet,ERA5,Low
39.912384,-75.199868,3.04,6.73,154.4,26.2,2,"Philadelphia, USA",Borough Riverside,Copernicus_GLO-30_v2023,Residential,A,Manhole,LocalGauge,High
-36.906351,174.781978,52.78,6.88,64.7,50.4,5,"Auckland, New Zealand",Sector 29,SRTM_1arc,Roads,D,Manhole,ERA5,Low
31.204901,121.37452,18.14,9.05,152.9,20.0,2,"Shanghai, China",Ward D,Copernicus_GLO-30_v2023,Roads,C,Manhole,ERA5,Low
40.681317,-73.940127,81.04,2.3,175.3,26.0,100,"New York, USA",Borough West,Copernicus_GLO-90_v2022,Green,D,Manhole,ERA5,Very High
23.194476,113.323728,31.67,6.17,18.8,91.9,10,"Guangzhou, China",District 13,SRTM_1arc,Industrial,D,,ERA5,Moderate
51.940462,4.526032,15.9,5.32,174.9,45.0,25,"Rotterdam, Netherlands",Sector 24,Copernicus_GLO-30_v2023,Water,C,Manhole,LocalGauge,Low
40.674152,-74.078822,90.8,6.08,2.8,55.8,25,"New York, USA",District 22,SRTM_1arc,Residential,B,Manhole,ERA5,Low
-29.845824,30.983056,34.24,3.89,264.1,42.8,50,"Durban, South Africa",Sector 18,SRTM_3arc,Residential,A,OpenChannel,ERA5,Low
31.231464,121.511649,20.15,6.92,173.1,21.8,10,"Shanghai, China",District 29,Copernicus_EEA-10_v5,Green,C,Manhole,IMD,Low
10.810168,106.74245,55.51,8.08,20.2,60.7,10,"Ho Chi Minh City, Vietnam",Sector 17,SRTM_3arc,Commercial,C,CurbInlet,ERA5,Low
25.26908,51.454484,-3.0,8.23,29.7,11.1,5,"Doha, Qatar",Ward H,Copernicus_EEA-10_v5,Commercial,C,CurbInlet,,High
6.543747,3.404901,13.3,7.11,263.3,30.5,5,"Lagos, Nigeria",Sector 10,Copernicus_GLO-30_v2023,Mixed,C,OpenChannel,Blended,Low
24.766211,66.949411,153.18,5.97,69.8,37.6,5,"Karachi, Pakistan",Zone VI,Copernicus_EEA-10_v5,Commercial,A,GratedInlet,LocalGauge,Low
20.912104,105.867921,19.06,8.93,7.1,75.3,10,"Hanoi, Vietnam",Zone VIII,Copernicus_EEA-10_v5,Commercial,D,Manhole,ERA5,Low
5.533865,-0.17985,4.25,8.11,68.5,52.7,5,"Accra, Ghana",Sector 22,SRTM_3arc,Residential,,Manhole,ERA5,High
24.884091,66.979347,,10.38,29.8,32.2,5,"Karachi, Pakistan",Sector 16,SRTM_3arc,Commercial,,CurbInlet,IMD,Low
18.534222,73.866687,88.87,4.19,96.5,61.1,5,"Pune, India",District 21,Copernicus_GLO-30_v2023,Industrial,C,Manhole,,Low
51.881245,4.365565,3.05,4.46,301.6,27.5,5,"Rotterdam, Netherlands",Borough Riverside,Copernicus_GLO-30_v2023,Commercial,D,OpenChannel,,High
3.14246,101.595691,,6.01,224.0,37.8,5,"Kuala Lumpur, Malaysia",Ward H,Copernicus_GLO-30_v2023,Residential,,OpenChannel,LocalGauge,Low
4.813303,-74.109123,-3.0,8.05,31.4,74.6,10,"Bogotá, Colombia",District 5,SRTM_3arc,Roads,C,OpenChannel,Blended,High
6.508141,3.298996,8.5,5.61,428.5,59.1,5,"Lagos, Nigeria",District 15,Copernicus_GLO-30_v2023,Institutional,C,OpenChannel,LocalGauge,Low
19.271991,-99.149248,29.67,,138.8,52.8,10,"Mexico City, Mexico",Zone II,Copernicus_GLO-30_v2023,Green,C,CurbInlet,,Low
-22.904297,-43.189026,4.83,7.89,35.4,60.8,5,"Rio de Janeiro, Brazil",Ward D,Copernicus_GLO-90_v2022,Industrial,C,CurbInlet,ERA5,High
40.754127,-74.01989,43.08,8.24,1.1,26.2,10,"New York, USA",Sector 28,Copernicus_GLO-90_v2022,Commercial,C,Manhole,ERA5,Low
-12.123887,-77.002131,-3.0,7.33,113.2,39.7,5,"Lima, Peru",District 25,Copernicus_GLO-30_v2023,Commercial,,GratedInlet,ERA5,High
39.948152,-75.208126,8.68,7.66,168.4,48.6,10,"Philadelphia, USA",Ward J,Copernicus_EEA-10_v5,Residential,D,CurbInlet,IMD,Low
19.474703,-99.216335,6.02,,74.1,36.0,5,"Mexico City, Mexico",Sector 14,SRTM_1arc,Commercial,D,GratedInlet,ERA5,High
-36.845287,174.804366,-3.0,6.59,,49.5,25,"Auckland, New Zealand",Zone IX,SRTM_1arc,Industrial,B,GratedInlet,ERA5,Very High
-22.836778,-43.136778,6.21,7.6,18.9,114.3,25,"Rio de Janeiro, Brazil",Zone VIII,Copernicus_GLO-90_v2022,Commercial,B,Manhole,LocalGauge,High
6.916385,79.909313,13.54,8.03,,42.0,25,"Colombo, Sri Lanka",Ward B,SRTM_1arc,Residential,,Manhole,ERA5,Low
4.779081,-73.966649,162.64,6.93,,30.7,50,"Bogotá, Colombia",Borough Delta,Copernicus_GLO-90_v2022,Institutional,D,GratedInlet,,Low
41.249273,2.106402,15.9,5.35,64.9,28.4,100,"Barcelona, Spain",District 27,Copernicus_EEA-10_v5,Commercial,B,GratedInlet,ERA5,Low
29.797916,-90.173499,5.78,1.61,,20.4,10,"New Orleans, USA",Sector 12,Copernicus_EEA-10_v5,Green,C,Manhole,Blended,Very High
41.90263,12.603663,17.51,3.09,97.1,55.3,2,"Rome, Italy",Ward J,SRTM_1arc,Residential,A,Manhole,LocalGauge,Low
-33.781413,151.287487,10.54,9.32,18.8,27.4,10,"Sydney, Australia",Borough North,Copernicus_GLO-30_v2023,Roads,D,GratedInlet,ERA5,Low
53.572863,10.003167,85.39,4.49,236.8,44.8,2,"Hamburg, Germany",District 11,SRTM_1arc,Commercial,,OpenChannel,Blended,Low
45.404999,-73.668635,20.34,6.14,90.2,31.5,10,"Montreal, Canada",Sector 19,Copernicus_GLO-30_v2023,Commercial,B,Manhole,Blended,Low
37.74768,-122.4196,51.19,9.18,6.4,66.6,5,"San Francisco, USA",Borough Old Town,Copernicus_EEA-10_v5,Commercial,A,CurbInlet,,Low
22.868325,72.681198,16.6,5.45,,44.8,5,"Ahmedabad, India",Borough Harbor,Copernicus_EEA-10_v5,Commercial,B,Manhole,ERA5,Low
38.868676,-76.914202,50.0,,262.4,30.8,25,"Washington DC, USA",Borough East,Copernicus_EEA-10_v5,Commercial,B,,ERA5,Low
-33.844943,151.206241,11.09,4.96,95.6,25.4,2,"Sydney, Australia",Sector 25,Copernicus_GLO-30_v2023,Residential,D,CurbInlet,ERA5,Low
24.982903,121.51752,66.0,6.13,,39.3,2,"Taipei, Taiwan",Zone VII,Copernicus_EEA-10_v5,Residential,C,GratedInlet,LocalGauge,Low
22.960969,72.685001,108.51,5.83,,19.0,25,"Ahmedabad, India",District 22,Copernicus_EEA-10_v5,Roads,B,Manhole,LocalGauge,Low
28.514671,77.269901,5.1,10.31,76.2,22.8,5,"Delhi, India",Zone IX,Copernicus_GLO-30_v2023,Roads,C,Manhole,ERA5,High
25.678838,-80.202161,6.44,6.92,7.3,56.2,2,"Miami, USA",District 9,Copernicus_EEA-10_v5,Industrial,B,Manhole,Blended,High
-29.920951,30.815061,25.6,4.42,95.2,20.7,50,"Durban, South Africa",Zone IX,SRTM_3arc,Industrial,B,Manhole,ERA5,Low
12.951546,77.590592,23.83,6.89,67.1,12.8,2,"Bengaluru, India",Borough Hillside,SRTM_1arc,Industrial,A,Manhole,ERA5,Low
-23.568287,-46.594212,89.76,7.43,48.6,71.9,5,"Sao Paulo, Brazil",Sector 3,Copernicus_EEA-10_v5,Roads,A,CurbInlet,ERA5,Low
41.953993,12.477547,3.13,7.21,,30.7,2,"Rome, Italy",Sector 22,Copernicus_EEA-10_v5,Industrial,C,Manhole,Blended,High
23.757532,90.45494,87.97,,227.1,60.3,10,"Dhaka, Bangladesh",District 6,SRTM_3arc,Industrial,B,OpenChannel,ERA5,Low
37.556529,126.903643,56.08,7.91,114.2,14.8,50,"Seoul, South Korea",Zone V,SRTM_1arc,Residential,D,OpenChannel,Blended,Low
55.603629,12.561082,57.29,4.33,82.4,27.9,5,"Copenhagen, Denmark",Borough Central,Copernicus_GLO-30_v2023,Roads,,OpenChannel,ERA5,Low
10.747546,106.631158,-3.0,8.58,51.5,37.6,2,"Ho Chi Minh City, Vietnam",Sector 21,SRTM_1arc,Commercial,D,Manhole,ERA5,High
12.925997,77.557958,77.8,10.38,124.8,49.1,5,"Bengaluru, India",Zone VIII,Copernicus_EEA-10_v5,Roads,C,Manhole,LocalGauge,Low
19.393113,-99.061427,49.8,2.56,38.1,16.7,2,"Mexico City, Mexico",Sector 30,Copernicus_GLO-30_v2023,Residential,B,,,Moderate
39.925268,-75.054709,64.94,10.06,259.5,19.5,5,"Philadelphia, USA",Zone I,SRTM_1arc,Roads,,OpenChannel,LocalGauge,Low
35.620389,139.643584,0.07,3.43,20.8,33.5,2,"Tokyo, Japan",District 19,SRTM_1arc,Residential,C,,Blended,High
21.006476,105.942706,113.21,8.24,81.9,31.5,100,"Hanoi, Vietnam",Sector 12,SRTM_1arc,Industrial,D,Manhole,ERA5,Low
25.122588,55.39583,36.63,8.43,23.4,6.8,10,"Dubai, UAE",Zone VII,SRTM_1arc,Roads,C,CurbInlet,LocalGauge,Low
29.730955,-95.322082,86.6,3.27,395.8,41.1,10,"Houston, USA",Ward B,SRTM_1arc,Residential,D,OpenChannel,ERA5,Low
23.923904,90.468239,26.17,,140.8,36.1,2,"Dhaka, Bangladesh",Sector 26,Copernicus_GLO-30_v2023,Industrial,,Manhole,Blended,Low
53.501197,10.048665,21.39,4.08,447.1,40.8,5,"Hamburg, Germany",Sector 20,Copernicus_GLO-90_v2022,Roads,C,,Blended,Low
55.77711,12.547938,0.43,,92.1,16.2,10,"Copenhagen, Denmark",District 7,Copernicus_GLO-90_v2022,Roads,A,Manhole,IMD,High
23.792503,90.411199,,9.18,12.7,51.4,10,"Dhaka, Bangladesh",Sector 14,Copernicus_GLO-30_v2023,Commercial,,GratedInlet,LocalGauge,Low
41.857669,12.587619,27.84,9.42,463.5,56.9,25,"Rome, Italy",Zone IX,SRTM_1arc,Informal,D,,IMD,Low
48.866111,2.290553,78.32,5.49,27.5,57.6,10,"Paris, France",Sector 27,Copernicus_GLO-30_v2023,Green,,CurbInlet,ERA5,Low
28.569599,77.120234,35.69,4.59,38.1,35.2,2,"Delhi, India",Ward I,Copernicus_GLO-30_v2023,Residential,C,CurbInlet,ERA5,Low
13.011788,77.531957,56.03,6.48,360.6,46.7,5,"Bengaluru, India",Zone VI,Copernicus_GLO-30_v2023,Commercial,B,OpenChannel,IMD,Low
21.128703,105.855087,-0.36,4.47,462.7,55.1,50,"Hanoi, Vietnam",Sector 6,Copernicus_GLO-30_v2023,Green,D,OpenChannel,,High
53.625213,10.029828,17.3,3.35,231.3,45.1,5,"Hamburg, Germany",District 1,Copernicus_GLO-30_v2023,Residential,,OpenChannel,,Low
-22.827474,-43.151841,7.9,9.1,161.2,55.5,5,"Rio de Janeiro, Brazil",Ward E,Copernicus_EEA-10_v5,Commercial,C,OpenChannel,ERA5,High
6.616109,3.350403,-3.0,3.97,126.3,88.8,25,"Lagos, Nigeria",District 2,SRTM_3arc,Industrial,D,CurbInlet,IMD,High
5.593634,-0.182098,5.71,10.1,,65.3,10,"Accra, Ghana",Zone V,SRTM_3arc,Roads,D,CurbInlet,Blended,Very High
-36.929847,174.763748,61.1,4.11,283.8,40.1,2,"Auckland, New Zealand",Ward F,SRTM_3arc,Residential,B,OpenChannel,ERA5,Low
29.880213,-89.982476,12.5,5.33,79.0,22.3,10,"New Orleans, USA",Borough East,SRTM_1arc,Residential,A,Manhole,LocalGauge,Low
37.695517,-122.400306,-3.0,8.47,38.4,50.3,50,"San Francisco, USA",Zone VI,Copernicus_GLO-30_v2023,Residential,,GratedInlet,ERA5,High
37.655403,-122.424232,58.9,7.87,146.0,30.1,2,"San Francisco, USA",Sector 28,Copernicus_GLO-30_v2023,Roads,A,OpenChannel,IMD,Low
6.965006,79.861194,13.19,4.02,88.5,72.3,10,"Colombo, Sri Lanka",Sector 26,SRTM_1arc,Residential,D,Manhole,IMD,Low
40.663617,-73.940983,38.12,4.86,87.2,18.8,10,"New York, USA",District 9,Copernicus_GLO-30_v2023,Industrial,B,CurbInlet,IMD,Low
42.009736,12.572159,14.7,4.34,301.4,20.6,10,"Rome, Italy",Ward G,Copernicus_GLO-30_v2023,Water,C,GratedInlet,Blended,Low
13.120171,80.39711,4.96,7.08,205.0,40.3,25,"Chennai, India",Ward D,SRTM_3arc,Industrial,A,,Blended,High
23.052291,72.461573,60.3,3.95,186.7,57.5,25,"Ahmedabad, India",Zone X,SRTM_3arc,Residential,C,GratedInlet,LocalGauge,Low
24.830144,67.025476,-3.0,6.74,147.5,27.4,2,"Karachi, Pakistan",District 12,Copernicus_GLO-30_v2023,Water,A,GratedInlet,ERA5,High
41.211432,2.109194,10.29,2.92,104.3,43.4,25,"Barcelona, Spain",District 23,Copernicus_EEA-10_v5,Green,C,OpenChannel,ERA5,Moderate
34.547845,135.516497,87.14,7.98,29.7,24.9,25,"Osaka, Japan",Ward F,Copernicus_GLO-30_v2023,Commercial,A,GratedInlet,ERA5,Low
29.653301,-95.425304,71.28,5.94,52.5,30.7,5,"Houston, USA",Sector 18,Copernicus_GLO-30_v2023,Residential,,Manhole,Blended,Low
22.45687,114.213275,-3.0,9.55,40.1,96.0,2,"Shenzhen, China",Ward I,Copernicus_GLO-90_v2022,Commercial,D,GratedInlet,LocalGauge,High
23.822366,90.352225,-3.0,7.74,5.5,39.5,5,"Dhaka, Bangladesh",Zone III,Copernicus_GLO-30_v2023,Commercial,A,OpenChannel,ERA5,High
51.545199,-0.122036,30.33,7.8,46.1,36.5,25,"London, UK",Borough Hillside,Copernicus_GLO-30_v2023,Residential,D,CurbInlet,Blended,Low
49.192106,-123.270287,22.95,5.71,164.6,26.4,50,"Vancouver, Canada",District 30,Copernicus_GLO-30_v2023,Residential,D,,Blended,Low
25.727049,-80.122735,7.34,,47.1,149.5,50,"Miami, USA",Sector 16,Copernicus_EEA-10_v5,Roads,B,GratedInlet,ERA5,Very High
38.859685,-76.977323,30.07,5.5,61.8,18.6,25,"Washington DC, USA",Zone V,Copernicus_GLO-30_v2023,Industrial,B,GratedInlet,ERA5,Low
53.507634,9.948713,9.81,4.9,30.4,28.7,5,"Hamburg, Germany",Ward H,SRTM_1arc,Commercial,B,GratedInlet,LocalGauge,Low
38.876307,-77.06297,69.8,4.37,68.1,28.8,5,"Washington DC, USA",Borough Riverside,Copernicus_GLO-90_v2022,Commercial,B,OpenChannel,ERA5,Low
25.371948,51.438038,79.74,7.27,57.4,11.8,10,"Doha, Qatar",District 12,SRTM_1arc,Residential,D,GratedInlet,ERA5,Low
49.197153,-123.216684,8.05,3.98,12.7,74.0,100,"Vancouver, Canada",Sector 7,Copernicus_EEA-10_v5,Roads,B,Manhole,ERA5,Low
1.297866,103.645443,21.73,,205.3,68.0,2,"Singapore, Singapore",Zone II,SRTM_1arc,Residential,A,OpenChannel,LocalGauge,Low
23.723479,90.2893,120.63,9.66,60.4,50.0,2,"Dhaka, Bangladesh",Ward K,Copernicus_GLO-30_v2023,Roads,C,GratedInlet,IMD,Low
12.970835,77.602844,88.37,2.99,138.1,40.6,5,"Bengaluru, India",Borough Old Town,Copernicus_GLO-30_v2023,Residential,,Manhole,Blended,Very High
28.530066,77.246917,-3.0,4.87,85.9,21.6,25,"Delhi, India",Borough Central,Copernicus_GLO-30_v2023,Roads,D,Manhole,ERA5,High
39.963861,-75.125059,65.99,8.53,,33.1,10,"Philadelphia, USA",Zone V,Copernicus_EEA-10_v5,Roads,A,GratedInlet,LocalGauge,Low
25.324283,51.587106,40.23,5.58,199.5,13.1,10,"Doha, Qatar",Zone II,Copernicus_GLO-30_v2023,Mixed,,OpenChannel,ERA5,Low
37.961692,23.754627,7.94,,58.4,20.2,5,"Athens, Greece",Borough Old Town,Copernicus_GLO-30_v2023,Commercial,D,CurbInlet,Blended,High
23.100636,72.610165,59.62,4.5,39.8,21.6,2,"Ahmedabad, India",Zone IX,SRTM_1arc,Residential,B,Manhole,ERA5,Low
3.215749,101.746824,51.92,4.94,94.5,138.4,10,"Kuala Lumpur, Malaysia",Ward D,SRTM_1arc,Roads,A,CurbInlet,ERA5,Moderate
24.656836,46.608665,16.51,3.27,221.3,17.2,2,"Riyadh, Saudi Arabia",Zone VIII,Copernicus_EEA-10_v5,Green,A,CurbInlet,ERA5,Low
-22.940329,-43.113132,9.35,7.13,31.3,113.1,10,"Rio de Janeiro, Brazil",Sector 15,SRTM_1arc,Residential,B,Manhole,ERA5,Moderate
24.933147,67.016084,94.83,5.31,,28.9,5,"Karachi, Pakistan",District 5,Copernicus_GLO-30_v2023,Roads,B,OpenChannel,Blended,Low
41.331471,2.202911,11.11,5.46,102.2,27.8,2,"Barcelona, Spain",Sector 29,Copernicus_GLO-30_v2023,Commercial,,GratedInlet,ERA5,Low
5.566433,-0.221917,11.47,4.34,39.1,61.7,25,"Accra, Ghana",Ward C,Copernicus_GLO-90_v2022,Residential,C,OpenChannel,Blended,Low
35.65908,51.323983,86.31,6.37,183.8,55.5,10,"Tehran, Iran",Sector 12,Copernicus_GLO-30_v2023,Water,D,CurbInlet,IMD,Low
37.716087,-122.341944,63.6,3.21,179.6,36.0,10,"San Francisco, USA",Ward K,Copernicus_GLO-90_v2022,Residential,C,Manhole,ERA5,Low
48.733852,2.306346,74.7,6.73,71.1,17.0,5,"Paris, France",District 12,SRTM_1arc,Roads,C,Manhole,ERA5,Low
-33.939786,18.361097,115.2,,177.0,16.1,10,"Cape Town, South Africa",Borough West,Copernicus_GLO-30_v2023,Residential,D,OpenChannel,ERA5,Low
-30.023547,31.128908,-3.0,5.41,40.5,46.8,10,"Durban, South Africa",Ward F,SRTM_1arc,Roads,B,CurbInlet,,High
-23.653911,-46.666966,77.69,5.33,,37.9,2,"Sao Paulo, Brazil",Borough Central,Copernicus_GLO-90_v2022,Residential,B,CurbInlet,ERA5,Low
37.554751,126.972007,-3.0,8.51,62.5,70.3,50,"Seoul, South Korea",Ward F,Copernicus_GLO-30_v2023,Roads,C,GratedInlet,,Very High
22.598464,113.977979,9.57,4.86,69.2,44.7,50,"Shenzhen, China",Zone IX,Copernicus_EEA-10_v5,Residential,B,Manhole,IMD,Low
19.080762,72.795554,-2.8,4.08,141.6,41.5,25,"Mumbai, India",Zone X,Copernicus_GLO-30_v2023,Residential,D,Manhole,LocalGauge,High
-33.827695,18.397607,,8.04,28.8,49.5,25,"Cape Town, South Africa",Zone VI,SRTM_1arc,Roads,C,Manhole,LocalGauge,Low
52.318933,5.087657,18.79,,85.6,40.8,5,"Amsterdam, Netherlands",District 7,Copernicus_GLO-30_v2023,Commercial,B,CurbInlet,IMD,Low
42.032416,12.493229,41.3,3.01,184.3,37.1,50,"Rome, Italy",Ward E,SRTM_1arc,Institutional,B,CurbInlet,ERA5,Low
35.672686,139.679858,25.71,4.98,16.5,25.6,10,"Tokyo, Japan",District 17,SRTM_1arc,Industrial,A,OpenChannel,Blended,Low
45.509106,-73.484677,75.53,7.97,138.1,56.3,5,"Montreal, Canada",Zone V,SRTM_1arc,Commercial,B,CurbInlet,ERA5,Low
37.633209,126.948871,54.21,,61.4,53.8,2,"Seoul, South Korea",Sector 22,SRTM_1arc,Industrial,B,CurbInlet,,Low
35.62683,139.53682,-3.0,6.41,111.0,33.9,5,"Tokyo, Japan",Zone VI,Copernicus_EEA-10_v5,Residential,A,Manhole,ERA5,High
22.57244,88.30154,10.16,10.15,89.1,55.2,10,"Kolkata, India",Ward A,SRTM_3arc,Commercial,B,CurbInlet,Blended,Low
-1.319528,36.823379,53.02,5.2,26.6,17.8,50,"Nairobi, Kenya",Borough East,SRTM_1arc,Commercial,C,CurbInlet,IMD,Low
13.113856,80.371556,6.88,5.16,51.8,70.3,10,"Chennai, India",Ward C,SRTM_3arc,Residential,B,GratedInlet,Blended,High
13.873456,100.35958,0.56,8.26,365.9,69.3,50,"Bangkok, Thailand",Borough West,Copernicus_EEA-10_v5,Commercial,,OpenChannel,IMD,High
51.951031,4.387465,-0.06,5.57,276.0,21.5,10,"Rotterdam, Netherlands",Sector 28,SRTM_1arc,Green,D,Manhole,ERA5,High
29.918555,-95.299258,42.01,4.78,107.5,50.2,10,"Houston, USA",District 22,SRTM_3arc,Green,D,CurbInlet,ERA5,Low
10.83953,106.659697,63.85,,388.0,54.9,50,"Ho Chi Minh City, Vietnam",Sector 17,Copernicus_GLO-30_v2023,Roads,C,OpenChannel,ERA5,Low
35.620812,51.37742,152.65,8.46,63.1,12.8,5,"Tehran, Iran",Sector 4,SRTM_1arc,Residential,A,Manhole,ERA5,Low
18.652679,73.99192,27.19,5.57,305.3,59.4,5,"Pune, India",Borough West,SRTM_1arc,Industrial,B,OpenChannel,ERA5,Low
14.533617,120.898454,15.02,7.6,62.9,50.5,100,"Manila, Philippines",Sector 19,Copernicus_GLO-30_v2023,Residential,,Manhole,LocalGauge,Low
23.660339,90.451229,40.64,3.38,405.7,68.5,10,"Dhaka, Bangladesh",Sector 15,SRTM_1arc,Residential,C,OpenChannel,ERA5,Low
24.914301,66.882778,9.2,9.14,217.9,35.1,5,"Karachi, Pakistan",Sector 23,SRTM_1arc,Commercial,A,OpenChannel,LocalGauge,Low
35.73631,51.363667,253.88,9.79,530.4,34.3,2,"Tehran, Iran",Borough Hillside,Copernicus_GLO-30_v2023,Industrial,C,,Blended,Low
45.487647,-73.753286,81.28,5.49,96.5,28.6,10,"Montreal, Canada",Sector 12,SRTM_1arc,Commercial,B,Manhole,IMD,Low
52.379491,4.881455,15.59,6.26,38.8,25.7,5,"Amsterdam, Netherlands",District 26,Copernicus_GLO-30_v2023,Industrial,B,GratedInlet,IMD,Low
24.882304,67.010255,2.7,3.87,81.6,23.9,10,"Karachi, Pakistan",Zone VII,SRTM_1arc,Roads,C,CurbInlet,ERA5,High
41.040132,29.006163,,6.84,33.4,26.5,25,"Istanbul, Türkiye",District 2,Copernicus_GLO-30_v2023,Industrial,C,Manhole,LocalGauge,Low
-29.821433,31.066605,59.62,7.18,110.3,24.3,5,"Durban, South Africa",District 29,SRTM_3arc,Roads,C,Manhole,IMD,Low
1.348403,103.908228,13.22,5.97,68.9,42.6,10,"Singapore, Singapore",Borough Old Town,Copernicus_EEA-10_v5,Mixed,C,GratedInlet,ERA5,Low
25.074434,121.446602,61.21,7.61,61.0,53.2,10,"Taipei, Taiwan",Ward G,SRTM_3arc,Commercial,C,GratedInlet,IMD,Low
37.580087,126.995149,,5.29,189.2,59.9,10,"Seoul, South Korea",Ward K,Copernicus_GLO-30_v2023,Roads,,GratedInlet,,Low
35.758658,51.446085,-3.0,,491.4,41.3,10,"Tehran, Iran",Borough North,Copernicus_EEA-10_v5,Green,A,,Blended,High
24.644576,46.611099,57.61,7.08,155.2,34.5,2,"Riyadh, Saudi Arabia",Borough Delta,SRTM_1arc,Residential,D,CurbInlet,Blended,Low
-29.815039,31.04753,119.77,5.78,59.6,41.6,2,"Durban, South Africa",District 8,Copernicus_GLO-30_v2023,Residential,,Manhole,ERA5,Low
17.331043,78.565398,78.02,4.74,79.0,19.3,2,"Hyderabad, India",Ward H,Copernicus_EEA-10_v5,Residential,C,Manhole,LocalGauge,Low
41.378569,2.195392,-3.0,6.93,15.3,40.6,5,"Barcelona, Spain",Ward C,SRTM_3arc,Commercial,C,CurbInlet,LocalGauge,High
25.367712,51.612383,-3.0,6.93,34.3,17.6,2,"Doha, Qatar",Borough Hillside,Copernicus_GLO-30_v2023,Commercial,,GratedInlet,ERA5,High
18.59539,73.877415,69.81,8.98,67.8,35.0,2,"Pune, India",Sector 4,SRTM_3arc,Commercial,B,CurbInlet,ERA5,Low
41.487391,2.1067,19.71,5.38,121.4,17.5,5,"Barcelona, Spain",Borough Hillside,Copernicus_EEA-10_v5,Green,B,CurbInlet,Blended,Low
35.644842,51.444996,195.41,3.28,117.9,20.2,10,"Tehran, Iran",Ward F,SRTM_1arc,Residential,C,OpenChannel,IMD,Low
5.406643,-0.293439,21.36,6.03,15.8,31.7,5,"Accra, Ghana",Zone X,Copernicus_GLO-30_v2023,Residential,B,Manhole,ERA5,Low
-1.251216,36.960553,106.5,6.95,37.9,24.6,5,"Nairobi, Kenya",Zone II,SRTM_1arc,Roads,B,GratedInlet,ERA5,Low
31.122104,121.5664,14.72,2.67,148.9,49.9,10,"Shanghai, China",Zone V,SRTM_3arc,Roads,D,CurbInlet,LocalGauge,Moderate
29.8199,-95.298084,-3.0,7.32,32.6,61.2,25,"Houston, USA",Ward K,Copernicus_GLO-30_v2023,Industrial,A,Manhole,ERA5,High
-23.572479,-46.531559,46.02,,57.6,42.2,100,"Sao Paulo, Brazil",Sector 21,Copernicus_GLO-30_v2023,Residential,A,CurbInlet,Blended,Low
22.683999,114.045831,2.84,4.05,,72.8,100,"Shenzhen, China",Borough Riverside,Copernicus_GLO-30_v2023,Roads,C,Manhole,ERA5,Very High
31.29294,121.36865,1.04,6.57,58.9,33.5,100,"Shanghai, China",Borough North,Copernicus_EEA-10_v5,Residential,D,Manhole,Blended,High
1.346743,103.689947,11.2,6.54,103.1,86.4,25,"Singapore, Singapore",Ward I,Copernicus_GLO-90_v2022,Roads,D,CurbInlet,LocalGauge,Moderate
48.821159,2.332728,65.9,,121.9,74.5,50,"Paris, France",Zone V,SRTM_1arc,Residential,D,OpenChannel,ERA5,Low
22.553199,88.374015,9.75,5.86,43.5,34.9,2,"Kolkata, India",District 13,Copernicus_GLO-30_v2023,Roads,C,Manhole,ERA5,Low
37.995071,23.774247,50.78,7.52,,13.6,5,"Athens, Greece",Ward A,SRTM_3arc,Commercial,B,GratedInlet,Blended,Low
35.654081,139.797701,,10.18,,60.5,25,"Tokyo, Japan",Zone X,SRTM_1arc,Industrial,C,CurbInlet,ERA5,Low
-29.857573,30.989136,63.37,5.58,,62.6,5,"Durban, South Africa",Ward E,Copernicus_GLO-90_v2022,Informal,B,CurbInlet,LocalGauge,Low
13.727514,100.519369,10.42,7.73,35.8,64.9,2,"Bangkok, Thailand",Borough Old Town,Copernicus_GLO-30_v2023,Roads,D,CurbInlet,ERA5,Very High
19.491075,-99.153614,,9.32,101.2,56.7,5,"Mexico City, Mexico",Ward I,Copernicus_GLO-30_v2023,Industrial,C,GratedInlet,ERA5,Low
22.491177,88.492678,48.97,,139.3,40.1,25,"Kolkata, India",Borough West,Copernicus_GLO-30_v2023,Roads,D,GratedInlet,IMD,Low
52.011402,4.516424,12.67,6.67,60.5,16.2,25,"Rotterdam, Netherlands",Sector 7,SRTM_1arc,Roads,C,Manhole,ERA5,Low
53.488006,10.058915,75.66,2.91,,54.6,2,"Hamburg, Germany",Ward F,SRTM_1arc,Residential,,GratedInlet,ERA5,Moderate
4.713893,-73.922619,33.56,3.75,43.6,24.5,5,"Bogotá, Colombia",Borough Central,SRTM_1arc,Industrial,A,CurbInlet,ERA5,Low
35.760767,139.54114,-3.0,3.91,47.1,31.7,2,"Tokyo, Japan",Borough Delta,Copernicus_GLO-30_v2023,Residential,C,GratedInlet,IMD,High
41.75963,12.596604,96.37,4.04,62.4,25.0,5,"Rome, Italy",Zone I,SRTM_1arc,Residential,C,OpenChannel,LocalGauge,Low
19.407587,-99.154693,22.5,5.04,60.5,27.7,5,"Mexico City, Mexico",District 10,SRTM_3arc,Residential,B,CurbInlet,ERA5,Low
25.295387,55.321834,76.78,,72.2,25.2,2,"Dubai, UAE",Zone X,Copernicus_GLO-30_v2023,Institutional,B,OpenChannel,ERA5,Low
14.59167,121.025053,19.84,6.36,146.5,41.6,10,"Manila, Philippines",District 19,SRTM_3arc,Water,D,Manhole,ERA5,Low
21.090787,105.771564,64.4,6.23,275.4,55.7,10,"Hanoi, Vietnam",Sector 27,Copernicus_EEA-10_v5,Residential,A,,ERA5,Low
23.057006,72.535381,16.18,9.14,16.9,29.2,2,"Ahmedabad, India",Ward H,Copernicus_EEA-10_v5,Mixed,C,CurbInlet,Blended,Low
6.642788,3.411478,1.38,6.64,37.9,85.9,25,"Lagos, Nigeria",District 26,SRTM_1arc,Residential,D,GratedInlet,IMD,Very High
37.871157,-122.41986,112.09,5.8,99.6,32.0,50,"San Francisco, USA",District 24,SRTM_1arc,Residential,C,CurbInlet,,Low
29.89275,-90.028087,13.95,,162.8,33.3,100,"New Orleans, USA",Sector 10,Copernicus_EEA-10_v5,Institutional,B,GratedInlet,IMD,Low
-27.401379,153.077346,18.93,8.49,37.1,74.4,25,"Brisbane, Australia",District 12,Copernicus_GLO-30_v2023,Residential,C,CurbInlet,Blended,Low
45.432819,-73.499733,7.3,4.99,154.3,14.6,2,"Montreal, Canada",District 8,SRTM_3arc,Residential,C,CurbInlet,ERA5,High
38.88906,-77.116066,47.84,6.79,87.4,73.5,100,"Washington DC, USA",District 4,SRTM_3arc,Residential,B,Manhole,LocalGauge,Low
41.961757,12.571678,47.48,,6.8,15.9,10,"Rome, Italy",Sector 25,Copernicus_GLO-30_v2023,Commercial,C,CurbInlet,ERA5,Low
19.323463,-99.125343,15.12,4.76,15.7,61.0,5,"Mexico City, Mexico",District 3,SRTM_1arc,Residential,D,Manhole,LocalGauge,Low
22.422942,114.221116,6.29,8.96,32.3,52.6,50,"Hong Kong, China",Sector 13,SRTM_3arc,Industrial,B,Manhole,,High
21.079542,105.87533,51.62,,50.8,47.6,5,"Hanoi, Vietnam",Ward A,Copernicus_EEA-10_v5,Mixed,D,CurbInlet,,Low
53.48909,10.084538,6.02,7.68,32.2,32.0,2,"Hamburg, Germany",Ward B,SRTM_1arc,Industrial,,GratedInlet,ERA5,High
29.811292,-95.302753,55.01,,261.5,32.6,100,"Houston, USA",District 27,SRTM_3arc,Green,A,OpenChannel,LocalGauge,Low
29.847539,-90.141894,11.7,4.35,,38.4,5,"New Orleans, USA",Zone V,Copernicus_GLO-90_v2022,Residential,D,GratedInlet,,Low
25.890284,-80.167954,4.3,,354.4,54.2,100,"Miami, USA",Zone I,Copernicus_GLO-30_v2023,Mixed,,OpenChannel,ERA5,High
41.320303,2.085204,,8.45,157.1,38.3,10,"Barcelona, Spain",Ward K,SRTM_1arc,Roads,B,CurbInlet,,Low
-33.885279,18.446892,-3.0,5.99,128.4,17.4,25,"Cape Town, South Africa",District 3,SRTM_1arc,Residential,B,CurbInlet,ERA5,High
28.628947,77.212775,89.56,3.31,235.3,49.1,2,"Delhi, India",Sector 1,Copernicus_EEA-10_v5,Institutional,C,Manhole,LocalGauge,Low
38.991091,-77.055597,,,128.7,39.9,10,"Washington DC, USA",Sector 30,Copernicus_GLO-30_v2023,Roads,D,CurbInlet,IMD,Low
7.003586,79.894333,,9.43,356.6,129.3,100,"Colombo, Sri Lanka",Borough Hillside,SRTM_3arc,Mixed,D,OpenChannel,ERA5,Very High
7.008992,79.798521,6.59,9.16,78.1,71.6,10,"Colombo, Sri Lanka",Ward H,Copernicus_EEA-10_v5,Roads,A,CurbInlet,Blended,High
6.945088,79.775974,8.48,3.42,,63.3,5,"Colombo, Sri Lanka",District 29,Copernicus_GLO-90_v2022,Green,D,CurbInlet,ERA5,Low
51.858138,4.399197,9.04,8.49,27.4,35.1,5,"Rotterdam, Netherlands",Zone X,Copernicus_GLO-30_v2023,Residential,B,CurbInlet,,Low
-33.940071,18.372848,23.8,4.35,274.4,55.7,10,"Cape Town, South Africa",District 5,Copernicus_GLO-30_v2023,Green,B,CurbInlet,Blended,Low
49.28578,-123.149075,15.56,5.68,,53.1,10,"Vancouver, Canada",Zone VI,Copernicus_GLO-30_v2023,Commercial,,Manhole,ERA5,Low
53.537167,10.10649,79.62,2.96,184.6,32.1,10,"Hamburg, Germany",District 30,SRTM_3arc,Green,A,OpenChannel,Blended,Very High
41.890968,12.557779,46.83,10.45,51.5,63.4,25,"Rome, Italy",District 7,Copernicus_EEA-10_v5,Roads,D,Manhole,LocalGauge,Low
45.483509,-73.597431,51.85,7.32,36.9,29.1,5,"Montreal, Canada",Borough South,SRTM_1arc,Roads,C,Manhole,ERA5,Low
28.538543,77.194478,35.82,7.58,157.6,74.5,5,"Delhi, India",Sector 17,SRTM_3arc,Residential,D,CurbInlet,ERA5,Low
-29.771723,30.974719,72.82,7.08,75.6,26.5,2,"Durban, South Africa",Ward C,SRTM_1arc,Commercial,C,Manhole,ERA5,Low
3.129055,101.770517,9.86,10.19,60.5,87.8,50,"Kuala Lumpur, Malaysia",Ward I,SRTM_1arc,Roads,,GratedInlet,ERA5,Very High
-27.507908,153.011252,10.72,7.99,163.6,27.6,2,"Brisbane, Australia",Zone VII,Copernicus_EEA-10_v5,Residential,B,CurbInlet,LocalGauge,Low
14.506927,121.040289,23.56,4.46,369.8,95.9,10,"Manila, Philippines",Zone I,SRTM_1arc,Green,C,OpenChannel,ERA5,Moderate
53.458456,10.003259,42.17,5.94,56.6,37.8,10,"Hamburg, Germany",Sector 2,Copernicus_GLO-90_v2022,Commercial,C,GratedInlet,ERA5,Low
22.606117,114.095235,1.72,5.97,24.2,69.5,2,"Shenzhen, China",Sector 9,Copernicus_GLO-30_v2023,Commercial,B,Manhole,LocalGauge,Very High
10.849732,106.662603,,2.81,87.0,37.4,2,"Ho Chi Minh City, Vietnam",Zone III,Copernicus_GLO-30_v2023,Residential,B,Manhole,ERA5,Moderate
12.990622,77.593824,,5.91,75.9,27.0,2,"Bengaluru, India",Ward F,SRTM_1arc,Commercial,D,Manhole,ERA5,Low
49.279911,-123.109501,11.8,9.48,90.4,11.9,25,"Vancouver, Canada",Zone IX,SRTM_3arc,Roads,C,Manhole,,Low
29.922575,-90.133756,12.75,2.28,29.2,20.9,100,"New Orleans, USA",Zone VI,Copernicus_EEA-10_v5,Green,A,CurbInlet,ERA5,Very High
4.781346,-74.199324,64.18,6.38,65.8,29.4,5,"Bogotá, Colombia",Borough West,SRTM_3arc,Roads,B,CurbInlet,,Low
21.034645,105.803475,32.21,5.25,96.6,48.1,50,"Hanoi, Vietnam",Zone VIII,Copernicus_GLO-90_v2022,Industrial,,CurbInlet,ERA5,Low
28.711049,77.208686,92.67,6.52,213.5,36.3,2,"Delhi, India",District 5,SRTM_3arc,Informal,D,CurbInlet,Blended,Low
40.757452,-74.069899,6.05,3.22,187.4,32.4,5,"New York, USA",District 13,Copernicus_EEA-10_v5,Institutional,C,OpenChannel,ERA5,High
13.107102,80.337919,3.42,5.5,158.2,122.1,50,"Chennai, India",Borough Hillside,SRTM_1arc,Commercial,C,CurbInlet,Blended,High
41.026182,28.924288,50.7,10.26,,32.7,25,"Istanbul, Türkiye",District 14,SRTM_1arc,Industrial,D,CurbInlet,ERA5,Low
-27.485765,152.902917,28.06,8.22,4.0,42.7,10,"Brisbane, Australia",Ward D,Copernicus_EEA-10_v5,Roads,A,CurbInlet,Blended,Low
1.38379,103.770525,7.61,5.68,52.4,150.0,50,"Singapore, Singapore",Sector 2,Copernicus_EEA-10_v5,Commercial,B,Manhole,ERA5,High
23.134443,72.507367,-3.0,4.19,110.8,12.0,2,"Ahmedabad, India",Borough West,Copernicus_EEA-10_v5,Residential,B,GratedInlet,Blended,High
-36.905828,174.778975,86.77,8.36,63.0,20.4,2,"Auckland, New Zealand",District 6,SRTM_1arc,Mixed,D,Manhole,ERA5,Low
-33.968261,18.466638,243.51,8.1,57.7,17.1,100,"Cape Town, South Africa",Zone V,Copernicus_EEA-10_v5,Roads,C,OpenChannel,Blended,Low
-29.679394,31.058998,15.26,1.54,225.0,43.9,25,"Durban, South Africa",Borough East,SRTM_1arc,Green,B,OpenChannel,LocalGauge,Moderate
53.462697,10.070491,53.2,10.8,74.1,12.4,25,"Hamburg, Germany",District 23,Copernicus_GLO-30_v2023,Roads,A,Manhole,ERA5,Low
18.993732,72.833841,2.42,7.53,72.9,62.7,50,"Mumbai, India",Zone VII,Copernicus_GLO-30_v2023,Residential,D,OpenChannel,,High
31.18297,121.49218,5.88,5.19,48.1,34.9,2,"Shanghai, China",Zone III,SRTM_1arc,Residential,C,Manhole,Blended,High
40.889908,-74.02131,11.88,8.3,67.8,22.7,5,"New York, USA",Borough Hillside,SRTM_3arc,Commercial,A,Manhole,ERA5,Low
3.037505,101.611958,-3.0,3.09,18.7,64.5,50,"Kuala Lumpur, Malaysia",Zone VII,Copernicus_EEA-10_v5,Residential,,CurbInlet,ERA5,High
-29.9059,30.969008,96.15,3.51,323.1,37.1,10,"Durban, South Africa",Zone III,Copernicus_GLO-90_v2022,Institutional,B,GratedInlet,LocalGauge,Low
48.91237,2.42309,,5.93,124.8,47.4,25,"Paris, France",Zone IX,Copernicus_EEA-10_v5,Commercial,D,GratedInlet,LocalGauge,Low
-12.031356,-76.950794,39.63,7.78,146.8,11.8,10,"Lima, Peru",Borough West,Copernicus_GLO-30_v2023,Residential,D,,Blended,Low
35.782901,51.308018,83.34,5.66,118.9,58.9,50,"Tehran, Iran",Sector 14,SRTM_1arc,Commercial,A,,LocalGauge,Low
31.364377,121.548792,,4.47,88.2,18.8,5,"Shanghai, China",Zone VI,Copernicus_EEA-10_v5,Mixed,C,Manhole,ERA5,Low
12.910081,77.540188,-3.0,6.12,89.9,21.5,5,"Bengaluru, India",Ward H,SRTM_1arc,Industrial,C,Manhole,ERA5,High
29.942636,-90.243223,21.62,4.84,39.0,25.7,10,"New Orleans, USA",Sector 24,SRTM_3arc,Commercial,A,CurbInlet,ERA5,Low
5.591793,-0.140785,22.83,2.83,85.3,77.2,10,"Accra, Ghana",Borough North,SRTM_1arc,Residential,B,GratedInlet,IMD,Moderate
35.680355,51.299926,38.3,,19.1,38.2,5,"Tehran, Iran",Zone VII,Copernicus_EEA-10_v5,Residential,,GratedInlet,LocalGauge,Low
23.200778,113.147624,-1.23,7.14,52.2,41.5,100,"Guangzhou, China",Sector 12,SRTM_1arc,Residential,D,CurbInlet,LocalGauge,Very High
1.374447,103.961276,7.11,6.83,79.1,69.7,10,"Singapore, Singapore",Sector 24,SRTM_1arc,Commercial,D,Manhole,ERA5,High
18.635076,73.799206,48.21,4.75,59.4,15.1,5,"Pune, India",Borough South,Copernicus_GLO-90_v2022,Green,A,Manhole,ERA5,Low
52.469471,4.856786,-2.69,8.45,43.9,37.0,10,"Amsterdam, Netherlands",Sector 28,Copernicus_GLO-30_v2023,Industrial,D,CurbInlet,IMD,High
29.807889,-95.46667,23.13,6.3,142.7,21.4,2,"Houston, USA",Sector 7,SRTM_1arc,Residential,D,CurbInlet,ERA5,Low
13.060229,77.608438,78.19,5.1,1.0,15.2,2,"Bengaluru, India",Ward H,SRTM_3arc,Roads,,GratedInlet,ERA5,Low
19.509675,-99.140834,61.03,4.13,392.1,65.5,5,"Mexico City, Mexico",District 2,SRTM_3arc,Roads,C,OpenChannel,ERA5,Low
40.987747,28.969673,56.49,4.75,60.1,28.7,2,"Istanbul, Türkiye",District 21,Copernicus_GLO-30_v2023,Green,B,Manhole,ERA5,Low
19.575712,-99.09631,24.57,7.71,48.1,27.3,25,"Mexico City, Mexico",Ward I,Copernicus_GLO-30_v2023,Industrial,B,Manhole,ERA5,Low
18.575206,73.970498,-3.0,7.42,81.9,20.7,10,"Pune, India",District 14,Copernicus_GLO-30_v2023,Commercial,B,Manhole,IMD,High
1.376511,103.86334,8.88,3.31,136.4,150.0,100,"Singapore, Singapore",Ward E,SRTM_1arc,Commercial,C,Manhole,LocalGauge,High
14.7408,121.037862,12.4,3.53,49.3,34.7,2,"Manila, Philippines",Sector 29,Copernicus_GLO-30_v2023,Roads,D,OpenChannel,,Low
25.022527,121.475552,29.91,4.77,117.9,21.9,2,"Taipei, Taiwan",Sector 27,Copernicus_GLO-90_v2022,Industrial,C,CurbInlet,ERA5,Low
53.3908,10.035679,51.76,10.17,4.3,33.5,50,"Hamburg, Germany",Ward A,Copernicus_GLO-90_v2022,Roads,B,CurbInlet,IMD,Low
35.640678,51.315357,82.5,2.38,38.4,40.3,5,"Tehran, Iran",District 8,SRTM_3arc,Residential,B,CurbInlet,LocalGauge,Moderate
51.917783,4.40911,2.33,2.61,,23.1,10,"Rotterdam, Netherlands",Borough North,SRTM_1arc,Residential,D,CurbInlet,,High
55.632304,12.618777,23.75,,256.6,27.6,10,"Copenhagen, Denmark",Sector 14,SRTM_1arc,Green,D,GratedInlet,Blended,Low
-23.556091,-46.587018,49.41,7.53,,89.6,2,"Sao Paulo, Brazil",Zone VII,Copernicus_EEA-10_v5,Roads,A,CurbInlet,ERA5,Moderate
23.056499,72.629412,61.69,7.45,,20.0,25,"Ahmedabad, India",Borough West,Copernicus_EEA-10_v5,Industrial,B,CurbInlet,LocalGauge,Low
24.641361,46.690154,26.41,4.91,32.4,8.5,5,"Riyadh, Saudi Arabia",Zone II,Copernicus_EEA-10_v5,Residential,B,CurbInlet,ERA5,Low
29.8677,-90.058014,14.44,8.6,150.7,29.7,2,"New Orleans, USA",Sector 29,SRTM_3arc,Residential,B,,,Low
53.469971,10.069403,0.53,3.14,274.6,32.0,25,"Hamburg, Germany",District 10,Copernicus_EEA-10_v5,Green,B,Manhole,,High
10.890532,106.51306,14.6,8.47,67.0,90.3,5,"Ho Chi Minh City, Vietnam",Sector 23,SRTM_1arc,Commercial,C,Manhole,LocalGauge,Moderate
40.905096,28.956286,47.02,5.89,48.6,16.0,5,"Istanbul, Türkiye",District 23,SRTM_3arc,Commercial,,Manhole,,Low
-33.870557,18.472307,183.7,1.93,273.6,19.9,25,"Cape Town, South Africa",Ward G,SRTM_3arc,Green,D,CurbInlet,Blended,Very High
13.188348,80.350287,12.34,3.7,108.8,41.5,25,"Chennai, India",District 26,Copernicus_EEA-10_v5,Green,D,CurbInlet,IMD,Low
-11.98696,-76.957503,61.81,2.53,441.6,40.8,5,"Lima, Peru",Borough East,Copernicus_EEA-10_v5,Green,D,OpenChannel,ERA5,Moderate
24.665252,46.638564,72.93,,102.3,12.4,10,"Riyadh, Saudi Arabia",Sector 7,SRTM_3arc,Mixed,B,GratedInlet,ERA5,Low
39.952134,-75.178309,77.25,8.14,4.1,26.8,25,"Philadelphia, USA",Zone VI,Copernicus_EEA-10_v5,Commercial,B,Manhole,IMD,Low
51.498276,-0.175483,34.99,3.38,114.4,63.0,2,"London, UK",Ward D,Copernicus_EEA-10_v5,Residential,A,CurbInlet,,Low
24.679585,46.755747,-3.0,5.71,87.1,8.6,10,"Riyadh, Saudi Arabia",Ward I,Copernicus_GLO-30_v2023,Roads,B,Manhole,ERA5,High
22.595972,88.401311,23.13,6.43,57.2,26.3,2,"Kolkata, India",Sector 10,SRTM_1arc,Green,D,GratedInlet,ERA5,Low
-27.482592,153.011911,,5.42,52.8,32.4,50,"Brisbane, Australia",Zone I,Copernicus_EEA-10_v5,Residential,C,CurbInlet,LocalGauge,Low
35.659465,139.605611,-3.0,7.21,319.7,43.7,50,"Tokyo, Japan",Ward I,Copernicus_GLO-90_v2022,Green,A,,IMD,High
38.914633,-77.001546,70.97,7.61,330.6,47.6,5,"Washington DC, USA",Zone I,Copernicus_EEA-10_v5,Roads,,OpenChannel,Blended,Low
-11.993655,-77.024442,21.15,6.3,129.0,35.9,100,"Lima, Peru",Sector 24,Copernicus_GLO-30_v2023,Institutional,A,GratedInlet,ERA5,Low
34.611108,135.601162,153.91,7.75,439.6,74.0,25,"Osaka, Japan",Ward G,Copernicus_GLO-30_v2023,Industrial,C,OpenChannel,ERA5,Low
-34.674195,-58.463025,89.19,,248.5,21.8,2,"Buenos Aires, Argentina",Zone III,Copernicus_GLO-30_v2023,Institutional,C,OpenChannel,LocalGauge,Low
21.041748,105.761559,73.01,5.23,101.5,48.0,25,"Hanoi, Vietnam",Borough South,Copernicus_GLO-30_v2023,Residential,,Manhole,LocalGauge,Low
31.389409,121.47089,19.02,7.47,185.8,30.3,2,"Shanghai, China",Ward B,Copernicus_EEA-10_v5,Roads,B,,LocalGauge,Low
29.763446,-95.204308,57.12,3.66,49.5,21.1,25,"Houston, USA",District 17,SRTM_1arc,Residential,D,Manhole,ERA5,Low
24.932233,67.022422,3.04,6.14,371.8,35.4,10,"Karachi, Pakistan",Zone IV,Copernicus_EEA-10_v5,Residential,C,,,High
-12.067346,-77.134339,81.9,10.87,10.6,26.2,50,"Lima, Peru",Zone VIII,Copernicus_GLO-90_v2022,Commercial,C,CurbInlet,LocalGauge,Low
39.937856,-75.228937,28.33,10.33,65.7,35.6,2,"Philadelphia, USA",District 4,Copernicus_EEA-10_v5,Roads,B,GratedInlet,IMD,Low
51.984869,4.454636,12.3,3.99,,55.2,50,"Rotterdam, Netherlands",District 12,SRTM_1arc,Residential,B,GratedInlet,LocalGauge,Low
3.24852,101.77501,45.01,11.51,61.9,73.0,50,"Kuala Lumpur, Malaysia",Zone VIII,SRTM_1arc,Industrial,D,OpenChannel,ERA5,Low
55.631318,12.581618,2.39,8.09,20.6,47.1,50,"Copenhagen, Denmark",Sector 21,SRTM_1arc,Residential,C,Manhole,Blended,Very High
25.08819,121.553027,73.41,3.33,84.2,61.9,2,"Taipei, Taiwan",Ward E,Copernicus_EEA-10_v5,Residential,B,CurbInlet,ERA5,Low
14.684029,120.982508,14.78,8.67,109.6,55.8,25,"Manila, Philippines",Sector 3,SRTM_3arc,Informal,A,OpenChannel,ERA5,Low
22.405906,114.101329,9.54,6.61,216.0,85.6,10,"Shenzhen, China",Zone II,Copernicus_EEA-10_v5,Commercial,B,OpenChannel,,Very High
-27.346465,153.009891,65.23,3.32,134.6,74.8,25,"Brisbane, Australia",District 11,Copernicus_EEA-10_v5,Green,B,CurbInlet,IMD,Low
13.234755,80.281603,6.88,5.72,,52.9,25,"Chennai, India",District 25,Copernicus_GLO-30_v2023,Water,A,OpenChannel,LocalGauge,High
10.787952,106.580353,2.07,7.41,382.3,46.2,50,"Ho Chi Minh City, Vietnam",Borough South,Copernicus_GLO-90_v2022,Institutional,C,CurbInlet,ERA5,High
18.936852,72.829707,19.94,5.04,177.7,65.7,10,"Mumbai, India",Borough East,Copernicus_GLO-90_v2022,Roads,A,OpenChannel,LocalGauge,Low
55.674157,12.552691,10.95,7.49,155.9,39.0,5,"Copenhagen, Denmark",Sector 1,Copernicus_GLO-30_v2023,Commercial,C,CurbInlet,ERA5,Low
34.668148,135.467984,88.93,8.44,31.7,26.9,50,"Osaka, Japan",Sector 27,Copernicus_GLO-30_v2023,Mixed,,CurbInlet,Blended,Low
1.440947,103.795449,21.63,7.11,147.4,55.2,2,"Singapore, Singapore",Ward A,SRTM_1arc,Roads,A,OpenChannel,ERA5,Low
51.836494,4.494686,13.08,8.59,96.5,19.2,10,"Rotterdam, Netherlands",Borough Harbor,SRTM_1arc,Commercial,D,Manhole,,Low
12.962712,77.613952,,4.07,19.7,54.2,2,"Bengaluru, India",Borough North,Copernicus_GLO-30_v2023,Water,A,OpenChannel,ERA5,Low
18.662988,74.089304,40.74,,165.8,27.3,25,"Pune, India",Ward J,Copernicus_GLO-30_v2023,Green,D,CurbInlet,ERA5,Low
41.337527,2.162418,-1.72,8.33,98.9,41.1,2,"Barcelona, Spain",Zone VIII,SRTM_1arc,Roads,A,CurbInlet,Blended,High
24.892184,67.076192,33.15,5.77,185.0,15.5,100,"Karachi, Pakistan",Ward I,Copernicus_EEA-10_v5,Residential,B,Manhole,IMD,Low
-1.390578,36.906604,53.41,6.61,688.8,42.5,25,"Nairobi, Kenya",Borough Delta,SRTM_3arc,Green,C,,LocalGauge,Low
25.514165,-80.337782,3.91,9.57,33.0,104.2,5,"Miami, USA",Sector 26,SRTM_1arc,Roads,D,GratedInlet,ERA5,High
37.554769,127.019884,63.2,3.57,106.9,22.9,2,"Seoul, South Korea",Sector 30,Copernicus_GLO-30_v2023,Institutional,B,GratedInlet,IMD,Low
4.72376,-74.159818,-3.0,,96.4,21.1,50,"Bogotá, Colombia",Ward F,Copernicus_EEA-10_v5,Residential,,Manhole,ERA5,High
-12.017529,-76.983358,31.07,,20.3,30.1,50,"Lima, Peru",Zone IV,Copernicus_GLO-30_v2023,Roads,B,GratedInlet,Blended,Low
-33.85822,151.097908,4.43,,314.1,26.3,5,"Sydney, Australia",Borough Delta,SRTM_3arc,Green,A,OpenChannel,ERA5,High
30.105616,-90.054217,8.17,4.15,,27.4,2,"New Orleans, USA",Borough Hillside,SRTM_1arc,Commercial,,OpenChannel,ERA5,Low
48.794752,2.461056,46.27,8.49,148.6,29.6,10,"Paris, France",Ward B,Copernicus_GLO-30_v2023,Commercial,,GratedInlet,ERA5,Low
48.804512,2.353269,79.22,6.99,154.5,33.3,5,"Paris, France",Zone VIII,Copernicus_GLO-30_v2023,Residential,C,CurbInlet,IMD,Low
40.686698,-74.090619,67.85,5.31,142.5,17.6,5,"New York, USA",Borough Old Town,SRTM_1arc,Commercial,B,Manhole,ERA5,Low
22.898055,72.540289,73.9,3.76,76.5,50.7,10,"Ahmedabad, India",Ward G,Copernicus_GLO-30_v2023,Green,B,GratedInlet,LocalGauge,Low
-33.933994,151.293151,18.09,4.63,30.0,41.1,5,"Sydney, Australia",Borough West,SRTM_1arc,Institutional,C,OpenChannel,LocalGauge,Low
19.352517,-99.186477,68.77,8.68,3.9,46.1,100,"Mexico City, Mexico",Borough Harbor,Copernicus_GLO-30_v2023,Roads,A,CurbInlet,ERA5,Low
48.740994,2.279908,101.21,4.93,111.4,26.3,2,"Paris, France",Ward C,Copernicus_GLO-30_v2023,Roads,,Manhole,ERA5,Low
19.087989,72.896894,20.51,8.35,75.0,58.3,25,"Mumbai, India",Zone VIII,SRTM_3arc,Commercial,D,Manhole,LocalGauge,Low
-22.929879,-43.062853,2.8,,1.4,58.8,10,"Rio de Janeiro, Brazil",Zone IV,SRTM_3arc,Residential,A,CurbInlet,Blended,High
35.781993,51.284404,86.53,6.34,149.1,49.4,50,"Tehran, Iran",District 19,Copernicus_GLO-30_v2023,Industrial,B,OpenChannel,LocalGauge,Low
37.725868,-122.370136,199.87,4.02,185.8,15.1,5,"San Francisco, USA",District 8,SRTM_1arc,Residential,B,OpenChannel,ERA5,Low
14.523032,121.037338,7.73,8.41,263.9,65.2,5,"Manila, Philippines",Sector 14,Copernicus_GLO-30_v2023,Residential,B,OpenChannel,ERA5,High
23.018796,113.181516,-3.0,3.88,163.3,71.6,50,"Guangzhou, China",Zone IV,Copernicus_GLO-30_v2023,Roads,,CurbInlet,LocalGauge,High
53.574231,9.907241,85.98,10.67,198.8,64.4,5,"Hamburg, Germany",Ward F,SRTM_1arc,Roads,,OpenChannel,ERA5,Low
-12.097714,-77.149043,40.47,5.99,218.3,60.9,2,"Lima, Peru",Zone VIII,Copernicus_EEA-10_v5,Water,D,CurbInlet,,Low
51.953381,4.489087,5.14,5.79,290.9,19.3,2,"Rotterdam, Netherlands",District 6,Copernicus_EEA-10_v5,Green,B,Manhole,,High
30.059895,-90.00645,15.63,7.92,48.4,26.8,50,"New Orleans, USA",Borough West,SRTM_3arc,Mixed,A,GratedInlet,LocalGauge,Low
18.515805,73.893303,69.12,9.22,108.4,22.0,10,"Pune, India",Sector 19,Copernicus_GLO-30_v2023,Commercial,D,CurbInlet,,Low
38.849125,-77.025252,-3.0,6.88,172.3,51.2,2,"Washington DC, USA",Sector 8,Copernicus_GLO-30_v2023,Green,A,Manhole,IMD,High
45.378225,-73.588294,112.91,6.66,131.9,20.3,25,"Montreal, Canada",Borough Delta,SRTM_1arc,Roads,C,Manhole,,Low
24.761389,46.618214,78.55,,191.1,14.1,2,"Riyadh, Saudi Arabia",District 18,Copernicus_GLO-30_v2023,Roads,,Manhole,IMD,Low
29.69263,-95.42272,57.47,7.31,144.8,42.1,5,"Houston, USA",District 1,SRTM_3arc,Institutional,D,Manhole,Blended,Low
6.530401,3.366467,12.85,2.34,190.3,58.5,50,"Lagos, Nigeria",District 9,Copernicus_EEA-10_v5,Green,,OpenChannel,ERA5,Very High
22.322034,114.254569,1.49,2.01,220.4,86.9,25,"Hong Kong, China",Borough Harbor,Copernicus_GLO-30_v2023,Green,,CurbInlet,Blended,Very High
-23.435681,-46.695501,53.23,,8.5,58.5,5,"Sao Paulo, Brazil",Zone II,Copernicus_GLO-90_v2022,Roads,B,CurbInlet,Blended,Low
17.409677,78.390015,22.17,6.92,34.6,50.3,25,"Hyderabad, India",Zone V,SRTM_3arc,Residential,A,OpenChannel,ERA5,Low
22.537683,114.035488,-3.0,2.83,74.6,41.2,2,"Shenzhen, China",Borough West,SRTM_1arc,Residential,B,Manhole,Blended,High
22.575624,114.043803,3.7,6.15,52.9,93.3,5,"Shenzhen, China",Ward K,SRTM_3arc,Roads,,OpenChannel,IMD,High
6.457234,3.406915,12.78,6.43,37.5,49.8,2,"Lagos, Nigeria",Sector 30,Copernicus_EEA-10_v5,Residential,C,Manhole,ERA5,Low
13.157692,80.30691,22.1,9.23,4.9,91.8,10,"Chennai, India",Borough Old Town,Copernicus_GLO-30_v2023,Roads,,Manhole,Blended,Moderate
28.680172,77.118965,28.49,10.16,91.5,50.5,50,"Delhi, India",Borough South,SRTM_1arc,Roads,,Manhole,,Low
40.973665,28.836225,22.81,,127.6,16.9,2,"Istanbul, Türkiye",Ward A,Copernicus_GLO-30_v2023,Commercial,B,CurbInlet,Blended,Low
25.107066,55.291682,65.18,9.88,96.8,9.9,2,"Dubai, UAE",Ward H,Copernicus_EEA-10_v5,Industrial,B,GratedInlet,IMD,Low
22.275331,114.066262,-0.54,10.43,287.2,60.2,2,"Hong Kong, China",Zone VIII,Copernicus_GLO-30_v2023,Industrial,B,OpenChannel,,High
-23.607566,-46.65442,,,214.5,79.5,25,"Sao Paulo, Brazil",District 26,SRTM_1arc,Residential,,OpenChannel,IMD,Low
41.546001,2.149377,22.64,1.74,176.1,65.3,5,"Barcelona, Spain",Zone VII,Copernicus_EEA-10_v5,Green,B,GratedInlet,IMD,Very High
31.350399,121.515148,12.56,9.53,117.6,23.1,100,"Shanghai, China",Sector 16,Copernicus_EEA-10_v5,Industrial,A,GratedInlet,ERA5,Low
40.961125,28.841423,40.81,5.46,70.9,50.3,5,"Istanbul, Türkiye",Zone V,Copernicus_GLO-30_v2023,Industrial,A,GratedInlet,IMD,Low
-6.237599,106.888409,19.91,6.27,136.6,26.6,10,"Jakarta, Indonesia",District 9,Copernicus_GLO-30_v2023,Commercial,C,GratedInlet,ERA5,Low
-33.904719,151.081554,14.83,7.66,55.4,27.7,100,"Sydney, Australia",Zone VI,Copernicus_GLO-30_v2023,Informal,B,Manhole,IMD,Low
23.169613,72.618909,37.12,5.07,224.6,21.3,5,"Ahmedabad, India",Sector 20,Copernicus_GLO-30_v2023,Institutional,C,CurbInlet,,Low
23.854322,90.467371,-3.0,2.5,71.6,100.1,50,"Dhaka, Bangladesh",Ward C,Copernicus_GLO-30_v2023,Residential,C,OpenChannel,Blended,High
12.904517,77.530421,112.99,8.78,137.7,43.6,2,"Bengaluru, India",District 21,Copernicus_GLO-30_v2023,Informal,C,CurbInlet,,Low
-23.033853,-43.101966,2.68,,,76.6,50,"Rio de Janeiro, Brazil",Sector 5,Copernicus_GLO-90_v2022,Industrial,B,Manhole,,High
24.776093,46.710111,39.68,4.94,52.0,32.3,5,"Riyadh, Saudi Arabia",Borough Delta,Copernicus_EEA-10_v5,Residential,C,CurbInlet,IMD,Low
51.549938,-0.107785,45.56,2.91,50.7,47.3,10,"London, UK",Zone IX,SRTM_1arc,Residential,A,OpenChannel,IMD,Moderate
29.762999,-95.489522,5.62,5.69,316.4,55.8,50,"Houston, USA",Borough Hillside,Copernicus_GLO-90_v2022,Green,B,GratedInlet,IMD,High
13.779823,100.463987,23.35,4.94,37.6,78.9,50,"Bangkok, Thailand",Sector 3,SRTM_3arc,Commercial,D,CurbInlet,ERA5,Low
4.607249,-73.997026,-3.0,5.2,32.5,42.7,5,"Bogotá, Colombia",Borough North,Copernicus_GLO-30_v2023,Industrial,D,Manhole,,High
18.537123,73.914859,82.49,,,32.9,10,"Pune, India",District 27,SRTM_1arc,Residential,B,CurbInlet,Blended,Low
52.392608,4.965928,7.1,5.02,11.8,16.9,2,"Amsterdam, Netherlands",Borough Harbor,SRTM_1arc,Residential,,CurbInlet,ERA5,High
52.378298,4.913748,6.59,5.93,22.1,24.7,2,"Amsterdam, Netherlands",Borough Hillside,SRTM_1arc,Residential,B,CurbInlet,Blended,High
52.331293,4.853567,-3.0,9.43,,10.9,25,"Amsterdam, Netherlands",Borough Old Town,Copernicus_EEA-10_v5,Commercial,C,CurbInlet,ERA5,High
35.657215,51.380266,110.22,5.67,200.2,43.5,5,"Tehran, Iran",Ward E,SRTM_1arc,Roads,,CurbInlet,ERA5,Low
55.672756,12.498374,27.9,7.97,17.1,34.4,10,"Copenhagen, Denmark",Sector 24,Copernicus_GLO-30_v2023,Industrial,A,CurbInlet,IMD,Low
40.859385,28.977664,16.67,4.42,69.7,31.8,10,"Istanbul, Türkiye",Borough Harbor,SRTM_1arc,Institutional,B,GratedInlet,IMD,Low
-34.66872,-58.456992,18.17,7.75,,34.5,25,"Buenos Aires, Argentina",Ward F,Copernicus_GLO-90_v2022,Commercial,B,OpenChannel,Blended,Low
35.698295,139.666558,64.94,5.91,453.5,52.1,5,"Tokyo, Japan",Zone VII,SRTM_1arc,Roads,D,OpenChannel,IMD,Low
38.98458,-77.126841,62.08,4.11,321.9,40.3,2,"Washington DC, USA",Zone II,SRTM_3arc,Residential,B,OpenChannel,ERA5,Low
1.414695,103.809052,3.39,7.55,296.3,132.7,100,"Singapore, Singapore",Sector 13,Copernicus_GLO-30_v2023,Institutional,,Manhole,LocalGauge,High
28.537309,77.301926,63.14,6.11,180.2,24.9,50,"Delhi, India",Zone VI,Copernicus_GLO-30_v2023,Industrial,C,OpenChannel,ERA5,Low
12.975412,77.553468,43.85,4.57,110.2,53.9,5,"Bengaluru, India",Zone X,SRTM_1arc,Commercial,,CurbInlet,ERA5,Low
48.850221,2.351908,49.76,8.83,79.5,37.4,2,"Paris, France",Sector 1,Copernicus_GLO-90_v2022,Roads,C,OpenChannel,LocalGauge,Low
20.839309,105.779958,101.14,6.59,92.1,74.0,10,"Hanoi, Vietnam",Zone V,Copernicus_EEA-10_v5,Roads,D,OpenChannel,ERA5,Low
13.727791,100.496571,11.32,4.47,132.0,49.7,10,"Bangkok, Thailand",Ward A,Copernicus_GLO-90_v2022,Green,D,Manhole,IMD,Low
5.588281,-0.260113,3.63,6.45,1.6,79.3,25,"Accra, Ghana",District 28,SRTM_1arc,Commercial,C,OpenChannel,IMD,Very High
45.503508,-73.499706,15.67,8.54,49.5,41.4,5,"Montreal, Canada",Borough North,Copernicus_GLO-30_v2023,Industrial,B,Manhole,ERA5,Low
10.756764,106.646767,23.22,3.12,375.5,39.3,2,"Ho Chi Minh City, Vietnam",District 2,SRTM_1arc,Green,D,CurbInlet,ERA5,Low
29.84323,-95.346401,47.8,6.11,21.4,46.6,5,"Houston, USA",Ward I,SRTM_1arc,Residential,B,CurbInlet,ERA5,Low
37.862792,23.720579,67.2,4.58,31.8,12.6,2,"Athens, Greece",Borough West,SRTM_1arc,Roads,D,GratedInlet,,Low
48.850151,2.34864,59.53,5.38,69.7,49.6,50,"Paris, France",Sector 26,Copernicus_GLO-90_v2022,Residential,B,GratedInlet,IMD,Low
-29.942261,31.043286,40.49,8.64,123.1,38.1,5,"Durban, South Africa",Zone IV,SRTM_3arc,Mixed,B,CurbInlet,Blended,Low
17.343763,78.524928,31.41,5.37,436.0,24.2,2,"Hyderabad, India",Borough North,Copernicus_GLO-30_v2023,Roads,C,OpenChannel,IMD,Low
-36.825738,174.819888,49.75,2.25,413.5,34.0,10,"Auckland, New Zealand",Ward H,SRTM_3arc,Green,A,OpenChannel,LocalGauge,Moderate
49.289313,-123.087291,11.79,4.25,262.4,24.1,2,"Vancouver, Canada",District 8,Copernicus_EEA-10_v5,Water,,Manhole,ERA5,Low
14.765753,120.987248,14.09,,93.4,82.0,50,"Manila, Philippines",District 25,Copernicus_GLO-30_v2023,Residential,D,OpenChannel,ERA5,Moderate
29.937586,-90.05801,2.9,6.92,84.9,28.9,10,"New Orleans, USA",District 24,Copernicus_GLO-30_v2023,Industrial,B,Manhole,,High
37.608937,-122.279155,90.48,6.31,55.3,41.3,5,"San Francisco, USA",Sector 5,SRTM_1arc,Residential,A,GratedInlet,LocalGauge,Low
25.287486,51.621283,107.47,4.64,33.0,14.9,25,"Doha, Qatar",Zone I,SRTM_1arc,Commercial,D,CurbInlet,IMD,Low
19.464859,-99.138764,109.67,9.31,120.4,20.7,2,"Mexico City, Mexico",Sector 7,Copernicus_EEA-10_v5,Industrial,A,GratedInlet,LocalGauge,Low
39.003335,-77.123286,59.14,2.07,2.0,35.7,25,"Washington DC, USA",Ward G,Copernicus_GLO-30_v2023,Residential,B,Manhole,Blended,Moderate
28.743897,77.319533,38.04,6.9,211.9,45.1,5,"Delhi, India",District 20,Copernicus_EEA-10_v5,Green,D,GratedInlet,ERA5,Low
-12.112317,-77.182807,,8.0,64.0,29.7,10,"Lima, Peru",Sector 18,SRTM_1arc,Commercial,,CurbInlet,ERA5,Low
38.801725,-76.982915,53.87,6.19,11.0,35.1,50,"Washington DC, USA",Zone VIII,Copernicus_GLO-30_v2023,Industrial,B,OpenChannel,ERA5,Low
-29.881087,30.999472,21.16,4.55,124.0,90.4,10,"Durban, South Africa",District 13,Copernicus_EEA-10_v5,Green,D,CurbInlet,ERA5,Moderate
53.659498,10.095186,8.26,4.59,172.4,40.5,10,"Hamburg, Germany",Sector 13,Copernicus_GLO-30_v2023,Residential,B,CurbInlet,ERA5,Low
51.853352,4.513923,16.14,6.46,312.2,11.6,2,"Rotterdam, Netherlands",Sector 26,SRTM_1arc,Residential,D,,ERA5,Low
51.520953,-0.184526,,9.76,25.3,39.9,25,"London, UK",Sector 23,Copernicus_EEA-10_v5,Informal,A,OpenChannel,IMD,Low
10.94311,106.65812,34.8,1.76,257.7,67.7,25,"Ho Chi Minh City, Vietnam",Zone VII,Copernicus_GLO-30_v2023,Green,,CurbInlet,ERA5,Very High
41.951726,12.550095,51.05,6.92,125.0,33.5,10,"Rome, Italy",Sector 24,Copernicus_EEA-10_v5,Roads,C,CurbInlet,ERA5,Low
-1.341502,36.785666,75.43,8.05,3.2,18.8,5,"Nairobi, Kenya",Ward F,SRTM_1arc,Residential,C,CurbInlet,ERA5,Low
-36.912945,174.727732,38.7,2.75,141.4,37.8,5,"Auckland, New Zealand",Zone II,SRTM_1arc,Institutional,C,GratedInlet,ERA5,Very High
-33.892023,151.256871,11.05,5.57,121.0,21.3,2,"Sydney, Australia",Sector 20,Copernicus_GLO-30_v2023,Roads,C,OpenChannel,ERA5,Low
4.683532,-74.094583,76.81,2.56,227.9,27.7,5,"Bogotá, Colombia",District 20,SRTM_1arc,Green,D,CurbInlet,LocalGauge,Moderate
1.436535,103.851633,13.05,9.06,,71.0,25,"Singapore, Singapore",Ward H,SRTM_3arc,Roads,D,OpenChannel,ERA5,Low
12.976419,77.672582,,6.9,44.5,29.6,5,"Bengaluru, India",Zone III,SRTM_1arc,Roads,B,CurbInlet,ERA5,Low
17.400306,78.42412,0.6,10.63,112.2,32.7,5,"Hyderabad, India",Ward K,SRTM_1arc,Industrial,A,CurbInlet,ERA5,High
40.697476,-73.989248,-3.0,5.28,28.1,37.0,10,"New York, USA",Borough Central,SRTM_1arc,Roads,B,Manhole,ERA5,High
19.506972,-99.083452,29.79,6.37,78.2,105.3,100,"Mexico City, Mexico",District 28,Copernicus_GLO-30_v2023,Green,D,OpenChannel,ERA5,Moderate
30.02893,-90.125852,25.71,9.35,164.9,30.6,50,"New Orleans, USA",Zone I,SRTM_1arc,Industrial,A,OpenChannel,ERA5,Low
39.897007,-75.138577,3.21,5.29,26.8,15.5,10,"Philadelphia, USA",Sector 24,Copernicus_GLO-30_v2023,Industrial,D,CurbInlet,,High
52.429427,4.84654,9.15,5.02,31.6,95.9,25,"Amsterdam, Netherlands",Borough Old Town,SRTM_1arc,Commercial,A,Manhole,IMD,Moderate
35.567025,51.338974,165.1,10.45,98.0,18.1,10,"Tehran, Iran",Ward E,SRTM_3arc,Roads,C,Manhole,ERA5,Low
38.835243,-77.032635,44.84,4.86,43.4,24.3,25,"Washington DC, USA",Sector 21,Copernicus_GLO-30_v2023,Commercial,B,OpenChannel,LocalGauge,Low
55.68215,12.620313,46.36,5.78,113.9,67.1,10,"Copenhagen, Denmark",Ward G,Copernicus_EEA-10_v5,Roads,A,Manhole,Blended,Low
5.593215,-0.123185,21.76,4.71,73.6,104.7,50,"Accra, Ghana",Ward A,SRTM_1arc,Residential,D,CurbInlet,ERA5,Moderate
-36.770466,174.80051,96.1,2.55,116.6,34.2,5,"Auckland, New Zealand",Zone III,SRTM_1arc,Residential,B,CurbInlet,ERA5,Moderate
38.840094,-77.085936,,5.8,207.7,33.5,5,"Washington DC, USA",Sector 15,SRTM_1arc,Residential,,OpenChannel,LocalGauge,Low
12.971863,77.499457,19.29,5.39,102.9,45.5,50,"Bengaluru, India",Zone II,Copernicus_EEA-10_v5,Mixed,C,CurbInlet,LocalGauge,Low
40.938883,29.037041,43.22,5.25,217.8,17.2,2,"Istanbul, Türkiye",Ward H,Copernicus_GLO-30_v2023,Institutional,C,OpenChannel,Blended,Low
28.654352,77.174898,29.64,5.97,279.8,50.9,25,"Delhi, India",Ward H,SRTM_1arc,Green,C,,ERA5,Low
35.621167,51.457125,95.27,9.74,43.2,33.4,10,"Tehran, Iran",District 13,Copernicus_GLO-30_v2023,Commercial,C,Manhole,Blended,Low
41.870449,12.537356,81.34,8.12,81.2,33.9,25,"Rome, Italy",Zone IV,SRTM_1arc,Mixed,C,CurbInlet,LocalGauge,Low
22.918461,72.46655,17.29,5.34,141.0,41.3,50,"Ahmedabad, India",Zone I,SRTM_1arc,Residential,D,Manhole,Blended,Low
23.820243,90.445466,28.41,6.75,100.2,122.8,100,"Dhaka, Bangladesh",Ward F,Copernicus_GLO-30_v2023,Residential,B,Manhole,LocalGauge,Moderate
55.720015,12.625263,86.77,5.96,111.4,30.3,25,"Copenhagen, Denmark",Ward D,Copernicus_GLO-30_v2023,Roads,B,Manhole,ERA5,Low
37.653485,-122.428024,103.7,2.59,383.9,21.2,25,"San Francisco, USA",Borough Harbor,SRTM_1arc,Green,C,Manhole,Blended,Moderate
24.994404,66.990375,40.17,6.3,25.3,37.5,25,"Karachi, Pakistan",Borough West,Copernicus_GLO-30_v2023,Residential,D,GratedInlet,Blended,Low
17.330777,78.413597,95.35,7.46,77.7,32.9,2,"Hyderabad, India",District 28,SRTM_1arc,Green,B,Manhole,ERA5,Low
-29.861286,31.003011,90.1,6.77,265.2,28.9,25,"Durban, South Africa",Ward K,Copernicus_EEA-10_v5,Green,D,CurbInlet,LocalGauge,Low
-22.852815,-43.10377,8.57,5.86,273.1,46.1,5,"Rio de Janeiro, Brazil",District 26,Copernicus_GLO-30_v2023,Green,C,CurbInlet,LocalGauge,Low
34.718116,135.439287,82.8,,22.9,24.7,25,"Osaka, Japan",Borough Hillside,SRTM_3arc,Commercial,B,GratedInlet,ERA5,Low
29.787057,-95.480957,68.22,7.4,506.1,37.5,10,"Houston, USA",Ward C,Copernicus_GLO-30_v2023,Roads,C,,ERA5,Low
23.709857,90.335245,29.33,,133.0,53.0,50,"Dhaka, Bangladesh",Ward B,Copernicus_EEA-10_v5,Roads,D,CurbInlet,LocalGauge,Low
38.060732,23.814645,64.97,8.12,203.5,72.5,25,"Athens, Greece",District 14,SRTM_3arc,Industrial,D,OpenChannel,LocalGauge,Low
4.820196,-74.087819,-3.0,9.61,28.9,14.5,10,"Bogotá, Colombia",District 3,SRTM_3arc,Roads,,CurbInlet,LocalGauge,High
13.032985,77.525474,107.72,5.02,51.2,15.6,10,"Bengaluru, India",Ward C,SRTM_1arc,Mixed,C,CurbInlet,IMD,Low
14.559466,120.959337,-3.0,10.38,18.1,37.2,5,"Manila, Philippines",Sector 12,Copernicus_GLO-30_v2023,Roads,A,CurbInlet,LocalGauge,High
39.863444,-75.244375,-3.0,8.19,18.5,15.9,2,"Philadelphia, USA",Zone IV,SRTM_3arc,Residential,D,CurbInlet,IMD,Very High
37.822754,-122.264542,37.82,4.79,,34.0,5,"San Francisco, USA",District 15,Copernicus_GLO-30_v2023,Institutional,C,GratedInlet,ERA5,Low
39.877507,-75.219547,55.03,6.88,87.0,31.8,5,"Philadelphia, USA",Zone VIII,Copernicus_GLO-30_v2023,Residential,C,OpenChannel,LocalGauge,Low
38.900106,-77.130974,46.25,9.6,66.0,57.0,5,"Washington DC, USA",Borough North,Copernicus_GLO-30_v2023,Commercial,B,Manhole,Blended,Low
25.244372,55.238492,64.54,10.61,48.1,11.0,2,"Dubai, UAE",Ward E,Copernicus_GLO-90_v2022,Industrial,C,Manhole,IMD,Low
22.502441,88.388195,0.82,4.02,235.5,19.8,2,"Kolkata, India",Sector 2,Copernicus_GLO-30_v2023,Residential,C,OpenChannel,ERA5,High
48.813754,2.319234,12.78,7.69,263.0,33.5,10,"Paris, France",Sector 26,SRTM_1arc,Green,A,Manhole,ERA5,Low
-36.877243,174.654183,16.95,7.2,4.8,35.0,25,"Auckland, New Zealand",Borough Hillside,Copernicus_GLO-90_v2022,Industrial,B,CurbInlet,,Low
1.373572,103.885093,-1.56,3.78,37.7,39.5,10,"Singapore, Singapore",Borough Riverside,SRTM_1arc,Residential,C,Manhole,ERA5,Very High
37.836354,23.737228,72.08,6.13,59.6,25.2,10,"Athens, Greece",District 18,Copernicus_EEA-10_v5,Roads,D,CurbInlet,ERA5,Low
-33.911126,18.471533,94.48,7.79,131.7,23.6,25,"Cape Town, South Africa",Zone I,SRTM_1arc,Mixed,C,GratedInlet,ERA5,Low
53.547843,10.056854,33.59,,39.1,19.4,5,"Hamburg, Germany",Zone X,SRTM_1arc,Commercial,D,GratedInlet,,Low
40.176348,-75.167439,53.42,7.52,95.2,29.0,10,"Philadelphia, USA",Sector 4,SRTM_1arc,Residential,A,,ERA5,Low
-27.505958,152.986253,7.31,5.92,41.4,32.6,5,"Brisbane, Australia",Sector 22,Copernicus_EEA-10_v5,Commercial,D,CurbInlet,Blended,High
5.530644,-0.199079,10.94,,60.0,82.8,50,"Accra, Ghana",District 21,SRTM_1arc,Mixed,B,GratedInlet,LocalGauge,Moderate
30.031989,-90.1022,25.97,6.58,,25.2,10,"New Orleans, USA",Sector 5,SRTM_1arc,Industrial,A,Manhole,ERA5,Low
29.739922,-95.547153,-3.0,6.98,18.8,28.4,5,"Houston, USA",Sector 11,SRTM_3arc,Roads,A,Manhole,IMD,High
31.228349,121.503088,16.21,9.21,73.1,40.1,5,"Shanghai, China",District 23,Copernicus_GLO-30_v2023,Industrial,C,Manhole,LocalGauge,Low
48.916056,2.387111,95.38,,49.8,40.4,5,"Paris, France",Zone V,Copernicus_GLO-30_v2023,Industrial,A,Manhole,,Low
25.696455,-80.180022,7.38,6.95,322.2,88.0,50,"Miami, USA",Borough Harbor,SRTM_1arc,Roads,C,OpenChannel,IMD,Very High
23.031814,72.536613,,5.56,116.9,17.7,5,"Ahmedabad, India",Zone I,Copernicus_EEA-10_v5,Commercial,D,Manhole,ERA5,Low
55.613956,12.553419,74.74,,99.7,47.8,10,"Copenhagen, Denmark",Zone VII,SRTM_1arc,Commercial,A,GratedInlet,ERA5,Low
22.603453,113.944284,18.85,6.94,2.2,48.2,5,"Shenzhen, China",Sector 8,SRTM_1arc,Commercial,D,GratedInlet,LocalGauge,Low
34.618238,135.543634,71.11,8.03,70.0,27.1,100,"Osaka, Japan",Zone II,SRTM_1arc,Residential,D,CurbInlet,ERA5,Low
25.206679,55.297,140.6,3.46,,14.2,10,"Dubai, UAE",Ward E,SRTM_1arc,Green,B,OpenChannel,ERA5,Low
48.820295,2.362497,-3.0,6.01,77.4,43.9,25,"Paris, France",Zone V,Copernicus_GLO-30_v2023,Commercial,,CurbInlet,IMD,Very High
37.530551,126.942667,38.77,7.63,75.3,31.7,5,"Seoul, South Korea",Zone I,SRTM_3arc,Commercial,D,Manhole,IMD,Low
53.499476,9.987928,35.92,,87.2,24.8,10,"Hamburg, Germany",District 6,SRTM_1arc,Residential,,Manhole,IMD,Low
28.604522,77.356367,,8.55,204.9,31.7,10,"Delhi, India",District 4,Copernicus_GLO-90_v2022,Industrial,C,OpenChannel,ERA5,Low
19.046697,72.904096,31.27,6.3,62.7,57.2,10,"Mumbai, India",Sector 30,SRTM_1arc,Commercial,,Manhole,IMD,Low
51.822678,4.548301,24.75,5.6,120.7,35.5,50,"Rotterdam, Netherlands",Borough West,SRTM_3arc,Roads,C,GratedInlet,ERA5,Low
51.941492,4.557546,-3.0,,,25.7,5,"Rotterdam, Netherlands",Sector 18,SRTM_3arc,Roads,A,Manhole,Blended,High
40.033321,-75.206655,59.75,6.88,299.1,16.5,2,"Philadelphia, USA",Borough West,SRTM_1arc,Residential,D,,Blended,Low
-22.982711,-43.168558,7.52,,255.1,56.6,10,"Rio de Janeiro, Brazil",Borough Old Town,SRTM_3arc,Commercial,,OpenChannel,ERA5,High
52.411967,4.910303,13.61,6.86,7.4,40.8,2,"Amsterdam, Netherlands",District 30,SRTM_3arc,Roads,C,Manhole,ERA5,Low
55.676038,12.475858,-3.0,6.58,,73.0,25,"Copenhagen, Denmark",Sector 4,Copernicus_GLO-90_v2022,Roads,C,GratedInlet,ERA5,High
29.875716,-95.365477,-3.0,7.44,295.1,35.1,25,"Houston, USA",Borough Delta,Copernicus_EEA-10_v5,Commercial,D,OpenChannel,IMD,High
-22.734157,-43.078368,6.2,,275.3,47.6,100,"Rio de Janeiro, Brazil",Borough South,SRTM_1arc,Green,A,Manhole,LocalGauge,High
-34.626511,-58.36969,69.3,2.14,130.8,30.1,10,"Buenos Aires, Argentina",Zone VII,Copernicus_GLO-30_v2023,Residential,B,GratedInlet,,Moderate
10.783828,106.608651,17.98,7.5,120.9,99.0,25,"Ho Chi Minh City, Vietnam",Zone VI,Copernicus_EEA-10_v5,Industrial,A,CurbInlet,LocalGauge,Moderate
25.233784,55.162711,37.56,4.68,58.4,12.3,25,"Dubai, UAE",Borough West,SRTM_1arc,Roads,A,Manhole,Blended,Low
13.81983,100.409085,12.11,6.51,50.0,47.3,2,"Bangkok, Thailand",Zone IV,Copernicus_GLO-90_v2022,Residential,,CurbInlet,LocalGauge,Low
37.930266,23.77683,82.35,8.96,198.0,40.5,5,"Athens, Greece",Borough Riverside,SRTM_3arc,Industrial,C,OpenChannel,LocalGauge,Low
25.212535,51.449438,43.43,6.76,143.4,25.2,2,"Doha, Qatar",Zone II,Copernicus_GLO-30_v2023,Green,D,CurbInlet,,Low
-29.689839,30.931009,88.55,6.64,86.3,20.7,2,"Durban, South Africa",District 30,SRTM_1arc,Commercial,D,GratedInlet,,Low
40.721325,-73.918089,32.33,7.45,97.7,58.1,10,"New York, USA",District 9,SRTM_1arc,Mixed,A,GratedInlet,ERA5,Low
51.509335,-0.176816,5.88,4.9,77.5,28.2,5,"London, UK",District 26,SRTM_1arc,Residential,A,Manhole,,High
22.481937,88.384919,-3.0,7.71,59.1,43.9,2,"Kolkata, India",Zone VII,Copernicus_GLO-30_v2023,Residential,,GratedInlet,ERA5,High
6.892359,79.835083,14.12,6.9,5.3,38.3,10,"Colombo, Sri Lanka",District 14,Copernicus_EEA-10_v5,Commercial,C,GratedInlet,ERA5,Low
29.801225,-95.365109,78.33,7.89,33.1,16.7,25,"Houston, USA",District 10,Copernicus_EEA-10_v5,Roads,A,CurbInlet,IMD,Low
35.663378,51.380115,266.7,5.02,169.3,61.4,10,"Tehran, Iran",Sector 8,SRTM_3arc,Industrial,A,OpenChannel,ERA5,Low
-36.725358,174.693487,31.27,,110.3,15.0,2,"Auckland, New Zealand",Borough Riverside,SRTM_3arc,Roads,,Manhole,Blended,Low
28.597697,77.14876,16.94,11.06,14.9,31.3,2,"Delhi, India",Borough Central,Copernicus_EEA-10_v5,Mixed,D,CurbInlet,LocalGauge,Low
37.804709,-122.428751,101.2,4.67,226.5,36.3,100,"San Francisco, USA",Ward I,SRTM_1arc,Green,D,OpenChannel,ERA5,Low
5.629864,-0.380004,4.44,3.65,,58.7,50,"Accra, Ghana",Zone VIII,SRTM_3arc,Green,B,OpenChannel,LocalGauge,High
-29.875206,30.990429,29.26,,179.6,38.8,10,"Durban, South Africa",Sector 21,SRTM_1arc,Institutional,C,OpenChannel,ERA5,Low
13.837318,100.451984,2.8,5.27,12.5,66.0,25,"Bangkok, Thailand",Borough West,Copernicus_GLO-30_v2023,Commercial,D,CurbInlet,ERA5,Very High
13.005119,80.306822,15.33,8.46,7.0,49.9,10,"Chennai, India",Ward B,Copernicus_GLO-90_v2022,Mixed,B,GratedInlet,ERA5,Low
37.797121,-122.489398,-3.0,8.44,61.8,23.3,25,"San Francisco, USA",Ward I,Copernicus_GLO-30_v2023,Roads,C,CurbInlet,ERA5,High
-1.307403,36.889173,16.49,6.25,113.9,71.1,25,"Nairobi, Kenya",District 18,Copernicus_GLO-30_v2023,Roads,C,Manhole,,Low
14.599068,120.948872,-3.0,5.72,32.9,31.6,50,"Manila, Philippines",Zone V,Copernicus_GLO-30_v2023,Roads,D,Manhole,LocalGauge,Very High
22.536239,88.364486,32.93,3.92,176.2,18.7,5,"Kolkata, India",Ward B,Copernicus_GLO-30_v2023,Mixed,C,CurbInlet,ERA5,Low
24.98884,121.533569,23.07,7.9,39.1,50.7,25,"Taipei, Taiwan",Zone VIII,Copernicus_GLO-30_v2023,Commercial,B,OpenChannel,ERA5,Low
-33.804466,151.281246,12.89,4.42,77.7,48.0,5,"Sydney, Australia",Zone IX,Copernicus_GLO-30_v2023,Residential,B,CurbInlet,LocalGauge,Low
-33.929127,18.381745,146.51,,78.5,53.8,2,"Cape Town, South Africa",Borough East,SRTM_1arc,Commercial,B,Manhole,ERA5,Low
25.070587,121.528752,53.17,5.61,112.8,43.0,50,"Taipei, Taiwan",Sector 4,Copernicus_GLO-30_v2023,Commercial,D,,Blended,Low
38.069249,23.652526,74.61,6.25,4.2,20.2,5,"Athens, Greece",Ward B,SRTM_1arc,Green,A,CurbInlet,Blended,Low
-23.529509,-46.441518,90.64,8.95,66.3,55.0,25,"Sao Paulo, Brazil",Zone VIII,Copernicus_GLO-30_v2023,Commercial,D,CurbInlet,,Low
53.566865,9.972869,74.27,,186.6,15.8,50,"Hamburg, Germany",Zone V,SRTM_1arc,Residential,C,GratedInlet,ERA5,Low
52.307896,4.771777,,5.36,,55.8,2,"Amsterdam, Netherlands",Zone IV,SRTM_1arc,Mixed,C,GratedInlet,ERA5,Low
6.546067,3.256323,8.15,2.18,67.7,36.9,2,"Lagos, Nigeria",District 12,SRTM_3arc,Residential,A,Manhole,,Very High
37.929545,23.854706,,7.75,152.9,27.8,5,"Athens, Greece",Sector 5,Copernicus_GLO-30_v2023,Commercial,A,GratedInlet,,Low
52.256612,4.829554,3.04,,323.6,36.9,100,"Amsterdam, Netherlands",Zone III,Copernicus_GLO-30_v2023,Water,D,Manhole,ERA5,High
4.621354,-74.037316,136.1,3.93,133.0,30.8,5,"Bogotá, Colombia",Sector 21,SRTM_3arc,Roads,C,Manhole,ERA5,Low
-12.017418,-77.042791,12.38,7.29,29.3,25.4,100,"Lima, Peru",Borough Central,Copernicus_EEA-10_v5,Residential,B,CurbInlet,IMD,Low
-34.675599,-58.35568,92.0,4.26,131.7,27.5,5,"Buenos Aires, Argentina",Sector 13,SRTM_1arc,Green,D,CurbInlet,LocalGauge,Low
10.886239,106.718425,72.66,7.0,26.3,75.3,25,"Ho Chi Minh City, Vietnam",District 6,SRTM_1arc,Roads,C,CurbInlet,IMD,Low
-34.612,-58.279973,45.72,6.95,76.0,35.1,5,"Buenos Aires, Argentina",Ward G,SRTM_3arc,Residential,,Manhole,ERA5,Low
13.768683,100.565325,11.42,3.78,248.4,68.3,5,"Bangkok, Thailand",District 23,Copernicus_GLO-30_v2023,Green,A,CurbInlet,LocalGauge,Low
-1.287728,36.812716,8.29,7.07,79.4,41.7,2,"Nairobi, Kenya",Ward D,Copernicus_GLO-30_v2023,Institutional,A,OpenChannel,Blended,Low
25.260664,51.547282,70.16,9.91,28.4,23.0,2,"Doha, Qatar",Borough Hillside,Copernicus_EEA-10_v5,Roads,B,GratedInlet,ERA5,Low
19.129694,72.896332,10.36,5.24,30.4,73.4,25,"Mumbai, India",Ward H,SRTM_1arc,Industrial,B,CurbInlet,IMD,Low
25.656611,-80.21304,16.22,,213.1,81.2,50,"Miami, USA",Borough Hillside,SRTM_3arc,Roads,D,OpenChannel,IMD,Moderate
35.709772,139.85643,,7.22,99.5,11.0,5,"Tokyo, Japan",Sector 28,Copernicus_GLO-30_v2023,Commercial,C,CurbInlet,LocalGauge,Low
-33.909843,18.499087,171.95,5.95,136.6,32.2,25,"Cape Town, South Africa",Zone IX,SRTM_3arc,Roads,B,GratedInlet,LocalGauge,Low
22.346661,114.204969,12.26,5.12,,90.4,5,"Hong Kong, China",Zone VI,Copernicus_GLO-90_v2022,Commercial,A,CurbInlet,,Moderate
19.370592,-99.03889,4.76,5.7,64.2,44.7,2,"Mexico City, Mexico",Borough Riverside,Copernicus_EEA-10_v5,Roads,,CurbInlet,ERA5,High
-1.258043,36.91423,56.93,,216.4,73.0,5,"Nairobi, Kenya",Borough Harbor,Copernicus_EEA-10_v5,Commercial,,OpenChannel,ERA5,Low
23.874831,90.348137,-3.0,10.15,78.6,83.7,25,"Dhaka, Bangladesh",Zone VI,SRTM_3arc,Commercial,C,GratedInlet,Blended,High
14.577994,120.882965,4.51,7.16,33.5,49.1,5,"Manila, Philippines",Ward E,Copernicus_GLO-30_v2023,Commercial,B,Manhole,ERA5,High
14.658186,121.074522,7.29,5.02,27.0,42.3,50,"Manila, Philippines",Ward F,Copernicus_GLO-30_v2023,Industrial,C,CurbInlet,IMD,High
22.58301,114.102571,23.04,5.0,157.2,75.6,50,"Shenzhen, China",District 28,SRTM_3arc,Water,C,GratedInlet,LocalGauge,Low
5.680419,-0.120241,11.77,,16.2,71.7,25,"Accra, Ghana",Zone IX,SRTM_1arc,Commercial,C,GratedInlet,Blended,Low
37.789929,-122.414607,215.05,,44.3,42.7,2,"San Francisco, USA",Borough North,Copernicus_GLO-30_v2023,Residential,B,GratedInlet,Blended,Low
-6.058511,106.862669,7.61,2.59,282.3,39.1,2,"Jakarta, Indonesia",Sector 28,Copernicus_GLO-30_v2023,Green,B,OpenChannel,ERA5,Very High
51.930353,4.453565,,6.82,29.4,34.0,2,"Rotterdam, Netherlands",Zone X,Copernicus_GLO-90_v2022,Mixed,C,CurbInlet,Blended,Low
52.511767,4.849415,19.34,2.75,45.1,68.8,2,"Amsterdam, Netherlands",Zone III,Copernicus_GLO-30_v2023,Residential,D,GratedInlet,ERA5,Very High
37.49049,127.08021,44.75,7.77,416.6,54.6,10,"Seoul, South Korea",Zone II,SRTM_1arc,Roads,B,OpenChannel,ERA5,Low
41.316869,2.180096,11.8,8.49,76.1,36.2,5,"Barcelona, Spain",Sector 17,Copernicus_GLO-90_v2022,Mixed,D,GratedInlet,ERA5,Low
28.491566,77.227151,32.91,8.06,450.2,26.5,10,"Delhi, India",Borough West,Copernicus_GLO-30_v2023,Roads,C,,Blended,Low
25.265792,51.537143,4.72,,,21.1,25,"Doha, Qatar",Zone V,Copernicus_EEA-10_v5,Residential,B,Manhole,ERA5,High
22.597351,88.378658,60.27,8.49,60.5,23.9,100,"Kolkata, India",District 7,SRTM_1arc,Roads,C,GratedInlet,ERA5,Low
41.372703,2.070023,22.67,6.34,250.1,50.7,10,"Barcelona, Spain",Sector 8,Copernicus_GLO-90_v2022,Commercial,A,OpenChannel,LocalGauge,Low
19.432495,-99.191978,31.29,6.19,,38.0,5,"Mexico City, Mexico",District 6,SRTM_3arc,Roads,C,Manhole,,Low
17.459499,78.389815,69.12,4.66,4.0,46.9,5,"Hyderabad, India",District 27,SRTM_1arc,Industrial,B,Manhole,,Low
37.55087,127.035131,52.6,,77.1,24.2,2,"Seoul, South Korea",Zone III,SRTM_1arc,Commercial,D,CurbInlet,ERA5,Low
-23.494061,-46.609309,20.98,11.61,,39.6,10,"Sao Paulo, Brazil",District 28,SRTM_1arc,Commercial,A,Manhole,ERA5,Low
39.980375,-75.212532,,2.57,280.3,33.9,25,"Philadelphia, USA",District 27,Copernicus_EEA-10_v5,Green,B,CurbInlet,LocalGauge,Moderate
25.772128,-80.233645,5.22,6.2,83.6,55.6,25,"Miami, USA",Sector 1,Copernicus_GLO-90_v2022,Green,,CurbInlet,LocalGauge,High
41.82382,12.530924,78.99,2.75,195.6,45.8,25,"Rome, Italy",District 30,Copernicus_GLO-90_v2022,Green,C,Manhole,ERA5,Moderate
13.014629,77.701645,50.4,6.03,23.1,53.1,25,"Bengaluru, India",Borough Central,Copernicus_EEA-10_v5,Water,C,GratedInlet,ERA5,Low
-34.564441,-58.347267,-3.0,7.01,28.9,67.1,25,"Buenos Aires, Argentina",Ward E,Copernicus_GLO-30_v2023,Roads,D,CurbInlet,ERA5,Very High
4.715968,-74.127762,206.74,5.75,84.1,34.1,2,"Bogotá, Colombia",Ward E,SRTM_1arc,Roads,D,CurbInlet,,Low
-23.522854,-46.620677,25.33,2.86,110.1,68.0,10,"Sao Paulo, Brazil",Ward G,Copernicus_GLO-30_v2023,Commercial,C,GratedInlet,ERA5,Moderate
31.251165,121.46156,6.15,7.75,334.2,56.3,25,"Shanghai, China",Borough Riverside,SRTM_1arc,Institutional,B,CurbInlet,ERA5,High
4.785951,-74.061598,207.92,9.39,,32.9,25,"Bogotá, Colombia",Borough West,Copernicus_EEA-10_v5,Industrial,C,GratedInlet,,Low
-34.757794,-58.297773,-3.0,10.01,127.7,30.8,5,"Buenos Aires, Argentina",Borough West,Copernicus_GLO-90_v2022,Industrial,D,Manhole,ERA5,Very High
-33.838658,18.467204,-3.0,7.09,56.5,17.2,5,"Cape Town, South Africa",District 23,SRTM_1arc,Roads,C,CurbInlet,ERA5,High
-27.496909,153.071637,38.4,5.95,74.6,46.0,5,"Brisbane, Australia",Sector 8,SRTM_1arc,Roads,B,Manhole,Blended,Low
-36.942037,174.705568,95.26,9.84,4.4,22.4,25,"Auckland, New Zealand",Zone V,Copernicus_GLO-30_v2023,Commercial,A,Manhole,Blended,Low
13.709283,100.558179,13.54,7.17,78.5,123.7,10,"Bangkok, Thailand",District 1,Copernicus_EEA-10_v5,Residential,B,GratedInlet,ERA5,Moderate
39.859241,-75.12075,66.53,5.92,291.4,36.8,2,"Philadelphia, USA",Borough Hillside,SRTM_1arc,Water,C,GratedInlet,Blended,Low
24.91484,66.91399,48.49,6.07,37.8,17.0,2,"Karachi, Pakistan",Sector 25,Copernicus_GLO-30_v2023,Green,D,Manhole,IMD,Low
37.740146,-122.247176,140.27,5.66,119.7,20.4,2,"San Francisco, USA",Sector 12,Copernicus_GLO-30_v2023,Roads,A,Manhole,IMD,Low
41.5251,2.137944,6.76,6.51,20.0,16.4,10,"Barcelona, Spain",Sector 6,Copernicus_EEA-10_v5,Industrial,C,CurbInlet,,High
34.614552,135.349776,79.22,10.3,58.7,33.8,2,"Osaka, Japan",District 7,Copernicus_GLO-30_v2023,Industrial,D,Manhole,ERA5,Low
29.788429,-95.322909,61.66,4.81,101.7,29.4,25,"Houston, USA",Borough Harbor,SRTM_1arc,Residential,,GratedInlet,ERA5,Low
22.558538,114.082194,16.53,4.47,58.6,44.4,50,"Shenzhen, China",Borough Riverside,Copernicus_GLO-30_v2023,Roads,,Manhole,Blended,Low
22.540889,114.102755,12.25,3.7,8.6,56.3,25,"Shenzhen, China",Ward C,Copernicus_EEA-10_v5,Residential,B,CurbInlet,,Low
-33.849295,18.46284,-3.0,10.12,157.5,21.4,5,"Cape Town, South Africa",Sector 1,Copernicus_GLO-90_v2022,Commercial,A,Manhole,LocalGauge,High
38.853497,-76.88931,62.17,5.87,183.2,21.5,5,"Washington DC, USA",Ward B,SRTM_3arc,Mixed,A,CurbInlet,,Low
22.338149,114.204633,-0.66,4.39,3.8,63.1,25,"Hong Kong, China",Borough Hillside,Copernicus_GLO-30_v2023,Mixed,,Manhole,Blended,High
13.05799,77.484144,-3.0,8.89,145.1,24.7,10,"Bengaluru, India",Ward B,Copernicus_EEA-10_v5,Mixed,A,OpenChannel,ERA5,High
31.301322,121.458469,18.49,9.5,160.8,35.5,100,"Shanghai, China",Borough Riverside,SRTM_3arc,Commercial,A,CurbInlet,,Low
25.439814,51.541682,31.36,10.46,53.4,14.5,50,"Doha, Qatar",Ward H,SRTM_1arc,Roads,A,GratedInlet,ERA5,Low
41.073396,29.025451,36.68,5.98,88.1,27.6,5,"Istanbul, Türkiye",Zone V,SRTM_3arc,Roads,C,CurbInlet,ERA5,Low
7.001239,79.792647,-3.0,3.36,41.5,81.7,25,"Colombo, Sri Lanka",Borough Harbor,SRTM_1arc,Residential,,GratedInlet,LocalGauge,High
10.832647,106.594353,84.21,7.46,128.8,79.6,5,"Ho Chi Minh City, Vietnam",Zone VI,SRTM_1arc,Roads,C,CurbInlet,,Low
13.840623,100.56477,,8.0,,37.0,2,"Bangkok, Thailand",Borough Central,SRTM_3arc,Mixed,B,OpenChannel,,Low
-34.579189,-58.399358,101.19,,113.1,34.6,50,"Buenos Aires, Argentina",Zone VIII,Copernicus_GLO-30_v2023,Commercial,A,Manhole,ERA5,Low
48.946672,2.427395,20.64,5.26,133.1,27.9,5,"Paris, France",Borough South,Copernicus_GLO-30_v2023,Commercial,C,GratedInlet,,Low
23.693511,90.438357,1.04,3.46,137.5,56.3,25,"Dhaka, Bangladesh",Ward B,Copernicus_GLO-30_v2023,Green,,GratedInlet,,High
23.881802,90.541463,,6.99,31.4,65.6,25,"Dhaka, Bangladesh",Borough Harbor,SRTM_1arc,Commercial,C,CurbInlet,,Low
-23.584633,-46.57009,102.05,8.25,15.4,34.5,2,"Sao Paulo, Brazil",Sector 30,SRTM_1arc,Commercial,D,CurbInlet,LocalGauge,Low
23.773729,90.482895,57.54,5.5,,74.5,5,"Dhaka, Bangladesh",Zone III,SRTM_1arc,Informal,A,GratedInlet,Blended,Low
-34.629047,-58.353671,37.81,3.08,93.6,39.7,2,"Buenos Aires, Argentina",Borough Central,Copernicus_GLO-90_v2022,Roads,A,GratedInlet,Blended,Low
29.604559,-95.310232,5.34,8.97,,58.6,25,"Houston, USA",Borough Old Town,SRTM_3arc,Roads,,CurbInlet,ERA5,High
48.792233,2.396271,31.05,6.02,87.5,46.6,25,"Paris, France",Zone I,SRTM_3arc,Commercial,,Manhole,ERA5,Low
37.698102,-122.428617,101.16,4.45,44.7,20.0,5,"San Francisco, USA",District 1,Copernicus_GLO-30_v2023,Commercial,C,Manhole,,Low
22.999735,72.739378,10.67,6.76,182.6,23.1,5,"Ahmedabad, India",Ward F,Copernicus_EEA-10_v5,Green,C,GratedInlet,ERA5,Low
22.986481,72.553506,12.9,7.73,142.0,36.3,25,"Ahmedabad, India",Ward H,SRTM_1arc,Residential,D,OpenChannel,,Low
4.777081,-74.120164,59.29,4.78,62.5,46.2,50,"Bogotá, Colombia",Zone II,Copernicus_EEA-10_v5,Green,B,GratedInlet,ERA5,Low
37.845991,-122.501941,26.17,6.43,177.0,38.9,50,"San Francisco, USA",Borough Riverside,SRTM_1arc,Green,C,CurbInlet,ERA5,Low
37.749579,-122.331745,89.31,6.5,225.4,18.9,25,"San Francisco, USA",Zone V,Copernicus_EEA-10_v5,Commercial,D,OpenChannel,ERA5,Low
55.682857,12.586534,11.48,,147.9,45.3,50,"Copenhagen, Denmark",District 7,SRTM_3arc,Residential,B,GratedInlet,ERA5,Low
23.232045,113.10784,14.73,8.38,86.7,49.6,100,"Guangzhou, China",Zone V,Copernicus_GLO-30_v2023,Industrial,,CurbInlet,Blended,Low
-36.856944,174.696706,55.46,6.32,68.8,23.1,2,"Auckland, New Zealand",District 11,Copernicus_GLO-30_v2023,Commercial,A,CurbInlet,,Low
-22.879527,-43.183073,17.21,7.91,97.4,58.4,25,"Rio de Janeiro, Brazil",Zone V,Copernicus_GLO-30_v2023,Roads,C,GratedInlet,LocalGauge,Low
39.880331,-75.272589,12.08,9.81,57.3,22.4,10,"Philadelphia, USA",Sector 9,Copernicus_GLO-30_v2023,Roads,D,Manhole,ERA5,Low
10.768939,106.772404,92.44,6.42,54.3,61.6,25,"Ho Chi Minh City, Vietnam",District 9,Copernicus_GLO-30_v2023,Residential,D,OpenChannel,ERA5,Low
23.06364,72.547515,54.3,10.9,,18.2,5,"Ahmedabad, India",Ward E,SRTM_3arc,Industrial,A,OpenChannel,Blended,Low
40.68658,-73.934226,26.1,9.94,39.1,35.4,5,"New York, USA",Sector 21,Copernicus_GLO-30_v2023,Commercial,B,CurbInlet,IMD,Low
39.83917,-75.215199,95.49,9.55,62.0,47.0,2,"Philadelphia, USA",Sector 25,Copernicus_EEA-10_v5,Commercial,C,CurbInlet,LocalGauge,Low
39.943112,-75.1756,-3.0,5.33,27.0,17.0,2,"Philadelphia, USA",Sector 23,Copernicus_EEA-10_v5,Roads,,CurbInlet,IMD,High
25.199946,51.724874,93.88,6.28,386.1,14.0,25,"Doha, Qatar",Zone I,Copernicus_GLO-30_v2023,Residential,B,,ERA5,Low
14.503359,121.053581,-0.07,6.49,36.4,49.7,2,"Manila, Philippines",Sector 2,Copernicus_GLO-30_v2023,Residential,C,CurbInlet,,High
24.714689,46.683165,31.85,3.21,45.9,14.1,50,"Riyadh, Saudi Arabia",District 6,Copernicus_GLO-30_v2023,Residential,,GratedInlet,LocalGauge,Low
18.521728,73.7889,103.71,3.39,74.8,19.9,10,"Pune, India",Zone I,Copernicus_GLO-30_v2023,Residential,B,Manhole,Blended,Low
6.967384,79.685941,17.11,3.76,311.5,47.7,50,"Colombo, Sri Lanka",Zone IV,SRTM_1arc,Green,A,OpenChannel,ERA5,Low
22.962895,72.566254,125.51,2.74,77.9,16.0,5,"Ahmedabad, India",Borough West,SRTM_1arc,Commercial,C,Manhole,ERA5,Moderate
40.988631,29.034077,-2.54,7.82,77.0,34.5,25,"Istanbul, Türkiye",Sector 27,Copernicus_GLO-30_v2023,Commercial,B,GratedInlet,ERA5,High
10.856407,106.620472,48.55,4.13,115.5,40.8,2,"Ho Chi Minh City, Vietnam",District 10,Copernicus_GLO-30_v2023,Industrial,A,Manhole,ERA5,Low
-11.959881,-77.049269,59.97,4.2,44.4,42.7,25,"Lima, Peru",Borough Harbor,Copernicus_GLO-30_v2023,Residential,B,CurbInlet,ERA5,Low
17.420398,78.439156,62.55,8.3,414.8,35.4,2,"Hyderabad, India",District 20,Copernicus_EEA-10_v5,Commercial,B,OpenChannel,ERA5,Low
29.914586,-90.032522,15.85,,254.1,25.9,10,"New Orleans, USA",Sector 27,Copernicus_EEA-10_v5,Residential,B,OpenChannel,ERA5,Low
41.089486,28.950703,100.52,6.71,44.5,24.1,2,"Istanbul, Türkiye",District 5,SRTM_3arc,Roads,D,GratedInlet,,Low
29.893873,-90.011673,-1.54,9.22,14.5,80.2,25,"New Orleans, USA",District 28,SRTM_3arc,Mixed,B,OpenChannel,,Very High
18.486884,73.921768,-2.17,7.17,142.2,30.1,5,"Pune, India",Borough Delta,SRTM_1arc,Residential,C,GratedInlet,IMD,High
10.695213,106.619548,78.32,7.26,53.9,36.9,10,"Ho Chi Minh City, Vietnam",District 8,SRTM_1arc,Roads,A,Manhole,ERA5,Low
13.044352,77.540087,49.83,5.88,85.2,37.6,5,"Bengaluru, India",District 4,SRTM_1arc,Residential,B,,ERA5,Low
22.927511,72.390875,105.09,5.05,30.9,40.1,50,"Ahmedabad, India",District 4,SRTM_1arc,Residential,D,CurbInlet,Blended,Low
21.124363,105.753075,19.36,6.95,6.1,63.8,100,"Hanoi, Vietnam",Ward J,SRTM_1arc,Commercial,B,CurbInlet,ERA5,Low
30.030359,-90.147191,8.96,7.8,14.2,27.4,5,"New Orleans, USA",Sector 4,Copernicus_GLO-30_v2023,Roads,,GratedInlet,ERA5,Low
35.600976,139.647244,6.73,5.06,94.6,17.7,2,"Tokyo, Japan",Borough Central,Copernicus_GLO-30_v2023,Residential,B,CurbInlet,Blended,High
-1.29611,36.827874,96.59,9.94,18.3,52.5,100,"Nairobi, Kenya",Sector 25,SRTM_3arc,Roads,A,GratedInlet,Blended,Low
2.96712,101.702773,16.65,,441.6,56.2,10,"Kuala Lumpur, Malaysia",Borough North,Copernicus_GLO-30_v2023,Roads,A,,ERA5,Low
13.031963,77.54686,15.41,7.06,,48.0,50,"Bengaluru, India",Borough West,Copernicus_EEA-10_v5,Green,B,CurbInlet,ERA5,Low
29.81638,-95.317252,13.72,9.01,128.7,26.4,50,"Houston, USA",Ward F,SRTM_1arc,Roads,D,GratedInlet,ERA5,Low
25.249653,51.513268,56.75,5.12,167.4,28.2,10,"Doha, Qatar",Borough Old Town,Copernicus_GLO-30_v2023,Green,B,CurbInlet,ERA5,Low
51.523637,-0.090442,78.44,10.44,46.5,54.0,25,"London, UK",District 24,SRTM_1arc,Roads,C,CurbInlet,ERA5,Low
22.401144,114.092472,-3.0,7.13,44.3,29.4,2,"Hong Kong, China",District 21,Copernicus_EEA-10_v5,Industrial,C,Manhole,Blended,Very High
-6.283434,106.788739,2.75,6.8,28.7,54.3,50,"Jakarta, Indonesia",District 25,Copernicus_GLO-30_v2023,Roads,B,GratedInlet,ERA5,High
41.399764,2.156793,25.2,6.34,92.7,46.0,5,"Barcelona, Spain",Borough Delta,Copernicus_EEA-10_v5,Residential,B,CurbInlet,ERA5,Low
35.643635,139.529462,24.72,4.87,33.2,24.2,10,"Tokyo, Japan",Ward D,Copernicus_GLO-30_v2023,Residential,B,,ERA5,Low
41.056322,28.958126,66.65,9.97,5.1,38.8,2,"Istanbul, Türkiye",District 24,Copernicus_GLO-30_v2023,Industrial,C,GratedInlet,LocalGauge,Low
39.906681,-75.123845,36.76,8.26,60.6,28.2,2,"Philadelphia, USA",Sector 12,SRTM_3arc,Commercial,D,CurbInlet,ERA5,Low
13.77988,100.552877,3.37,5.23,477.9,86.3,5,"Bangkok, Thailand",Borough Delta,Copernicus_GLO-90_v2022,Water,D,GratedInlet,ERA5,High
-22.889867,-43.235924,16.99,2.61,78.5,126.1,25,"Rio de Janeiro, Brazil",District 24,Copernicus_GLO-30_v2023,Residential,C,CurbInlet,IMD,High
37.965674,23.716268,40.48,,102.2,54.1,50,"Athens, Greece",Sector 23,Copernicus_EEA-10_v5,Green,,GratedInlet,ERA5,Low
25.231195,55.344203,5.67,9.65,305.2,20.3,2,"Dubai, UAE",Sector 22,Copernicus_GLO-90_v2022,Industrial,D,OpenChannel,,High
18.999089,72.925349,11.91,7.31,132.1,48.5,25,"Mumbai, India",Zone II,Copernicus_GLO-30_v2023,Residential,B,CurbInlet,Blended,Low
28.51214,77.296243,87.07,3.1,23.5,52.0,10,"Delhi, India",Ward G,SRTM_1arc,Residential,C,CurbInlet,ERA5,Low
21.012153,105.883128,31.27,4.51,44.7,115.2,100,"Hanoi, Vietnam",Ward F,SRTM_3arc,Informal,A,Manhole,ERA5,Moderate
22.386978,114.05346,28.04,5.06,,32.3,10,"Shenzhen, China",Sector 11,Copernicus_GLO-30_v2023,Informal,D,GratedInlet,ERA5,Low
13.16833,80.216974,5.73,,33.7,76.3,5,"Chennai, India",Zone VIII,Copernicus_GLO-90_v2022,Water,B,Manhole,Blended,High
6.681175,3.324567,-2.61,9.14,40.7,105.1,100,"Lagos, Nigeria",Zone VIII,Copernicus_GLO-30_v2023,Commercial,,GratedInlet,,High
24.676329,46.616799,43.79,7.06,18.3,14.7,5,"Riyadh, Saudi Arabia",Borough North,Copernicus_GLO-30_v2023,Industrial,D,Manhole,ERA5,Low
41.911687,12.502315,103.71,7.71,126.2,37.7,5,"Rome, Italy",Ward H,Copernicus_GLO-30_v2023,Roads,B,Manhole,Blended,Low
-33.866267,151.125037,-0.69,1.45,8.7,39.4,2,"Sydney, Australia",District 29,Copernicus_EEA-10_v5,Green,B,Manhole,ERA5,High
10.881839,106.534308,21.23,9.14,56.5,117.7,25,"Ho Chi Minh City, Vietnam",Ward E,Copernicus_GLO-90_v2022,Commercial,B,OpenChannel,ERA5,Moderate
39.815003,-75.095662,-3.0,3.51,43.3,30.9,10,"Philadelphia, USA",Zone V,SRTM_1arc,Residential,,Manhole,ERA5,High
34.620757,135.481819,39.43,6.67,101.1,43.3,2,"Osaka, Japan",Sector 15,SRTM_3arc,Roads,A,CurbInlet,ERA5,Low
-29.958124,30.936583,73.98,6.01,193.6,17.9,5,"Durban, South Africa",Borough Harbor,Copernicus_GLO-30_v2023,Water,D,,LocalGauge,Low
-11.987053,-76.964367,36.84,8.47,19.7,42.7,2,"Lima, Peru",Zone III,Copernicus_GLO-90_v2022,Industrial,B,Manhole,ERA5,Low
12.948367,77.623198,,6.74,94.3,56.2,10,"Bengaluru, India",Sector 7,Copernicus_GLO-30_v2023,Industrial,D,GratedInlet,,Low
52.420899,4.899613,14.23,6.48,147.8,53.4,10,"Amsterdam, Netherlands",Sector 20,SRTM_1arc,Green,C,Manhole,ERA5,Low
19.082327,72.881707,10.54,6.31,209.8,74.5,100,"Mumbai, India",Sector 21,Copernicus_EEA-10_v5,Institutional,C,CurbInlet,ERA5,Low
24.721558,46.6702,18.84,,53.9,7.9,10,"Riyadh, Saudi Arabia",Ward C,Copernicus_EEA-10_v5,Roads,C,Manhole,IMD,Low
-29.848704,31.01527,59.71,3.2,386.7,15.8,2,"Durban, South Africa",Borough Central,Copernicus_GLO-30_v2023,Residential,B,,IMD,Low
52.379544,4.908247,-3.0,9.24,47.3,14.7,100,"Amsterdam, Netherlands",Sector 10,SRTM_3arc,Commercial,B,CurbInlet,ERA5,High
25.042683,121.590499,23.57,8.76,90.5,37.7,25,"Taipei, Taiwan",Zone IX,Copernicus_GLO-90_v2022,Industrial,D,GratedInlet,IMD,Low
-1.226828,36.91117,51.9,1.61,195.7,17.8,2,"Nairobi, Kenya",District 5,SRTM_1arc,Green,B,CurbInlet,IMD,Moderate
37.587468,127.03977,127.23,7.67,157.3,21.5,5,"Seoul, South Korea",Ward G,Copernicus_GLO-30_v2023,Roads,D,OpenChannel,ERA5,Low
22.323141,114.050428,-2.7,7.92,77.7,55.0,50,"Hong Kong, China",Borough Harbor,SRTM_1arc,Commercial,B,Manhole,,High
55.59991,12.473685,43.16,6.43,106.2,27.3,5,"Copenhagen, Denmark",Ward B,SRTM_3arc,Industrial,B,Manhole,LocalGauge,Low
49.349076,-123.156386,-2.52,,183.0,82.6,10,"Vancouver, Canada",Sector 13,SRTM_3arc,Industrial,B,,,High
13.101241,80.305653,,10.38,10.6,84.0,5,"Chennai, India",Zone X,SRTM_1arc,Roads,C,OpenChannel,ERA5,Moderate
35.577267,51.256068,67.21,4.88,11.6,43.9,50,"Tehran, Iran",Borough Old Town,Copernicus_GLO-90_v2022,Residential,C,CurbInlet,ERA5,Low
5.693714,-0.111277,23.84,7.76,45.4,108.7,25,"Accra, Ghana",Ward H,SRTM_3arc,Mixed,C,,IMD,Moderate
22.654054,88.245119,7.68,6.83,231.6,21.8,50,"Kolkata, India",Ward E,SRTM_3arc,Residential,,,IMD,High
37.633465,-122.371309,154.29,6.67,174.9,35.7,5,"San Francisco, USA",Zone VII,SRTM_1arc,Water,B,CurbInlet,LocalGauge,Low
-1.312233,36.797758,27.38,4.9,91.4,37.4,5,"Nairobi, Kenya",Zone VI,Copernicus_GLO-90_v2022,Residential,C,CurbInlet,,Low
23.796341,90.368085,26.4,,95.8,72.0,50,"Dhaka, Bangladesh",District 3,Copernicus_GLO-90_v2022,Residential,D,CurbInlet,ERA5,Low
39.85133,-75.136768,32.8,6.77,,67.0,2,"Philadelphia, USA",Sector 16,SRTM_1arc,Roads,B,CurbInlet,ERA5,Low
4.722633,-73.985803,207.02,6.97,93.8,30.6,2,"Bogotá, Colombia",Sector 23,SRTM_3arc,Mixed,B,CurbInlet,LocalGauge,Low
-22.93855,-43.299984,-3.0,,211.3,120.6,2,"Rio de Janeiro, Brazil",District 9,Copernicus_GLO-90_v2022,Mixed,B,OpenChannel,Blended,High
19.374661,-99.166191,29.67,5.01,101.6,51.7,5,"Mexico City, Mexico",Zone X,SRTM_3arc,Roads,A,GratedInlet,ERA5,Low
22.567573,88.422976,2.67,8.85,1.1,26.0,10,"Kolkata, India",Sector 5,SRTM_1arc,Commercial,D,CurbInlet,LocalGauge,Very High
41.074965,29.002537,50.37,5.98,7.9,26.8,25,"Istanbul, Türkiye",Zone VIII,SRTM_1arc,Industrial,D,GratedInlet,ERA5,Low
24.889946,121.60109,37.21,8.94,38.4,38.8,10,"Taipei, Taiwan",District 7,Copernicus_GLO-30_v2023,Roads,B,Manhole,,Low
-1.180996,36.862008,,,23.8,21.7,10,"Nairobi, Kenya",Ward H,SRTM_1arc,Roads,D,GratedInlet,ERA5,Low
-29.869881,31.020632,35.37,8.16,64.0,42.7,5,"Durban, South Africa",District 1,Copernicus_GLO-30_v2023,Commercial,C,CurbInlet,ERA5,Low
25.329228,51.516711,95.61,3.04,96.2,11.4,2,"Doha, Qatar",Sector 18,SRTM_1arc,Residential,D,Manhole,ERA5,Low
22.378453,113.97922,-1.35,9.63,51.9,106.9,50,"Shenzhen, China",Ward A,SRTM_1arc,Mixed,,OpenChannel,IMD,High
35.662771,139.587222,16.38,,102.2,24.9,50,"Tokyo, Japan",Sector 4,SRTM_1arc,Roads,D,OpenChannel,Blended,Low
18.681591,73.866797,69.01,6.3,118.3,53.4,10,"Pune, India",Zone III,Copernicus_GLO-30_v2023,Residential,B,Manhole,ERA5,Low
-33.903752,18.415667,26.83,6.38,333.6,41.1,5,"Cape Town, South Africa",District 29,SRTM_3arc,Green,B,OpenChannel,LocalGauge,Low
40.606519,-74.051018,46.36,2.73,19.8,30.6,10,"New York, USA",Zone V,Copernicus_EEA-10_v5,Residential,C,GratedInlet,ERA5,Moderate
3.167442,101.662094,,6.72,243.2,102.3,50,"Kuala Lumpur, Malaysia",District 16,Copernicus_GLO-90_v2022,Green,B,Manhole,ERA5,Moderate
-11.999874,-77.080201,71.24,2.6,150.2,26.0,10,"Lima, Peru",District 2,Copernicus_GLO-30_v2023,Residential,D,CurbInlet,IMD,Very High
22.540616,114.100502,-3.0,,348.6,80.8,5,"Shenzhen, China",Sector 27,Copernicus_GLO-30_v2023,Water,C,OpenChannel,ERA5,High
23.829972,90.514408,103.54,7.37,95.3,57.1,25,"Dhaka, Bangladesh",Zone VIII,SRTM_1arc,Residential,B,CurbInlet,ERA5,Low
28.673303,77.146035,55.41,8.63,84.7,52.2,5,"Delhi, India",Sector 19,Copernicus_GLO-30_v2023,Industrial,B,CurbInlet,ERA5,Low
-22.868733,-43.216059,-0.99,7.1,375.2,53.5,5,"Rio de Janeiro, Brazil",Sector 19,SRTM_3arc,Residential,A,,ERA5,High
25.235011,55.198855,,7.45,83.0,20.6,5,"Dubai, UAE",Zone IX,SRTM_1arc,Mixed,C,GratedInlet,ERA5,Low
25.789772,-80.18456,11.23,6.19,27.8,86.9,10,"Miami, USA",Borough Hillside,Copernicus_GLO-30_v2023,Industrial,A,CurbInlet,ERA5,Moderate
22.570099,88.440542,,7.69,14.0,21.5,2,"Kolkata, India",Zone IX,Copernicus_GLO-30_v2023,Commercial,A,GratedInlet,ERA5,Low
5.615262,-0.125624,0.07,6.84,362.4,69.1,50,"Accra, Ghana",District 4,SRTM_1arc,Residential,D,OpenChannel,ERA5,Very High
13.023705,80.202659,-3.0,7.24,14.3,45.8,50,"Chennai, India",Sector 27,SRTM_1arc,Residential,C,Manhole,IMD,Very High
14.615085,120.851105,1.88,4.92,123.2,49.5,5,"Manila, Philippines",Borough North,SRTM_3arc,Water,,CurbInlet,Blended,High
-11.980449,-77.098557,62.62,6.43,130.6,15.7,100,"Lima, Peru",Zone X,Copernicus_GLO-30_v2023,Residential,D,GratedInlet,ERA5,Low
13.017447,80.209538,-3.0,3.62,74.9,73.8,10,"Chennai, India",District 3,Copernicus_GLO-30_v2023,Roads,,CurbInlet,,Very High
22.624083,88.335103,54.95,6.24,97.1,22.9,25,"Kolkata, India",Sector 17,SRTM_3arc,Residential,B,CurbInlet,IMD,Low
41.918297,12.596651,58.14,3.75,,23.7,2,"Rome, Italy",District 19,SRTM_1arc,Residential,C,GratedInlet,,Low
5.638587,-0.232134,9.7,6.15,13.0,62.6,10,"Accra, Ghana",Borough Old Town,SRTM_3arc,Residential,B,GratedInlet,Blended,Low
41.115292,28.873608,36.76,3.82,197.1,24.9,10,"Istanbul, Türkiye",District 30,Copernicus_GLO-30_v2023,Green,A,CurbInlet,IMD,Low
-6.170562,106.805685,13.22,9.1,26.4,93.5,100,"Jakarta, Indonesia",Ward H,SRTM_1arc,Industrial,,Manhole,Blended,Moderate
6.876262,79.865923,1.7,6.34,183.0,50.3,25,"Colombo, Sri Lanka",Sector 18,Copernicus_GLO-30_v2023,Residential,A,CurbInlet,LocalGauge,High
5.499996,-0.13497,11.57,6.76,199.8,44.1,2,"Accra, Ghana",Borough Delta,Copernicus_EEA-10_v5,Commercial,A,OpenChannel,ERA5,Low
29.812374,-95.285871,28.2,,72.7,19.3,2,"Houston, USA",District 28,Copernicus_GLO-30_v2023,Commercial,D,Manhole,ERA5,Low
25.765581,-80.161092,18.66,5.52,59.8,39.1,5,"Miami, USA",Sector 7,Copernicus_GLO-30_v2023,Residential,A,CurbInlet,ERA5,Low
-29.966255,30.935253,21.62,7.24,79.7,28.5,5,"Durban, South Africa",Borough South,Copernicus_GLO-30_v2023,Roads,,CurbInlet,,Low
41.032421,29.010764,26.84,9.3,58.6,32.8,5,"Istanbul, Türkiye",Ward J,Copernicus_EEA-10_v5,Industrial,B,Manhole,Blended,Low
-33.883577,18.394722,112.2,3.8,149.5,54.7,100,"Cape Town, South Africa",Ward C,Copernicus_EEA-10_v5,Water,A,Manhole,,Low
22.575391,113.910518,6.91,10.66,159.4,62.4,10,"Shenzhen, China",Borough South,Copernicus_GLO-90_v2022,Roads,D,CurbInlet,ERA5,High
52.039614,4.56731,16.79,3.82,232.1,33.9,2,"Rotterdam, Netherlands",Sector 13,SRTM_1arc,Green,C,OpenChannel,IMD,Low
-1.357392,36.818486,-3.0,9.61,205.3,18.0,25,"Nairobi, Kenya",Ward A,Copernicus_GLO-30_v2023,Industrial,D,OpenChannel,LocalGauge,High
24.687318,46.636402,-3.0,3.56,2.8,13.4,25,"Riyadh, Saudi Arabia",Ward D,Copernicus_GLO-90_v2022,Residential,C,GratedInlet,Blended,High
17.3143,78.469074,19.69,5.62,118.8,19.2,2,"Hyderabad, India",Borough Riverside,Copernicus_GLO-30_v2023,Commercial,D,Manhole,LocalGauge,Low
17.440364,78.501849,31.91,5.82,35.9,49.6,2,"Hyderabad, India",Zone III,Copernicus_EEA-10_v5,Industrial,D,Manhole,LocalGauge,Low
45.519755,-73.544297,-3.0,4.11,23.6,35.8,25,"Montreal, Canada",Sector 10,SRTM_1arc,Residential,C,CurbInlet,,High
51.970565,4.480446,9.43,5.34,,77.7,25,"Rotterdam, Netherlands",Zone VI,Copernicus_EEA-10_v5,Industrial,B,CurbInlet,ERA5,Low
24.935972,121.701897,6.38,5.31,244.4,46.7,10,"Taipei, Taiwan",Zone V,Copernicus_EEA-10_v5,Green,,OpenChannel,ERA5,High
51.860596,4.553773,20.23,2.01,100.5,10.6,5,"Rotterdam, Netherlands",Borough South,SRTM_1arc,Residential,B,GratedInlet,ERA5,Moderate
14.672318,120.987996,2.07,4.65,209.0,110.7,25,"Manila, Philippines",Borough South,SRTM_3arc,Institutional,D,GratedInlet,ERA5,High
4.665849,-74.06816,243.25,4.83,183.3,62.8,50,"Bogotá, Colombia",Sector 4,SRTM_3arc,Informal,A,Manhole,ERA5,Low
-22.952251,-43.148138,7.97,5.83,28.1,97.7,10,"Rio de Janeiro, Brazil",Sector 1,Copernicus_GLO-90_v2022,Roads,D,OpenChannel,LocalGauge,High
-33.927161,18.299559,168.39,7.21,307.6,27.2,2,"Cape Town, South Africa",Borough Harbor,SRTM_1arc,Residential,C,,Blended,Low
13.817782,100.486032,-1.43,,106.6,86.5,50,"Bangkok, Thailand",Zone I,SRTM_1arc,Residential,D,GratedInlet,ERA5,High
-34.564217,-58.207779,77.63,5.44,6.2,33.8,2,"Buenos Aires, Argentina",Borough Harbor,Copernicus_GLO-30_v2023,Residential,D,CurbInlet,Blended,Low
48.882927,2.410389,75.07,8.82,193.1,42.1,10,"Paris, France",Zone III,SRTM_3arc,Roads,C,GratedInlet,ERA5,Low
12.931277,77.605341,54.26,6.3,76.8,26.6,10,"Bengaluru, India",Borough North,SRTM_3arc,Residential,B,CurbInlet,LocalGauge,Low
-1.145813,36.797676,34.25,8.48,148.8,39.6,2,"Nairobi, Kenya",Zone III,SRTM_1arc,Industrial,D,Manhole,ERA5,Low
-27.535273,152.995735,75.14,6.27,164.4,50.9,5,"Brisbane, Australia",District 13,Copernicus_GLO-90_v2022,Industrial,C,OpenChannel,LocalGauge,Low
12.956184,77.56385,83.3,,192.5,78.4,25,"Bengaluru, India",Sector 1,SRTM_3arc,Industrial,B,OpenChannel,,Low
3.080734,101.558443,42.67,5.03,27.1,86.0,50,"Kuala Lumpur, Malaysia",District 10,Copernicus_GLO-90_v2022,Commercial,C,Manhole,Blended,Moderate
-29.883592,31.13875,83.56,8.94,8.9,24.6,25,"Durban, South Africa",District 28,SRTM_1arc,Industrial,B,CurbInlet,IMD,Low
40.769971,-73.979319,20.29,6.46,393.9,30.8,25,"New York, USA",District 23,Copernicus_GLO-30_v2023,Water,,,Blended,Low
40.965267,28.973776,63.25,2.23,190.0,67.7,2,"Istanbul, Türkiye",District 10,Copernicus_GLO-30_v2023,Residential,B,GratedInlet,ERA5,Very High
45.433994,-73.484913,88.33,3.78,110.3,18.6,50,"Montreal, Canada",Sector 12,Copernicus_GLO-30_v2023,Roads,A,OpenChannel,IMD,Low
41.899949,12.453931,107.33,6.0,352.4,27.0,25,"Rome, Italy",Borough Old Town,Copernicus_EEA-10_v5,Industrial,A,OpenChannel,IMD,Low
10.830979,106.581071,60.87,6.1,327.8,42.0,5,"Ho Chi Minh City, Vietnam",Ward K,SRTM_1arc,Water,B,,ERA5,Low
23.724277,90.489794,69.39,5.5,13.1,26.8,2,"Dhaka, Bangladesh",Ward C,SRTM_3arc,Industrial,B,CurbInlet,ERA5,Low
37.584677,127.063875,20.54,6.69,153.2,42.4,50,"Seoul, South Korea",Sector 25,SRTM_1arc,Green,,GratedInlet,Blended,Low
4.795654,-74.033713,33.61,6.6,95.5,19.6,25,"Bogotá, Colombia",Sector 4,Copernicus_GLO-90_v2022,Residential,D,Manhole,ERA5,Low
14.578786,120.966147,,7.35,25.7,66.3,100,"Manila, Philippines",Sector 16,Copernicus_EEA-10_v5,Commercial,A,GratedInlet,LocalGauge,Low
24.702001,46.540927,,4.47,183.8,12.3,50,"Riyadh, Saudi Arabia",Zone VI,Copernicus_GLO-30_v2023,Green,B,Manhole,ERA5,Low
3.17311,101.681728,89.12,5.1,52.3,69.6,50,"Kuala Lumpur, Malaysia",Sector 15,Copernicus_GLO-90_v2022,Green,A,GratedInlet,LocalGauge,Low
55.630915,12.64334,53.12,7.12,71.1,20.3,10,"Copenhagen, Denmark",Zone IX,SRTM_3arc,Residential,D,GratedInlet,IMD,Low
-33.895918,151.154166,8.5,4.86,10.2,54.5,10,"Sydney, Australia",Sector 21,Copernicus_EEA-10_v5,Residential,B,GratedInlet,Blended,Low
52.273164,4.878607,-3.0,7.73,33.2,20.1,2,"Amsterdam, Netherlands",District 14,Copernicus_GLO-30_v2023,Commercial,D,CurbInlet,ERA5,Very High
-22.99448,-43.289465,-3.0,2.19,36.6,52.0,2,"Rio de Janeiro, Brazil",Sector 17,Copernicus_GLO-30_v2023,Residential,,OpenChannel,ERA5,High
25.299828,55.237903,116.84,4.78,61.6,10.4,5,"Dubai, UAE",Borough Old Town,Copernicus_GLO-30_v2023,Residential,C,GratedInlet,ERA5,Low
-1.3392,36.764281,5.96,3.81,107.2,28.5,100,"Nairobi, Kenya",Borough North,Copernicus_GLO-30_v2023,Residential,C,CurbInlet,LocalGauge,High
25.10365,121.588294,20.6,7.82,4.4,39.5,2,"Taipei, Taiwan",District 30,SRTM_1arc,Commercial,B,CurbInlet,Blended,Low
-23.553697,-46.517365,11.8,6.32,127.9,38.9,50,"Sao Paulo, Brazil",District 24,SRTM_3arc,Industrial,B,Manhole,IMD,Low
41.868096,12.422526,63.68,4.01,17.1,48.0,100,"Rome, Italy",Ward C,SRTM_3arc,Commercial,,Manhole,ERA5,Low
28.706883,77.384812,128.68,4.42,147.0,41.3,2,"Delhi, India",Zone II,SRTM_1arc,Residential,B,OpenChannel,LocalGauge,Low
22.506622,114.114022,18.35,8.04,61.5,34.9,100,"Shenzhen, China",Ward C,SRTM_1arc,Industrial,D,Manhole,ERA5,Low
28.618661,77.141702,64.41,4.34,47.7,58.1,5,"Delhi, India",Ward I,SRTM_3arc,Green,D,CurbInlet,ERA5,Low
4.739799,-73.977001,108.92,4.16,57.4,56.2,2,"Bogotá, Colombia",Sector 14,Copernicus_GLO-30_v2023,Green,B,Manhole,ERA5,Low
51.87227,4.539728,14.42,,141.0,27.5,5,"Rotterdam, Netherlands",Sector 9,Copernicus_GLO-30_v2023,Residential,D,CurbInlet,LocalGauge,Low
37.886633,23.751232,92.33,,227.5,62.7,25,"Athens, Greece",Borough Delta,SRTM_3arc,Commercial,A,,ERA5,Low
25.063237,55.199687,8.81,9.19,43.3,16.1,10,"Dubai, UAE",Sector 21,SRTM_3arc,Roads,D,GratedInlet,IMD,Low
-23.659598,-46.544649,74.78,9.16,367.9,72.2,25,"Sao Paulo, Brazil",Ward E,Copernicus_GLO-30_v2023,Commercial,A,OpenChannel,ERA5,Low
37.759736,-122.375061,-3.0,,103.7,34.2,2,"San Francisco, USA",Zone VI,Copernicus_GLO-30_v2023,Industrial,C,GratedInlet,LocalGauge,High
51.972605,4.583407,16.16,5.75,,25.9,2,"Rotterdam, Netherlands",Ward G,SRTM_1arc,Industrial,A,CurbInlet,ERA5,Low
29.986545,-90.1272,-3.0,8.28,336.1,67.2,5,"New Orleans, USA",District 14,Copernicus_GLO-90_v2022,Residential,B,OpenChannel,LocalGauge,High
41.06223,29.035667,20.47,7.94,106.9,29.3,10,"Istanbul, Türkiye",Sector 6,Copernicus_GLO-30_v2023,Roads,C,GratedInlet,ERA5,Low
39.883157,-75.099782,9.08,5.35,1.9,26.3,10,"Philadelphia, USA",Ward G,Copernicus_GLO-90_v2022,Residential,B,CurbInlet,,Low
23.851134,90.49994,7.06,6.47,160.1,41.3,2,"Dhaka, Bangladesh",Borough East,Copernicus_GLO-90_v2022,Roads,B,OpenChannel,LocalGauge,High
39.972205,-75.071289,3.33,8.96,131.0,20.2,5,"Philadelphia, USA",Ward E,Copernicus_EEA-10_v5,Commercial,B,GratedInlet,Blended,High
6.740203,3.432489,6.97,8.47,267.5,33.6,5,"Lagos, Nigeria",District 27,Copernicus_GLO-30_v2023,Commercial,D,OpenChannel,IMD,High
-36.908361,174.833148,78.21,12.07,50.9,22.2,2,"Auckland, New Zealand",Sector 12,Copernicus_GLO-30_v2023,Roads,C,CurbInlet,Blended,Low
4.685281,-74.009741,-3.0,3.14,516.7,38.9,2,"Bogotá, Colombia",Zone V,SRTM_3arc,Institutional,A,,,High
25.072586,121.637115,60.97,2.22,161.8,40.3,2,"Taipei, Taiwan",District 13,Copernicus_EEA-10_v5,Water,D,Manhole,LocalGauge,Moderate
6.462764,3.327888,11.1,5.92,365.1,62.3,10,"Lagos, Nigeria",District 6,SRTM_1arc,Residential,D,,,Low
13.03767,77.547337,-3.0,8.06,99.7,56.2,5,"Bengaluru, India",Ward I,SRTM_1arc,Roads,,CurbInlet,ERA5,Very High
-12.076004,-76.937523,113.79,4.34,337.2,48.6,10,"Lima, Peru",Ward G,Copernicus_GLO-30_v2023,Green,C,OpenChannel,LocalGauge,Low
51.516063,-0.109523,72.41,9.71,246.9,11.6,50,"London, UK",Borough Central,Copernicus_EEA-10_v5,Commercial,D,OpenChannel,LocalGauge,Low
24.788221,67.041661,156.8,7.32,40.3,28.8,25,"Karachi, Pakistan",Sector 26,SRTM_1arc,Residential,A,OpenChannel,,Low
25.678955,-80.195459,6.54,2.61,334.6,92.7,25,"Miami, USA",Ward F,Copernicus_GLO-30_v2023,Green,A,OpenChannel,Blended,High
-22.97038,-43.147973,7.95,4.8,,76.2,50,"Rio de Janeiro, Brazil",District 1,Copernicus_GLO-30_v2023,Roads,,CurbInlet,ERA5,High
-34.690929,-58.472918,67.7,5.97,211.3,42.7,2,"Buenos Aires, Argentina",Sector 1,SRTM_1arc,Institutional,D,CurbInlet,,Low
5.63754,-0.337666,-3.0,,169.1,30.0,5,"Accra, Ghana",District 5,SRTM_1arc,Institutional,D,GratedInlet,LocalGauge,Very High
6.496754,3.2258,19.88,4.96,102.6,57.9,50,"Lagos, Nigeria",Sector 22,Copernicus_EEA-10_v5,Commercial,D,CurbInlet,ERA5,Low
-33.821223,151.242238,12.06,10.14,75.9,15.9,10,"Sydney, Australia",District 12,Copernicus_GLO-30_v2023,Commercial,D,OpenChannel,ERA5,Low
5.624536,-0.155344,9.3,,163.7,75.8,100,"Accra, Ghana",Zone II,Copernicus_GLO-30_v2023,Roads,D,GratedInlet,LocalGauge,High
10.913843,106.692256,87.45,5.72,100.1,35.2,2,"Ho Chi Minh City, Vietnam",Sector 1,SRTM_1arc,Residential,A,GratedInlet,LocalGauge,Low
41.037388,28.913724,-3.0,,48.1,38.1,2,"Istanbul, Türkiye",District 30,SRTM_1arc,Roads,A,Manhole,ERA5,High
6.970116,79.799655,-0.62,8.31,131.2,108.5,50,"Colombo, Sri Lanka",Borough Hillside,SRTM_3arc,Mixed,D,GratedInlet,LocalGauge,High
6.519986,3.250363,5.12,,110.2,58.4,10,"Lagos, Nigeria",Sector 5,Copernicus_GLO-30_v2023,Roads,C,CurbInlet,ERA5,High
-22.908434,-43.127816,19.18,6.61,52.3,47.3,25,"Rio de Janeiro, Brazil",District 20,Copernicus_EEA-10_v5,Roads,B,Manhole,ERA5,Low
-23.488406,-46.773103,92.58,6.91,48.3,81.6,100,"Sao Paulo, Brazil",Borough Delta,Copernicus_EEA-10_v5,Commercial,A,CurbInlet,ERA5,Moderate
48.849606,2.385015,19.04,6.4,83.5,52.9,10,"Paris, France",Ward B,Copernicus_GLO-90_v2022,Residential,C,CurbInlet,ERA5,Low
-34.531435,-58.258446,,10.54,21.8,47.2,2,"Buenos Aires, Argentina",District 25,Copernicus_EEA-10_v5,Roads,D,Manhole,LocalGauge,Low
-33.785383,151.240146,14.37,2.95,81.0,30.5,5,"Sydney, Australia",Sector 19,SRTM_3arc,Water,A,Manhole,,Moderate
13.7912,100.565226,8.42,10.14,2.7,69.1,50,"Bangkok, Thailand",Borough North,SRTM_1arc,Commercial,C,OpenChannel,ERA5,Low
18.463089,73.845764,27.52,6.61,,33.6,100,"Pune, India",Sector 5,Copernicus_GLO-30_v2023,Commercial,D,CurbInlet,ERA5,Low
23.757949,90.356042,,6.98,62.1,134.7,50,"Dhaka, Bangladesh",Sector 21,SRTM_1arc,Roads,B,GratedInlet,IMD,Moderate
25.335047,51.58992,64.53,6.31,69.0,17.2,2,"Doha, Qatar",Ward H,SRTM_1arc,Industrial,C,CurbInlet,Blended,Low
55.710055,12.513682,75.66,,119.2,30.5,2,"Copenhagen, Denmark",Ward D,SRTM_1arc,Green,B,OpenChannel,ERA5,Low
41.445723,2.154841,10.23,5.76,123.4,25.6,10,"Barcelona, Spain",Borough Harbor,SRTM_1arc,Commercial,D,OpenChannel,ERA5,Low
23.84048,90.430896,-3.0,5.63,103.0,44.7,25,"Dhaka, Bangladesh",Sector 10,Copernicus_GLO-30_v2023,Commercial,C,Manhole,,Very High
37.806331,-122.39674,59.78,,69.1,43.6,2,"San Francisco, USA",Ward K,Copernicus_GLO-30_v2023,Roads,B,CurbInlet,ERA5,Low
20.962732,105.806597,69.93,7.42,47.3,83.8,10,"Hanoi, Vietnam",Zone IV,SRTM_1arc,Roads,A,Manhole,ERA5,Moderate
22.322486,114.298038,9.73,6.65,71.7,67.8,25,"Hong Kong, China",District 8,SRTM_3arc,Residential,C,CurbInlet,IMD,Low
6.572411,3.44056,21.62,5.36,63.2,76.8,50,"Lagos, Nigeria",Zone X,Copernicus_GLO-30_v2023,Commercial,B,OpenChannel,Blended,Low
40.909137,28.925473,18.23,5.26,306.4,40.2,2,"Istanbul, Türkiye",District 18,SRTM_1arc,Residential,A,,,Low
-33.85022,151.235248,10.93,5.62,42.2,29.9,5,"Sydney, Australia",District 10,Copernicus_EEA-10_v5,Residential,C,CurbInlet,,Low
-29.868751,31.08669,57.86,8.08,132.6,27.0,2,"Durban, South Africa",District 27,SRTM_3arc,Commercial,B,GratedInlet,LocalGauge,Low
52.365089,4.866484,12.38,10.36,6.5,23.2,50,"Amsterdam, Netherlands",Ward G,Copernicus_EEA-10_v5,Industrial,C,OpenChannel,ERA5,Low
52.238417,5.034896,3.36,5.73,1.0,23.7,50,"Amsterdam, Netherlands",Zone V,Copernicus_EEA-10_v5,Residential,,GratedInlet,LocalGauge,High
49.21732,-123.105318,8.0,3.84,168.2,15.6,10,"Vancouver, Canada",Zone IV,Copernicus_GLO-30_v2023,Roads,,GratedInlet,Blended,High
55.720319,12.533721,23.48,,99.8,49.8,5,"Copenhagen, Denmark",Ward F,SRTM_1arc,Roads,A,Manhole,LocalGauge,Low
41.070838,28.94237,-3.0,,153.5,61.4,100,"Istanbul, Türkiye",Ward C,Copernicus_EEA-10_v5,Green,,Manhole,,Very High
24.710403,46.649768,32.95,8.97,30.4,12.7,50,"Riyadh, Saudi Arabia",Zone X,SRTM_3arc,Roads,,CurbInlet,IMD,Low
35.699059,139.62428,-1.02,2.25,156.9,18.2,100,"Tokyo, Japan",Borough Hillside,Copernicus_GLO-30_v2023,Residential,B,CurbInlet,ERA5,High
-33.857486,151.344074,4.55,8.3,178.1,10.8,2,"Sydney, Australia",District 12,Copernicus_GLO-30_v2023,Roads,C,OpenChannel,ERA5,High
-12.067927,-77.153291,-3.0,,161.0,27.8,5,"Lima, Peru",Borough West,Copernicus_GLO-30_v2023,Industrial,C,Manhole,IMD,High
37.451855,126.841319,39.29,8.48,19.6,57.3,10,"Seoul, South Korea",Zone IV,Copernicus_GLO-30_v2023,Industrial,C,Manhole,,Low
22.597976,88.403509,51.59,2.02,79.9,31.0,2,"Kolkata, India",Ward J,SRTM_1arc,Residential,C,Manhole,LocalGauge,Moderate
-34.527147,-58.364573,32.13,4.18,34.5,30.1,5,"Buenos Aires, Argentina",Sector 16,SRTM_1arc,Residential,C,GratedInlet,IMD,Low
20.949414,105.798996,6.57,6.32,129.6,143.3,5,"Hanoi, Vietnam",Zone X,SRTM_3arc,Residential,D,OpenChannel,ERA5,Very High
-33.915805,151.185478,12.64,6.57,106.5,22.0,5,"Sydney, Australia",Zone VII,SRTM_3arc,Green,B,Manhole,ERA5,Low
40.971305,29.10124,-3.0,2.98,,31.0,2,"Istanbul, Türkiye",Sector 13,Copernicus_GLO-30_v2023,Green,A,Manhole,ERA5,High
-22.919874,-43.06313,3.57,2.25,161.8,29.0,10,"Rio de Janeiro, Brazil",Borough Hillside,Copernicus_GLO-30_v2023,Green,D,OpenChannel,ERA5,High
6.58171,3.247115,-3.0,9.57,114.7,67.7,100,"Lagos, Nigeria",Borough Delta,Copernicus_GLO-90_v2022,Informal,B,Manhole,Blended,High
23.203753,113.294124,21.74,9.53,62.0,150.0,100,"Guangzhou, China",Zone II,SRTM_3arc,Roads,C,Manhole,ERA5,Moderate
23.217971,113.179588,10.35,7.73,88.7,115.5,100,"Guangzhou, China",Sector 22,Copernicus_EEA-10_v5,Roads,B,Manhole,Blended,Moderate
-34.001171,18.43076,118.01,5.32,129.2,20.3,100,"Cape Town, South Africa",District 10,Copernicus_GLO-30_v2023,Residential,,Manhole,ERA5,Low
21.10357,105.710172,13.92,8.18,50.5,66.0,5,"Hanoi, Vietnam",District 15,Copernicus_GLO-30_v2023,Industrial,C,CurbInlet,,Low
41.924244,12.483199,41.29,8.37,140.9,12.6,5,"Rome, Italy",Ward G,SRTM_3arc,Industrial,A,CurbInlet,ERA5,Low
37.810721,23.762692,67.0,4.23,81.7,27.7,100,"Athens, Greece",Ward K,Copernicus_EEA-10_v5,Residential,C,GratedInlet,LocalGauge,Low
48.998964,2.328633,57.09,9.02,78.6,57.2,25,"Paris, France",Zone III,SRTM_1arc,Industrial,C,GratedInlet,IMD,Low
24.866421,66.958002,38.53,3.76,131.0,13.1,2,"Karachi, Pakistan",Ward C,Copernicus_GLO-30_v2023,Residential,B,Manhole,IMD,Low
25.230442,55.221772,109.31,3.0,26.5,19.5,2,"Dubai, UAE",Sector 8,SRTM_1arc,Residential,B,GratedInlet,ERA5,Moderate
-33.905229,151.251384,-1.21,6.48,109.8,68.7,5,"Sydney, Australia",Sector 14,SRTM_1arc,Roads,B,GratedInlet,,Very High
3.062267,101.616347,79.72,5.32,20.4,85.3,5,"Kuala Lumpur, Malaysia",District 25,Copernicus_GLO-30_v2023,Residential,C,CurbInlet,ERA5,Moderate
25.132368,55.151454,,4.07,17.4,23.0,5,"Dubai, UAE",District 21,Copernicus_EEA-10_v5,Green,D,OpenChannel,IMD,Low
35.621826,51.334416,123.39,6.05,333.0,81.8,10,"Tehran, Iran",Ward I,Copernicus_GLO-90_v2022,Residential,B,OpenChannel,ERA5,Moderate
29.648864,-95.361247,-3.0,6.01,57.9,26.9,25,"Houston, USA",Sector 16,Copernicus_GLO-30_v2023,Residential,,GratedInlet,ERA5,Very High
30.000897,-90.104285,-0.81,,,23.1,25,"New Orleans, USA",Zone IV,Copernicus_GLO-30_v2023,Mixed,C,Manhole,Blended,Very High
4.696227,-74.208417,129.25,4.92,360.9,47.0,5,"Bogotá, Colombia",Borough North,Copernicus_GLO-30_v2023,Residential,C,OpenChannel,ERA5,Low
25.35973,51.621339,31.52,2.91,128.1,21.6,2,"Doha, Qatar",Zone V,Copernicus_GLO-30_v2023,Residential,B,GratedInlet,ERA5,Moderate
51.898676,4.378857,-0.41,5.39,102.3,35.1,25,"Rotterdam, Netherlands",Ward K,SRTM_1arc,Residential,D,CurbInlet,Blended,High
23.164792,113.204835,2.4,7.9,265.3,62.9,100,"Guangzhou, China",Borough South,Copernicus_GLO-30_v2023,Industrial,,OpenChannel,,High
29.623672,-95.481678,24.52,10.45,143.3,29.8,5,"Houston, USA",Borough Hillside,Copernicus_GLO-30_v2023,Roads,B,OpenChannel,ERA5,Low
20.992364,105.91933,107.83,5.29,274.3,67.9,100,"Hanoi, Vietnam",Zone X,SRTM_1arc,Water,D,Manhole,ERA5,Low
24.915453,121.623325,9.8,2.05,57.1,20.2,10,"Taipei, Taiwan",Zone X,Copernicus_GLO-90_v2022,Residential,D,CurbInlet,ERA5,Moderate
55.787396,12.554853,31.69,7.35,38.6,61.3,2,"Copenhagen, Denmark",Sector 25,Copernicus_GLO-90_v2022,Green,A,,Blended,Low
48.761506,2.279032,65.66,5.97,234.9,54.8,10,"Paris, France",District 8,SRTM_3arc,Green,B,OpenChannel,,Low
17.446439,78.510455,38.39,,45.8,65.0,50,"Hyderabad, India",District 30,Copernicus_GLO-30_v2023,Industrial,C,CurbInlet,IMD,Low
34.794127,135.475521,-3.0,3.95,100.8,26.6,25,"Osaka, Japan",Sector 27,Copernicus_EEA-10_v5,Residential,D,Manhole,LocalGauge,Very High
29.993916,-90.124973,16.74,8.33,6.9,25.8,2,"New Orleans, USA",District 20,SRTM_3arc,Commercial,C,GratedInlet,ERA5,Low
52.016854,4.38432,9.06,6.32,34.0,28.8,5,"Rotterdam, Netherlands",Zone II,Copernicus_EEA-10_v5,Residential,B,CurbInlet,LocalGauge,Low
37.825889,-122.467796,-3.0,6.84,484.3,47.7,50,"San Francisco, USA",Ward E,Copernicus_GLO-30_v2023,Water,A,OpenChannel,Blended,High
39.982121,-75.17028,101.31,8.31,64.8,38.2,10,"Philadelphia, USA",Sector 20,Copernicus_GLO-30_v2023,Roads,A,CurbInlet,ERA5,Low
-11.99669,-77.191942,55.11,2.83,86.6,24.1,5,"Lima, Peru",Sector 8,SRTM_3arc,Commercial,C,GratedInlet,ERA5,Moderate
35.682099,139.728964,64.25,6.75,166.7,27.5,10,"Tokyo, Japan",District 25,Copernicus_EEA-10_v5,Industrial,C,OpenChannel,Blended,Low
29.724891,-95.267475,2.16,8.07,79.9,44.8,10,"Houston, USA",Zone IV,Copernicus_EEA-10_v5,Industrial,D,Manhole,IMD,High
39.872179,-75.078438,72.9,8.73,89.8,30.7,5,"Philadelphia, USA",Borough Harbor,Copernicus_GLO-30_v2023,Industrial,B,Manhole,LocalGauge,Low
25.175249,51.602579,73.06,5.42,246.3,12.8,10,"Doha, Qatar",District 7,Copernicus_GLO-30_v2023,Green,A,CurbInlet,Blended,Low
25.006856,55.272927,24.81,8.51,158.3,24.4,2,"Dubai, UAE",Sector 2,Copernicus_EEA-10_v5,Residential,D,OpenChannel,,Low
24.682785,46.563709,112.11,,6.1,6.6,25,"Riyadh, Saudi Arabia",Borough Hillside,SRTM_3arc,Roads,D,Manhole,ERA5,Low
31.196289,121.326268,0.51,,72.4,29.9,10,"Shanghai, China",Ward I,Copernicus_GLO-30_v2023,Residential,B,CurbInlet,LocalGauge,High
23.006888,72.603361,14.16,5.83,101.9,31.1,10,"Ahmedabad, India",District 9,SRTM_1arc,Roads,B,OpenChannel,LocalGauge,Low
5.615897,-0.220944,12.76,3.79,84.5,46.9,2,"Accra, Ghana",Sector 30,SRTM_3arc,Commercial,,Manhole,Blended,Low
6.879043,79.734498,,9.74,236.4,70.3,2,"Colombo, Sri Lanka",Borough Old Town,SRTM_1arc,Informal,B,Manhole,LocalGauge,Low
41.387392,2.162235,24.94,4.62,,36.5,10,"Barcelona, Spain",Borough North,Copernicus_EEA-10_v5,Commercial,D,CurbInlet,Blended,Low
19.060576,72.787831,10.01,,346.5,66.3,10,"Mumbai, India",Borough Old Town,SRTM_3arc,Green,C,,Blended,Low
25.750458,-80.115828,22.12,7.15,84.2,56.5,25,"Miami, USA",Zone III,Copernicus_GLO-30_v2023,Residential,C,Manhole,LocalGauge,Low
52.264567,4.856939,20.69,9.87,8.9,37.5,25,"Amsterdam, Netherlands",Ward G,Copernicus_GLO-30_v2023,Industrial,B,Manhole,,Low
6.450344,3.308068,26.47,,45.1,106.5,25,"Lagos, Nigeria",Sector 27,Copernicus_GLO-30_v2023,Mixed,C,Manhole,ERA5,Moderate
-6.1315,106.913555,12.88,7.94,77.7,38.8,2,"Jakarta, Indonesia",District 18,SRTM_1arc,Commercial,A,CurbInlet,ERA5,Low
51.536526,-0.126175,,5.3,204.2,59.4,50,"London, UK",Sector 15,Copernicus_GLO-30_v2023,Green,B,GratedInlet,IMD,Low
-6.261836,106.835969,-3.0,3.44,495.5,59.8,5,"Jakarta, Indonesia",District 4,Copernicus_GLO-30_v2023,Residential,B,,ERA5,High
25.023869,121.611464,65.27,5.95,174.8,39.5,2,"Taipei, Taiwan",Zone III,SRTM_1arc,Residential,C,OpenChannel,ERA5,Low
14.568699,120.971235,14.8,5.16,139.2,55.0,5,"Manila, Philippines",Borough South,SRTM_3arc,Water,A,OpenChannel,LocalGauge,Low
7.009007,79.879127,,3.69,49.6,64.7,10,"Colombo, Sri Lanka",Borough Harbor,SRTM_1arc,Green,C,CurbInlet,Blended,Low
37.955957,23.657734,35.57,5.33,242.3,49.5,50,"Athens, Greece",Sector 3,Copernicus_EEA-10_v5,Green,C,CurbInlet,ERA5,Low
-36.805508,174.85519,33.99,,101.1,39.4,2,"Auckland, New Zealand",District 15,Copernicus_GLO-30_v2023,Roads,C,Manhole,ERA5,Low
35.680205,51.389679,134.3,3.35,173.2,37.3,2,"Tehran, Iran",Sector 18,SRTM_1arc,Green,,OpenChannel,ERA5,Low
-36.861797,174.712693,50.51,7.88,38.0,29.9,2,"Auckland, New Zealand",Borough South,SRTM_3arc,Commercial,B,CurbInlet,LocalGauge,Low
1.252309,103.854667,14.1,2.7,89.7,64.0,100,"Singapore, Singapore",Ward F,SRTM_3arc,Green,A,OpenChannel,LocalGauge,Very High
-22.944504,-43.127643,10.84,7.54,113.4,68.1,50,"Rio de Janeiro, Brazil",Zone IX,Copernicus_GLO-90_v2022,Residential,B,Manhole,LocalGauge,Low
28.618269,77.167282,37.25,7.73,,23.3,50,"Delhi, India",District 8,SRTM_1arc,Mixed,C,GratedInlet,,Low
39.025949,-76.967405,90.38,8.02,,20.4,25,"Washington DC, USA",District 24,Copernicus_GLO-30_v2023,Institutional,,OpenChannel,,Low
24.800656,46.70975,-3.0,,105.7,11.9,10,"Riyadh, Saudi Arabia",District 1,Copernicus_GLO-30_v2023,Residential,,OpenChannel,LocalGauge,High
51.486471,-0.184546,88.49,4.21,26.1,52.0,5,"London, UK",Borough Hillside,SRTM_1arc,Residential,A,CurbInlet,ERA5,Low
51.881165,4.458376,8.53,3.41,,30.8,5,"Rotterdam, Netherlands",District 19,SRTM_1arc,Green,B,OpenChannel,ERA5,Low
18.566523,73.879818,62.33,6.46,64.5,42.4,5,"Pune, India",Borough South,SRTM_1arc,Roads,A,GratedInlet,ERA5,Low
23.084975,113.294863,2.33,8.65,82.8,60.6,25,"Guangzhou, China",Sector 20,Copernicus_GLO-30_v2023,Roads,D,Manhole,ERA5,High
28.548825,77.28749,52.25,5.75,89.6,29.2,25,"Delhi, India",Borough West,Copernicus_GLO-90_v2022,Roads,D,CurbInlet,Blended,Low
37.510694,126.950338,-0.97,3.71,,14.3,10,"Seoul, South Korea",Borough Riverside,Copernicus_GLO-30_v2023,Commercial,,,ERA5,High
6.457545,3.592481,,4.83,484.6,46.3,2,"Lagos, Nigeria",District 26,SRTM_1arc,Informal,A,CurbInlet,ERA5,Low
20.976332,105.909185,34.21,8.35,82.7,59.6,10,"Hanoi, Vietnam",Sector 5,SRTM_1arc,Roads,D,GratedInlet,LocalGauge,Low
-22.95048,-43.107141,16.09,3.93,104.1,102.1,25,"Rio de Janeiro, Brazil",Sector 12,Copernicus_GLO-30_v2023,Green,C,Manhole,LocalGauge,Moderate
37.831048,-122.392542,66.84,7.11,,18.1,5,"San Francisco, USA",District 6,SRTM_1arc,Roads,C,Manhole,ERA5,Low
39.991368,-75.222027,89.99,,143.9,39.1,10,"Philadelphia, USA",Ward F,Copernicus_GLO-30_v2023,Residential,A,GratedInlet,,Low
24.915641,121.535731,92.47,7.46,147.9,31.1,50,"Taipei, Taiwan",Ward E,SRTM_1arc,Residential,C,Manhole,ERA5,Low
13.096619,77.745298,111.43,6.47,64.9,29.9,5,"Bengaluru, India",Sector 28,SRTM_1arc,Residential,A,GratedInlet,IMD,Low
41.963134,12.411697,57.71,3.94,299.2,33.9,5,"Rome, Italy",District 23,SRTM_1arc,Residential,B,,ERA5,Low
41.450522,2.148901,,10.96,,33.0,5,"Barcelona, Spain",Zone I,Copernicus_GLO-90_v2022,Commercial,A,Manhole,ERA5,Low
25.262453,55.290175,23.0,5.7,28.0,32.3,5,"Dubai, UAE",Borough Riverside,SRTM_3arc,Roads,C,GratedInlet,ERA5,Low
21.06506,105.831464,33.82,4.67,60.6,48.0,5,"Hanoi, Vietnam",Ward D,SRTM_1arc,Green,B,GratedInlet,,Low
38.972791,-77.073906,78.27,4.97,54.5,25.7,2,"Washington DC, USA",Ward E,Copernicus_GLO-30_v2023,Roads,C,Manhole,,Low
52.070673,4.404017,11.59,2.02,350.0,27.7,2,"Rotterdam, Netherlands",Sector 22,SRTM_3arc,Institutional,A,GratedInlet,ERA5,Moderate
19.442076,-99.139077,31.76,4.36,89.6,43.5,5,"Mexico City, Mexico",Ward D,Copernicus_EEA-10_v5,Residential,A,GratedInlet,,Low
41.96101,12.37277,73.87,10.3,128.9,30.9,2,"Rome, Italy",Sector 11,SRTM_3arc,Mixed,,OpenChannel,LocalGauge,Low
1.412227,103.891056,18.29,,367.6,38.8,5,"Singapore, Singapore",District 3,Copernicus_GLO-30_v2023,Green,D,GratedInlet,LocalGauge,Low
53.539526,10.03608,3.33,4.56,72.0,21.4,10,"Hamburg, Germany",Zone I,SRTM_1arc,Residential,B,GratedInlet,LocalGauge,High
41.428525,2.1894,25.33,,45.5,25.7,5,"Barcelona, Spain",Borough Delta,Copernicus_GLO-90_v2022,Industrial,C,GratedInlet,ERA5,Low
-27.544612,153.071716,58.05,,23.1,13.1,25,"Brisbane, Australia",Borough Riverside,SRTM_3arc,Residential,D,Manhole,IMD,Low
35.708829,139.649493,22.08,6.82,445.0,28.4,2,"Tokyo, Japan",Zone III,Copernicus_GLO-30_v2023,Industrial,C,,LocalGauge,Low
-34.555028,-58.454621,-3.0,,33.7,58.9,10,"Buenos Aires, Argentina",Ward A,SRTM_1arc,Residential,A,Manhole,Blended,High
-23.487059,-46.749838,9.83,4.48,44.3,44.3,10,"Sao Paulo, Brazil",District 18,SRTM_1arc,Residential,A,Manhole,IMD,Low
1.330576,103.715584,12.87,5.25,41.2,45.9,25,"Singapore, Singapore",Zone VII,SRTM_1arc,Commercial,B,GratedInlet,,Low
-27.340339,153.135637,65.11,9.53,52.5,27.3,25,"Brisbane, Australia",Zone III,SRTM_1arc,Commercial,A,GratedInlet,LocalGauge,Low
19.092199,72.943521,7.78,6.36,304.0,29.7,5,"Mumbai, India",Ward K,Copernicus_EEA-10_v5,Residential,B,OpenChannel,ERA5,High
48.904419,2.455045,,11.42,387.1,50.5,25,"Paris, France",Sector 30,Copernicus_GLO-30_v2023,Commercial,B,,LocalGauge,Low
-6.298172,106.880719,-0.12,6.72,70.2,88.4,25,"Jakarta, Indonesia",Ward F,Copernicus_EEA-10_v5,Roads,,CurbInlet,ERA5,High
18.979018,73.018621,16.15,6.87,258.5,112.4,25,"Mumbai, India",District 1,SRTM_3arc,Roads,D,OpenChannel,ERA5,Very High
6.592352,3.488523,33.93,2.09,296.4,77.9,25,"Lagos, Nigeria",Zone II,SRTM_1arc,Water,,CurbInlet,Blended,Moderate
-23.534136,-46.579372,78.06,,175.3,42.6,2,"Sao Paulo, Brazil",Ward G,SRTM_3arc,Residential,A,Manhole,ERA5,Low
25.252322,51.539407,32.12,4.69,95.6,9.3,2,"Doha, Qatar",Zone IX,Copernicus_GLO-30_v2023,Green,,GratedInlet,ERA5,Low
51.485491,-0.146689,79.28,7.38,51.3,36.3,50,"London, UK",Zone VII,SRTM_3arc,Roads,A,GratedInlet,ERA5,Low
-34.531524,-58.471922,,8.39,49.9,31.0,5,"Buenos Aires, Argentina",District 16,Copernicus_EEA-10_v5,Roads,B,CurbInlet,IMD,Low
39.971407,-75.106479,4.01,4.1,155.5,24.0,10,"Philadelphia, USA",Zone III,Copernicus_GLO-90_v2022,Roads,C,OpenChannel,IMD,High
13.091605,80.28485,7.64,4.22,,56.4,10,"Chennai, India",Sector 20,SRTM_3arc,Roads,C,Manhole,,High
37.866733,23.730246,6.08,9.48,61.6,26.3,5,"Athens, Greece",District 24,SRTM_1arc,Roads,D,GratedInlet,ERA5,High
48.728522,2.528125,17.32,6.37,28.9,29.4,10,"Paris, France",Zone IV,SRTM_1arc,Residential,B,CurbInlet,ERA5,Low
37.742872,-122.357207,0.81,,57.9,21.1,2,"San Francisco, USA",Zone X,Copernicus_EEA-10_v5,Residential,C,GratedInlet,ERA5,High
31.263069,121.456684,-2.79,9.14,,59.6,25,"Shanghai, China",Borough Old Town,SRTM_1arc,Roads,A,Manhole,ERA5,High
-29.757564,31.073678,-3.0,10.19,105.5,20.1,25,"Durban, South Africa",District 24,SRTM_3arc,Mixed,C,OpenChannel,IMD,High
25.253629,55.225868,33.86,7.03,159.0,24.5,5,"Dubai, UAE",Borough Central,Copernicus_GLO-90_v2022,Residential,,,ERA5,Low
23.045779,72.583178,59.89,7.19,27.8,20.4,2,"Ahmedabad, India",Borough Old Town,Copernicus_EEA-10_v5,Roads,A,Manhole,ERA5,Low
39.992433,-75.126319,,7.73,42.7,33.1,50,"Philadelphia, USA",District 4,Copernicus_EEA-10_v5,Residential,,OpenChannel,LocalGauge,Low
12.995856,77.622202,9.84,5.62,68.7,37.5,5,"Bengaluru, India",Sector 1,SRTM_1arc,Industrial,B,GratedInlet,ERA5,Low
34.559784,135.409085,54.86,4.91,,38.8,2,"Osaka, Japan",District 23,Copernicus_GLO-30_v2023,Mixed,C,OpenChannel,ERA5,Low
37.605762,126.963086,45.7,10.45,220.6,31.0,25,"Seoul, South Korea",District 22,SRTM_1arc,Informal,A,Manhole,,Low
22.555843,88.257818,70.48,8.44,111.7,40.9,10,"Kolkata, India",District 6,Copernicus_EEA-10_v5,Roads,D,Manhole,ERA5,Low
40.114737,-75.143184,22.35,5.36,83.8,33.5,5,"Philadelphia, USA",Sector 24,Copernicus_EEA-10_v5,Commercial,C,Manhole,,Low
5.619345,-0.166021,16.15,1.53,199.7,106.4,10,"Accra, Ghana",Ward D,Copernicus_EEA-10_v5,Water,B,OpenChannel,ERA5,Moderate
51.582485,-0.093592,52.39,5.16,72.2,21.2,5,"London, UK",District 1,Copernicus_GLO-90_v2022,Commercial,C,GratedInlet,ERA5,Low
40.469026,-73.898442,10.38,4.97,51.5,17.9,50,"New York, USA",Zone X,Copernicus_EEA-10_v5,Roads,D,Manhole,,Low
22.381509,88.363866,-3.0,2.07,286.0,13.7,25,"Kolkata, India",District 23,SRTM_3arc,Green,D,OpenChannel,ERA5,High
22.958424,72.628355,50.67,6.09,96.0,29.9,50,"Ahmedabad, India",Ward D,SRTM_1arc,Roads,B,CurbInlet,ERA5,Low
35.642743,139.610345,115.22,9.97,,21.1,5,"Tokyo, Japan",Borough North,Copernicus_GLO-30_v2023,Roads,B,CurbInlet,ERA5,Low
28.667313,77.171789,3.61,7.72,31.3,27.7,25,"Delhi, India",District 1,SRTM_1arc,Green,C,Manhole,ERA5,High
48.890238,2.281881,86.73,7.77,232.6,17.8,25,"Paris, France",Borough West,Copernicus_EEA-10_v5,Informal,D,CurbInlet,IMD,Low
-34.637909,-58.451537,14.56,2.2,182.8,27.4,10,"Buenos Aires, Argentina",Borough Harbor,Copernicus_EEA-10_v5,Green,C,OpenChannel,ERA5,Moderate
40.94383,29.012533,3.14,4.49,160.0,48.3,10,"Istanbul, Türkiye",Borough South,Copernicus_GLO-30_v2023,Residential,B,CurbInlet,LocalGauge,High
-6.263678,106.699099,6.99,9.2,70.8,43.7,10,"Jakarta, Indonesia",Borough Old Town,Copernicus_EEA-10_v5,Industrial,D,Manhole,LocalGauge,High
5.501045,-0.31867,14.89,9.01,14.7,37.9,5,"Accra, Ghana",Ward C,SRTM_1arc,Industrial,C,OpenChannel,ERA5,Low
23.13066,113.311123,8.59,4.49,127.9,96.1,25,"Guangzhou, China",Borough East,Copernicus_GLO-30_v2023,Residential,B,GratedInlet,,Very High
-6.129638,106.846254,27.7,4.05,21.9,57.3,50,"Jakarta, Indonesia",District 5,SRTM_3arc,Residential,D,CurbInlet,ERA5,Low
3.127104,101.743543,31.49,7.02,125.0,59.8,10,"Kuala Lumpur, Malaysia",District 1,SRTM_3arc,Residential,C,CurbInlet,Blended,Low
37.522017,126.963951,,7.4,131.1,30.5,5,"Seoul, South Korea",Zone I,Copernicus_GLO-90_v2022,Roads,,Manhole,LocalGauge,Low
19.075387,72.866257,8.39,,247.9,49.6,10,"Mumbai, India",Sector 26,Copernicus_EEA-10_v5,Roads,D,OpenChannel,ERA5,Low
24.906362,67.043272,85.99,3.62,75.6,22.9,10,"Karachi, Pakistan",Zone VII,Copernicus_GLO-30_v2023,Residential,A,Manhole,Blended,Low
6.926764,79.964027,11.45,3.41,,66.0,5,"Colombo, Sri Lanka",Borough West,Copernicus_GLO-30_v2023,Residential,A,OpenChannel,ERA5,Low
12.971753,80.189964,21.13,7.33,112.6,146.9,10,"Chennai, India",Borough North,SRTM_3arc,Residential,D,CurbInlet,IMD,Moderate
13.761988,100.512892,12.56,,140.7,42.0,5,"Bangkok, Thailand",Zone I,Copernicus_EEA-10_v5,Commercial,B,GratedInlet,ERA5,Low
-12.077452,-77.123727,63.17,6.08,108.1,34.7,25,"Lima, Peru",Sector 10,Copernicus_GLO-30_v2023,Green,D,OpenChannel,ERA5,Low
5.621065,-0.167653,13.0,,82.3,32.0,50,"Accra, Ghana",Borough Hillside,SRTM_1arc,Commercial,,CurbInlet,ERA5,Low
28.598775,77.327263,44.96,,96.0,22.8,100,"Delhi, India",Zone III,Copernicus_GLO-30_v2023,Roads,A,GratedInlet,ERA5,Low
10.802583,106.639595,92.6,,133.0,54.4,25,"Ho Chi Minh City, Vietnam",Zone X,Copernicus_GLO-30_v2023,Institutional,C,Manhole,ERA5,Low
51.868593,4.420131,7.27,10.09,252.9,27.3,2,"Rotterdam, Netherlands",District 17,SRTM_1arc,Roads,,,LocalGauge,High
22.239929,114.104931,5.1,,461.6,120.8,25,"Hong Kong, China",Sector 28,Copernicus_EEA-10_v5,Residential,C,,IMD,Very High
17.461849,78.502935,49.8,3.45,147.8,54.9,10,"Hyderabad, India",Sector 26,SRTM_3arc,Green,A,CurbInlet,ERA5,Low
18.489338,73.932663,38.04,6.26,38.2,29.4,10,"Pune, India",District 20,Copernicus_GLO-30_v2023,Commercial,B,GratedInlet,Blended,Low
25.169715,51.669037,31.69,,67.8,22.3,50,"Doha, Qatar",Zone IX,Copernicus_GLO-30_v2023,Residential,A,CurbInlet,ERA5,Low
23.148222,113.215364,,4.01,355.0,44.3,5,"Guangzhou, China",Sector 2,Copernicus_EEA-10_v5,Green,,Manhole,LocalGauge,Low
41.803617,12.487216,-3.0,7.51,91.6,63.8,10,"Rome, Italy",Sector 29,Copernicus_EEA-10_v5,Industrial,D,GratedInlet,IMD,High
13.092705,80.278673,6.76,,244.9,82.8,50,"Chennai, India",Ward E,SRTM_3arc,Green,,Manhole,ERA5,High
4.705286,-74.032794,48.3,7.43,83.5,30.2,2,"Bogotá, Colombia",Ward J,SRTM_1arc,Roads,D,Manhole,,Low
51.917995,4.490178,21.27,3.37,36.2,53.1,50,"Rotterdam, Netherlands",Ward K,SRTM_1arc,Residential,B,CurbInlet,ERA5,Low
52.322792,4.935204,12.77,9.85,137.4,37.9,10,"Amsterdam, Netherlands",Sector 24,SRTM_1arc,Roads,B,OpenChannel,LocalGauge,Low
25.271056,55.398226,59.31,11.15,478.9,31.4,5,"Dubai, UAE",Borough North,Copernicus_EEA-10_v5,Roads,D,,Blended,Low
-23.557311,-46.654938,73.62,7.66,91.6,26.6,100,"Sao Paulo, Brazil",Borough West,Copernicus_GLO-30_v2023,Roads,,Manhole,LocalGauge,Low
19.395159,-99.191503,,6.28,346.2,43.2,25,"Mexico City, Mexico",District 28,SRTM_1arc,Green,A,Manhole,LocalGauge,Low
40.943331,29.028535,-3.0,,4.6,52.8,10,"Istanbul, Türkiye",Sector 20,Copernicus_GLO-30_v2023,Commercial,,Manhole,ERA5,High
29.814959,-95.325245,-3.0,6.25,96.4,26.8,50,"Houston, USA",Ward G,Copernicus_EEA-10_v5,Roads,A,GratedInlet,IMD,High
-27.499348,153.047463,-3.0,3.76,98.7,59.4,5,"Brisbane, Australia",Sector 19,SRTM_3arc,Green,B,Manhole,Blended,High
31.112199,121.483122,10.65,6.68,,23.9,5,"Shanghai, China",Ward H,Copernicus_GLO-30_v2023,Residential,A,GratedInlet,,Low
49.254097,-122.992308,3.8,11.85,77.4,74.5,25,"Vancouver, Canada",Zone X,SRTM_1arc,Mixed,A,CurbInlet,LocalGauge,High
14.59056,121.022218,8.87,6.43,48.4,49.4,25,"Manila, Philippines",Sector 22,Copernicus_GLO-30_v2023,Roads,C,CurbInlet,ERA5,Low
19.117053,73.007688,8.8,3.5,133.4,70.1,25,"Mumbai, India",Zone IV,SRTM_1arc,Institutional,A,Manhole,,Low
19.488129,-99.072101,59.09,4.44,118.7,24.4,25,"Mexico City, Mexico",Zone I,SRTM_3arc,Institutional,,CurbInlet,,Low
17.443307,78.351735,110.32,6.22,62.6,38.0,2,"Hyderabad, India",Zone I,Copernicus_EEA-10_v5,Commercial,B,Manhole,ERA5,Low
37.533384,126.879821,112.08,8.62,228.9,41.3,10,"Seoul, South Korea",Sector 5,Copernicus_GLO-30_v2023,Industrial,B,OpenChannel,Blended,Low
38.819708,-77.063099,27.81,9.4,91.5,22.5,2,"Washington DC, USA",Borough West,SRTM_1arc,Roads,A,Manhole,ERA5,Low
-11.986187,-76.954354,0.02,6.93,176.7,39.8,2,"Lima, Peru",Zone IX,Copernicus_EEA-10_v5,Residential,B,CurbInlet,ERA5,High
37.726372,-122.481088,-3.0,6.49,176.9,17.5,10,"San Francisco, USA",Sector 12,Copernicus_EEA-10_v5,Water,D,OpenChannel,,Very High
-1.319486,36.826243,-3.0,7.46,,44.4,10,"Nairobi, Kenya",Zone X,SRTM_1arc,Roads,B,CurbInlet,LocalGauge,High
22.560685,88.275529,29.41,5.25,67.0,42.0,2,"Kolkata, India",Sector 16,SRTM_3arc,Commercial,,CurbInlet,Blended,Low
1.160615,103.679864,12.77,4.28,81.8,49.8,50,"Singapore, Singapore",District 23,Copernicus_GLO-30_v2023,Residential,,OpenChannel,IMD,Low
25.122209,55.161431,15.77,5.9,61.0,18.2,5,"Dubai, UAE",District 6,Copernicus_EEA-10_v5,Residential,B,CurbInlet,ERA5,Low
14.647308,120.966319,-3.0,5.04,59.5,78.2,25,"Manila, Philippines",Sector 22,SRTM_3arc,Roads,D,Manhole,Blended,Very High
-23.022128,-43.209847,16.8,9.33,14.9,58.9,50,"Rio de Janeiro, Brazil",Borough Hillside,SRTM_1arc,Mixed,B,GratedInlet,Blended,Low
-34.038614,18.436743,85.96,,,44.7,50,"Cape Town, South Africa",Sector 15,Copernicus_EEA-10_v5,Industrial,D,Manhole,IMD,Low
48.773623,2.362798,28.8,3.62,61.0,51.9,5,"Paris, France",Zone X,Copernicus_GLO-90_v2022,Residential,B,CurbInlet,LocalGauge,Low
41.405399,2.107381,13.09,6.58,,47.1,25,"Barcelona, Spain",District 12,Copernicus_GLO-30_v2023,Mixed,,CurbInlet,ERA5,Low
17.34567,78.435331,47.43,4.54,115.8,19.5,5,"Hyderabad, India",Ward C,Copernicus_GLO-90_v2022,Roads,B,CurbInlet,IMD,Low
-29.908283,31.042215,13.76,10.15,154.6,41.1,10,"Durban, South Africa",Borough Old Town,Copernicus_EEA-10_v5,Industrial,C,OpenChannel,,Low
24.733444,46.584946,108.86,9.64,74.1,36.8,5,"Riyadh, Saudi Arabia",Ward G,SRTM_3arc,Industrial,D,Manhole,LocalGauge,Low
35.645564,51.461274,153.53,7.36,249.7,16.9,5,"Tehran, Iran",Zone V,Copernicus_GLO-90_v2022,Roads,,OpenChannel,Blended,Low
-1.331729,36.851342,47.56,1.83,145.6,29.4,2,"Nairobi, Kenya",Borough Harbor,SRTM_1arc,Green,D,Manhole,ERA5,Moderate
-29.816668,30.933896,29.33,5.04,25.0,25.1,10,"Durban, South Africa",Ward A,Copernicus_GLO-30_v2023,Residential,A,Manhole,ERA5,Low
39.962015,-75.161309,36.1,4.97,243.2,28.5,10,"Philadelphia, USA",Ward K,SRTM_1arc,Roads,B,OpenChannel,ERA5,Low
23.196883,72.733346,48.24,4.88,129.2,66.9,50,"Ahmedabad, India",Sector 30,Copernicus_GLO-30_v2023,Roads,C,Manhole,,Low
-6.150071,106.69981,15.64,6.2,60.0,53.8,2,"Jakarta, Indonesia",Zone VIII,SRTM_3arc,Industrial,A,Manhole,,Low
6.782412,79.757041,7.66,7.59,32.6,44.4,5,"Colombo, Sri Lanka",Borough East,Copernicus_GLO-30_v2023,Commercial,D,OpenChannel,ERA5,High
-11.999194,-77.046337,43.27,7.37,33.1,19.6,5,"Lima, Peru",District 26,SRTM_3arc,Industrial,A,GratedInlet,Blended,Low
25.184421,51.583828,,4.27,33.6,20.6,5,"Doha, Qatar",Borough South,SRTM_1arc,Roads,B,CurbInlet,ERA5,Low
39.830636,-75.160047,26.28,5.14,13.6,34.9,5,"Philadelphia, USA",Sector 6,SRTM_3arc,Commercial,B,OpenChannel,LocalGauge,Low
1.409454,103.889985,9.54,3.25,,104.8,25,"Singapore, Singapore",District 15,SRTM_3arc,Residential,B,GratedInlet,IMD,Moderate
51.486246,-0.139597,38.75,9.66,192.9,51.5,50,"London, UK",Ward C,Copernicus_GLO-30_v2023,Roads,D,OpenChannel,ERA5,Low
-6.244949,106.706336,20.6,6.07,225.3,35.9,2,"Jakarta, Indonesia",Sector 21,SRTM_1arc,Roads,A,OpenChannel,Blended,Low
19.548505,-99.064033,18.59,1.81,229.5,47.4,10,"Mexico City, Mexico",Ward K,Copernicus_GLO-30_v2023,Water,B,GratedInlet,ERA5,Very High
37.852055,-122.430698,,6.73,17.2,56.0,2,"San Francisco, USA",Ward G,Copernicus_GLO-30_v2023,Residential,C,Manhole,Blended,Low
18.386667,73.967328,51.25,5.87,,36.4,5,"Pune, India",District 21,SRTM_1arc,Roads,,OpenChannel,ERA5,Low
49.239396,-123.140558,15.27,7.14,49.1,23.1,10,"Vancouver, Canada",Borough Old Town,SRTM_1arc,Water,C,GratedInlet,LocalGauge,Low
13.074335,80.220845,14.61,4.95,162.3,70.9,50,"Chennai, India",Borough Old Town,SRTM_1arc,Residential,B,OpenChannel,IMD,Low
25.755035,-79.975037,5.29,2.69,21.7,28.3,2,"Miami, USA",Borough West,Copernicus_EEA-10_v5,Residential,A,GratedInlet,ERA5,Very High
40.889105,29.058041,101.53,10.58,135.7,53.9,50,"Istanbul, Türkiye",District 18,Copernicus_EEA-10_v5,Commercial,,CurbInlet,ERA5,Low
41.463531,2.082965,12.51,7.31,69.7,51.8,50,"Barcelona, Spain",Borough North,Copernicus_GLO-30_v2023,Residential,C,GratedInlet,ERA5,Low
6.555921,3.406728,21.92,10.43,363.4,36.9,2,"Lagos, Nigeria",Borough Hillside,Copernicus_GLO-30_v2023,Commercial,C,OpenChannel,ERA5,Low
-12.059378,-77.080852,29.21,2.46,333.8,30.6,50,"Lima, Peru",Borough Old Town,Copernicus_GLO-90_v2022,Green,,CurbInlet,ERA5,Moderate
6.513477,3.441327,-3.0,6.7,98.9,39.1,5,"Lagos, Nigeria",District 7,SRTM_1arc,Roads,C,CurbInlet,LocalGauge,High
-34.53649,-58.348884,70.81,7.2,190.2,25.0,5,"Buenos Aires, Argentina",Sector 27,Copernicus_EEA-10_v5,Mixed,A,OpenChannel,ERA5,Low
29.956204,-90.08749,8.71,6.71,91.3,24.4,25,"New Orleans, USA",District 7,Copernicus_EEA-10_v5,Commercial,C,GratedInlet,ERA5,Low
-29.835853,30.98201,77.37,10.47,22.5,20.9,10,"Durban, South Africa",Borough South,SRTM_1arc,Roads,C,CurbInlet,ERA5,Low
22.655303,113.931653,1.6,8.32,28.9,57.1,2,"Shenzhen, China",Zone VII,Copernicus_GLO-30_v2023,Commercial,D,CurbInlet,ERA5,High
13.86683,100.382149,19.54,4.78,79.0,97.0,2,"Bangkok, Thailand",District 20,SRTM_1arc,Industrial,B,CurbInlet,ERA5,Moderate
-36.782513,174.791502,70.32,3.82,236.3,26.7,50,"Auckland, New Zealand",Zone II,SRTM_1arc,Green,D,OpenChannel,ERA5,Low
-29.864562,30.996099,-3.0,3.96,54.4,30.2,25,"Durban, South Africa",District 1,Copernicus_EEA-10_v5,Residential,D,CurbInlet,ERA5,High
13.695715,100.533076,2.99,6.68,105.6,33.9,5,"Bangkok, Thailand",Zone V,SRTM_1arc,Residential,D,GratedInlet,ERA5,High
41.936646,12.538349,29.11,5.54,,72.7,25,"Rome, Italy",Zone IX,Copernicus_GLO-90_v2022,Roads,A,CurbInlet,LocalGauge,Low
24.871737,67.003027,88.89,4.47,65.6,32.1,2,"Karachi, Pakistan",Ward K,SRTM_1arc,Commercial,A,CurbInlet,IMD,Low
37.690249,-122.392396,46.22,8.42,154.1,15.0,5,"San Francisco, USA",Borough Hillside,Copernicus_GLO-30_v2023,Commercial,C,GratedInlet,,Low
-23.496734,-46.433007,19.87,4.55,57.2,47.5,2,"Sao Paulo, Brazil",Zone IV,SRTM_1arc,Commercial,C,Manhole,ERA5,Low
1.271992,103.805096,14.19,8.52,84.4,60.0,25,"Singapore, Singapore",Sector 29,Copernicus_EEA-10_v5,Roads,B,OpenChannel,LocalGauge,Low
42.026394,12.391153,48.77,2.9,102.2,41.1,10,"Rome, Italy",Borough North,SRTM_3arc,Residential,D,GratedInlet,ERA5,Moderate
-23.507695,-46.765201,128.63,5.68,93.4,57.9,25,"Sao Paulo, Brazil",Sector 11,Copernicus_GLO-90_v2022,Residential,C,CurbInlet,,Low
24.904087,46.524995,,3.6,30.2,18.0,5,"Riyadh, Saudi Arabia",District 4,SRTM_1arc,Commercial,D,Manhole,ERA5,Low
-29.904586,31.047679,34.79,5.55,507.0,18.1,2,"Durban, South Africa",Borough Harbor,Copernicus_GLO-30_v2023,Industrial,B,,ERA5,Low
21.007812,105.847113,122.69,6.98,33.5,53.1,5,"Hanoi, Vietnam",District 2,SRTM_3arc,Residential,C,OpenChannel,Blended,Low
34.617177,135.531037,106.75,10.24,23.1,31.2,2,"Osaka, Japan",Sector 11,Copernicus_GLO-30_v2023,Industrial,,GratedInlet,ERA5,Low
-27.476446,152.988144,47.72,8.49,22.8,23.0,2,"Brisbane, Australia",District 16,Copernicus_EEA-10_v5,Residential,C,GratedInlet,ERA5,Low
29.797016,-95.385727,2.67,11.48,38.5,26.1,10,"Houston, USA",Zone V,SRTM_1arc,Commercial,,GratedInlet,ERA5,High
40.655767,-73.973597,47.77,3.51,38.3,39.9,5,"New York, USA",Ward A,Copernicus_GLO-30_v2023,Residential,C,Manhole,Blended,Low
52.020667,4.48802,17.01,4.27,292.0,28.6,2,"Rotterdam, Netherlands",Zone II,Copernicus_GLO-30_v2023,Green,C,Manhole,ERA5,Low
23.090813,113.237465,-1.15,5.74,254.0,74.9,10,"Guangzhou, China",Ward F,Copernicus_GLO-30_v2023,Green,A,CurbInlet,,Very High
38.968952,-77.014721,89.08,3.66,131.1,28.0,10,"Washington DC, USA",Ward G,Copernicus_GLO-30_v2023,Residential,D,GratedInlet,Blended,Low
24.797458,66.813457,101.91,5.03,231.1,36.8,5,"Karachi, Pakistan",District 16,SRTM_3arc,Institutional,C,CurbInlet,ERA5,Low
13.085968,80.268848,17.48,6.68,409.9,87.2,50,"Chennai, India",Borough Delta,SRTM_1arc,Industrial,D,OpenChannel,LocalGauge,Moderate
-34.062037,18.40062,41.31,5.81,90.8,31.7,2,"Cape Town, South Africa",Zone II,Copernicus_EEA-10_v5,Mixed,C,,IMD,Low
-36.874419,174.887109,62.75,4.15,61.7,56.2,5,"Auckland, New Zealand",Zone II,SRTM_1arc,Residential,B,Manhole,ERA5,Low
22.518045,114.052657,-3.0,9.45,49.8,111.8,25,"Shenzhen, China",District 22,Copernicus_GLO-30_v2023,Roads,C,CurbInlet,IMD,High
52.477076,4.916432,3.67,5.32,69.6,10.1,25,"Amsterdam, Netherlands",Zone IX,SRTM_1arc,Roads,C,CurbInlet,ERA5,High
1.235723,103.753477,11.63,10.28,274.9,77.8,25,"Singapore, Singapore",Sector 22,Copernicus_GLO-30_v2023,Industrial,,OpenChannel,Blended,Low
51.92346,4.398333,1.87,,52.7,43.6,5,"Rotterdam, Netherlands",Sector 10,SRTM_1arc,Industrial,D,Manhole,IMD,Very High
14.62007,121.050932,23.82,,216.8,73.1,25,"Manila, Philippines",Ward K,Copernicus_GLO-90_v2022,Green,D,OpenChannel,ERA5,Low
24.940458,121.604363,,2.76,48.6,49.9,25,"Taipei, Taiwan",Sector 23,Copernicus_EEA-10_v5,Residential,D,Manhole,LocalGauge,Moderate
34.564401,135.491588,8.8,4.68,88.8,59.0,100,"Osaka, Japan",Sector 9,SRTM_1arc,Roads,C,GratedInlet,Blended,Low
5.492264,-0.166883,13.4,3.49,61.9,150.0,100,"Accra, Ghana",Borough Central,Copernicus_GLO-90_v2022,Residential,C,GratedInlet,ERA5,High
6.662943,3.494447,27.26,3.83,126.0,48.0,10,"Lagos, Nigeria",Borough North,SRTM_1arc,Residential,A,OpenChannel,ERA5,Low
37.910108,23.689854,54.09,8.38,409.6,30.0,25,"Athens, Greece",Sector 23,Copernicus_GLO-30_v2023,Industrial,D,OpenChannel,LocalGauge,Low
35.676908,139.715177,41.42,4.2,139.8,31.8,50,"Tokyo, Japan",District 26,SRTM_1arc,Green,C,GratedInlet,LocalGauge,Low
55.705705,12.593475,22.61,9.35,27.3,22.8,2,"Copenhagen, Denmark",Sector 22,Copernicus_GLO-30_v2023,Industrial,C,GratedInlet,,Low
24.836456,66.972998,83.99,9.59,47.6,58.0,10,"Karachi, Pakistan",Zone II,Copernicus_GLO-90_v2022,Commercial,B,CurbInlet,IMD,Low
24.916641,121.583707,100.83,4.28,74.7,38.2,10,"Taipei, Taiwan",Ward I,SRTM_1arc,Commercial,B,Manhole,ERA5,Low
-23.464615,-46.611385,38.38,7.45,34.5,42.1,25,"Sao Paulo, Brazil",Ward C,Copernicus_GLO-30_v2023,Commercial,C,OpenChannel,ERA5,Low
22.539001,88.465002,85.38,2.25,174.5,57.0,2,"Kolkata, India",Borough West,Copernicus_GLO-30_v2023,Green,,Manhole,Blended,Moderate
-33.918674,18.451922,50.24,5.67,48.0,18.2,5,"Cape Town, South Africa",Borough West,Copernicus_GLO-90_v2022,Residential,D,GratedInlet,ERA5,Low
28.635472,77.344476,76.8,6.57,36.1,62.2,2,"Delhi, India",Sector 15,SRTM_1arc,Industrial,D,CurbInlet,ERA5,Low
21.088588,105.857753,-3.0,8.54,115.0,32.6,5,"Hanoi, Vietnam",District 21,Copernicus_EEA-10_v5,Industrial,,CurbInlet,IMD,High
40.957551,29.10837,24.83,,18.5,40.0,2,"Istanbul, Türkiye",Zone V,SRTM_1arc,Residential,C,Manhole,LocalGauge,Low
34.74935,135.550278,-3.0,2.67,292.1,39.5,10,"Osaka, Japan",Ward I,Copernicus_EEA-10_v5,Green,D,CurbInlet,IMD,High
22.868827,72.758322,35.78,5.79,,24.6,2,"Ahmedabad, India",District 14,SRTM_1arc,Industrial,A,CurbInlet,LocalGauge,Low
4.719281,-74.137331,-3.0,3.75,150.4,24.7,25,"Bogotá, Colombia",Ward C,SRTM_3arc,Residential,A,CurbInlet,ERA5,High
49.333262,-123.025642,13.1,,7.4,61.9,2,"Vancouver, Canada",Ward H,SRTM_3arc,Mixed,A,GratedInlet,,Low
23.285744,113.283006,,4.58,12.6,75.2,10,"Guangzhou, China",Zone I,SRTM_1arc,Residential,A,CurbInlet,LocalGauge,Low
35.813078,139.651669,-0.71,6.84,92.2,34.9,5,"Tokyo, Japan",Zone X,Copernicus_GLO-90_v2022,Industrial,D,Manhole,ERA5,High
37.961924,23.775224,,,351.0,54.4,10,"Athens, Greece",Borough Delta,SRTM_1arc,Green,C,Manhole,LocalGauge,Low
-33.969035,18.322638,202.72,7.12,162.6,35.0,2,"Cape Town, South Africa",Sector 15,SRTM_1arc,Industrial,D,,Blended,Low
1.349995,103.856521,19.45,7.08,130.4,65.6,10,"Singapore, Singapore",District 29,SRTM_1arc,Residential,A,CurbInlet,Blended,Low
24.891112,67.095459,,4.92,400.0,18.0,10,"Karachi, Pakistan",Borough Harbor,Copernicus_GLO-30_v2023,Industrial,,,LocalGauge,Low
10.801121,106.658887,10.88,8.17,147.3,70.5,100,"Ho Chi Minh City, Vietnam",District 23,SRTM_3arc,Green,B,CurbInlet,ERA5,Low
34.503467,135.566862,97.81,10.51,,29.6,10,"Osaka, Japan",Borough Central,SRTM_3arc,Commercial,D,OpenChannel,ERA5,Low
29.734851,-95.367471,81.43,3.79,30.3,20.4,10,"Houston, USA",Ward C,Copernicus_GLO-30_v2023,Mixed,B,Manhole,LocalGauge,Low
24.845006,67.137882,230.96,4.31,170.9,34.4,5,"Karachi, Pakistan",District 20,Copernicus_EEA-10_v5,Residential,C,Manhole,ERA5,Low
41.886342,12.522925,-3.0,6.0,122.6,18.2,2,"Rome, Italy",Ward F,SRTM_1arc,Mixed,A,Manhole,ERA5,High
51.925171,4.543845,8.06,8.28,114.2,40.6,2,"Rotterdam, Netherlands",Borough Riverside,SRTM_3arc,Roads,A,OpenChannel,ERA5,Low
19.059062,72.939655,2.8,,35.9,57.3,5,"Mumbai, India",Borough East,SRTM_1arc,Residential,A,CurbInlet,ERA5,High
5.653046,-0.213407,13.38,5.17,97.1,61.7,5,"Accra, Ghana",Zone VI,SRTM_3arc,Residential,,Manhole,ERA5,Low
25.687468,-80.178397,7.89,7.01,162.5,53.8,10,"Miami, USA",Sector 18,SRTM_1arc,Water,B,OpenChannel,ERA5,High
51.648201,0.009707,50.63,5.2,96.8,38.2,5,"London, UK",Ward H,SRTM_1arc,Residential,B,CurbInlet,LocalGauge,Low
-22.847835,-43.168922,3.53,4.43,33.8,62.4,10,"Rio de Janeiro, Brazil",Sector 28,SRTM_3arc,Roads,A,Manhole,IMD,High
-34.684341,-58.387273,-3.0,11.16,79.2,24.6,50,"Buenos Aires, Argentina",District 29,Copernicus_GLO-30_v2023,Commercial,C,Manhole,LocalGauge,High
31.340696,121.3909,16.21,8.98,92.5,17.2,10,"Shanghai, China",Zone X,Copernicus_EEA-10_v5,Roads,B,CurbInlet,Blended,Low
5.713856,-0.155188,19.23,3.93,28.7,93.6,50,"Accra, Ghana",Borough Harbor,SRTM_1arc,Roads,A,GratedInlet,LocalGauge,Moderate
37.624126,126.997375,48.6,7.27,60.5,54.8,2,"Seoul, South Korea",Borough Riverside,Copernicus_GLO-30_v2023,Green,B,OpenChannel,ERA5,Low
24.748862,46.707945,31.08,10.01,79.1,14.6,2,"Riyadh, Saudi Arabia",Sector 16,SRTM_1arc,Roads,C,Manhole,LocalGauge,Low
4.827368,-74.079459,86.14,5.06,207.1,37.8,2,"Bogotá, Colombia",Zone IV,Copernicus_EEA-10_v5,Industrial,B,,LocalGauge,Low
52.369307,4.893947,,3.17,16.0,34.8,5,"Amsterdam, Netherlands",Sector 25,Copernicus_GLO-30_v2023,Residential,B,GratedInlet,Blended,Low
-12.121319,-76.973366,-3.0,5.87,26.6,49.7,50,"Lima, Peru",Sector 5,Copernicus_GLO-30_v2023,Roads,A,,Blended,High
-6.214388,106.7287,2.29,7.71,,140.8,50,"Jakarta, Indonesia",Ward K,Copernicus_EEA-10_v5,Commercial,,CurbInlet,ERA5,High
49.229423,-123.064892,0.54,1.54,255.5,23.1,50,"Vancouver, Canada",Borough Central,Copernicus_GLO-30_v2023,Green,B,GratedInlet,ERA5,Very High
-36.777294,174.72991,52.24,5.86,80.8,35.8,5,"Auckland, New Zealand",District 11,Copernicus_GLO-30_v2023,Institutional,,Manhole,ERA5,Low
37.550299,127.093896,-3.0,9.75,82.6,49.7,10,"Seoul, South Korea",Sector 28,SRTM_1arc,Commercial,D,GratedInlet,LocalGauge,High
13.158168,80.346084,10.05,3.9,523.1,103.8,25,"Chennai, India",Zone III,Copernicus_GLO-90_v2022,Green,D,CurbInlet,ERA5,High
-36.887958,174.707513,58.0,8.37,52.6,51.0,2,"Auckland, New Zealand",Ward H,Copernicus_GLO-90_v2022,Mixed,C,GratedInlet,ERA5,Low
39.95512,-75.114547,38.1,8.24,17.4,30.7,25,"Philadelphia, USA",Ward I,Copernicus_EEA-10_v5,Roads,A,Manhole,ERA5,Low
10.766218,106.701474,9.42,10.36,121.9,28.2,10,"Ho Chi Minh City, Vietnam",Zone II,SRTM_1arc,Roads,B,CurbInlet,ERA5,Low
23.109766,72.510081,26.84,5.28,110.4,28.4,25,"Ahmedabad, India",Sector 10,Copernicus_GLO-30_v2023,Roads,A,GratedInlet,Blended,Low
19.411528,-98.989933,8.49,4.15,40.7,16.9,50,"Mexico City, Mexico",Ward D,SRTM_1arc,Industrial,,GratedInlet,,Low
51.606573,-0.061731,27.18,6.11,7.1,59.8,10,"London, UK",Borough Central,SRTM_3arc,Roads,D,Manhole,ERA5,Low
34.727556,135.373805,-3.0,4.33,215.2,13.6,10,"Osaka, Japan",Sector 24,SRTM_1arc,Residential,A,,ERA5,High
25.317464,55.26053,21.61,5.48,47.4,30.4,2,"Dubai, UAE",Zone I,SRTM_1arc,Roads,B,CurbInlet,ERA5,Low
-22.959798,-43.216563,4.43,3.18,164.7,43.9,10,"Rio de Janeiro, Brazil",Zone V,Copernicus_GLO-30_v2023,Commercial,A,CurbInlet,LocalGauge,High
10.915452,106.656895,6.17,5.72,128.2,95.8,25,"Ho Chi Minh City, Vietnam",Sector 20,Copernicus_GLO-30_v2023,Residential,B,CurbInlet,Blended,High
22.416014,113.990211,4.77,6.08,112.2,37.6,25,"Shenzhen, China",District 5,SRTM_1arc,Residential,B,GratedInlet,ERA5,High
35.730363,139.661608,88.18,5.71,,20.6,2,"Tokyo, Japan",Zone IV,SRTM_3arc,Residential,D,GratedInlet,Blended,Low
-27.514029,152.932383,36.66,2.07,129.5,28.5,10,"Brisbane, Australia",Borough Central,Copernicus_GLO-30_v2023,Residential,D,CurbInlet,,Moderate
48.864973,2.399368,41.55,8.76,32.7,7.0,5,"Paris, France",District 9,SRTM_3arc,Roads,A,GratedInlet,Blended,Low
25.284412,55.322374,96.86,5.31,26.7,28.8,25,"Dubai, UAE",Zone VI,SRTM_1arc,Residential,A,CurbInlet,IMD,Low
37.591389,126.960039,21.32,4.41,51.2,35.5,10,"Seoul, South Korea",Sector 24,Copernicus_GLO-30_v2023,Residential,B,Manhole,ERA5,Low
24.796394,46.658875,111.79,7.71,53.7,21.5,10,"Riyadh, Saudi Arabia",Ward J,Copernicus_EEA-10_v5,Roads,B,Manhole,ERA5,Low
13.037432,77.493175,,4.83,112.9,20.9,2,"Bengaluru, India",Borough North,SRTM_1arc,Green,B,Manhole,ERA5,Low
49.226887,-123.141713,2.14,6.37,227.0,25.8,5,"Vancouver, Canada",Sector 11,Copernicus_GLO-30_v2023,Commercial,A,OpenChannel,,High
39.025691,-77.044375,60.72,,73.1,14.5,2,"Washington DC, USA",Zone I,Copernicus_GLO-90_v2022,Roads,D,OpenChannel,,Low
-23.53946,-46.609679,40.4,6.19,,109.5,10,"Sao Paulo, Brazil",District 6,Copernicus_EEA-10_v5,Industrial,D,CurbInlet,,Moderate
37.55904,126.911568,55.37,8.6,511.3,43.7,5,"Seoul, South Korea",Zone X,SRTM_1arc,Commercial,B,,LocalGauge,Low
22.529005,88.303404,32.44,1.78,74.9,67.3,10,"Kolkata, India",Sector 17,Copernicus_EEA-10_v5,Green,A,OpenChannel,ERA5,Moderate
-34.576375,-58.36159,59.71,5.04,58.0,38.9,5,"Buenos Aires, Argentina",District 18,SRTM_1arc,Commercial,B,Manhole,ERA5,Low
35.706335,139.638521,92.96,2.77,,23.5,10,"Tokyo, Japan",Zone I,SRTM_1arc,Residential,A,Manhole,LocalGauge,Moderate
13.100024,80.240578,8.26,6.25,98.5,42.0,5,"Chennai, India",Borough Delta,Copernicus_GLO-30_v2023,Green,D,Manhole,ERA5,Low
41.029481,28.879465,74.66,7.14,41.0,46.5,10,"Istanbul, Türkiye",Zone X,SRTM_1arc,Commercial,,OpenChannel,ERA5,Low
40.721553,-73.90918,8.62,4.78,,41.4,5,"New York, USA",Ward D,SRTM_1arc,Green,C,Manhole,LocalGauge,Low
38.016074,23.719803,59.37,,189.7,15.9,10,"Athens, Greece",District 28,Copernicus_EEA-10_v5,Residential,B,,ERA5,Low
23.765604,90.299735,104.12,4.37,173.4,81.2,50,"Dhaka, Bangladesh",Zone VII,SRTM_1arc,Residential,A,Manhole,IMD,Moderate
-34.715362,-58.318522,13.39,4.34,48.8,37.3,2,"Buenos Aires, Argentina",Zone VI,SRTM_3arc,Roads,D,GratedInlet,ERA5,Low
24.979429,121.44545,115.02,7.56,55.7,61.7,10,"Taipei, Taiwan",Zone VIII,Copernicus_EEA-10_v5,Roads,A,Manhole,ERA5,Low
3.106396,101.66905,21.13,6.78,78.4,42.7,5,"Kuala Lumpur, Malaysia",Borough Delta,SRTM_1arc,Green,C,GratedInlet,Blended,Low
25.274993,51.57755,7.68,2.28,149.3,17.5,2,"Doha, Qatar",Zone IX,Copernicus_GLO-30_v2023,Green,D,OpenChannel,ERA5,High
37.562224,126.881014,49.71,6.44,12.9,82.0,25,"Seoul, South Korea",District 2,SRTM_3arc,Roads,C,OpenChannel,ERA5,Moderate
23.12453,113.428776,10.34,4.27,202.0,48.1,10,"Guangzhou, China",District 9,SRTM_1arc,Residential,B,OpenChannel,LocalGauge,Low
-36.937066,174.75811,83.5,7.31,,30.2,2,"Auckland, New Zealand",Zone VIII,Copernicus_EEA-10_v5,Institutional,B,GratedInlet,IMD,Low
25.800998,-80.113941,7.22,7.95,64.3,61.8,5,"Miami, USA",Sector 9,SRTM_1arc,Commercial,B,OpenChannel,IMD,High
39.989085,-75.233734,61.93,5.75,57.9,33.6,2,"Philadelphia, USA",Sector 12,Copernicus_GLO-30_v2023,Roads,B,CurbInlet,LocalGauge,Low
41.799145,12.562069,119.8,5.05,371.9,36.0,2,"Rome, Italy",Sector 15,Copernicus_GLO-30_v2023,Water,B,Manhole,Blended,Low
51.920018,4.585554,-3.0,,,10.8,10,"Rotterdam, Netherlands",Zone II,SRTM_3arc,Industrial,B,CurbInlet,IMD,High
29.972918,-89.890887,-2.2,3.73,110.3,62.6,2,"New Orleans, USA",District 2,Copernicus_GLO-30_v2023,Green,D,Manhole,,Very High
13.050758,80.290913,17.82,,181.7,63.7,10,"Chennai, India",Sector 24,SRTM_1arc,Water,D,OpenChannel,LocalGauge,Low
40.794321,-74.021741,75.91,5.86,66.7,33.9,2,"New York, USA",District 27,Copernicus_GLO-30_v2023,Residential,D,CurbInlet,Blended,Low
12.95821,77.647817,69.99,6.99,160.8,25.4,2,"Bengaluru, India",Sector 30,Copernicus_GLO-30_v2023,Residential,,OpenChannel,IMD,Low
28.496687,77.09244,61.12,9.74,,18.8,5,"Delhi, India",District 17,SRTM_1arc,Commercial,A,GratedInlet,ERA5,Low
40.71672,-73.861444,58.78,8.11,133.6,32.9,5,"New York, USA",Borough North,Copernicus_GLO-30_v2023,Industrial,D,OpenChannel,ERA5,Low
52.427907,4.939044,10.62,5.63,,37.3,5,"Amsterdam, Netherlands",Zone X,SRTM_3arc,Industrial,C,Manhole,ERA5,Low
41.332087,2.167525,1.11,,351.6,62.9,2,"Barcelona, Spain",District 2,Copernicus_EEA-10_v5,Green,A,GratedInlet,IMD,High
1.483285,103.900062,11.06,10.0,56.9,144.7,25,"Singapore, Singapore",Borough West,Copernicus_EEA-10_v5,Commercial,C,Manhole,ERA5,High
14.566038,120.852999,3.15,6.33,97.0,31.9,10,"Manila, Philippines",Borough Hillside,SRTM_3arc,Commercial,A,Manhole,IMD,High
25.184891,55.225678,123.34,6.46,,25.3,5,"Dubai, UAE",Ward A,SRTM_3arc,Green,,OpenChannel,ERA5,Low
48.836778,2.310792,77.21,2.79,156.2,56.0,25,"Paris, France",District 15,Copernicus_GLO-30_v2023,Residential,B,CurbInlet,Blended,Moderate
48.922826,2.352367,79.62,9.19,240.0,16.2,10,"Paris, France",Zone V,Copernicus_EEA-10_v5,Industrial,C,,ERA5,Low
-22.950281,-43.215423,6.64,7.96,406.7,35.4,2,"Rio de Janeiro, Brazil",Borough Riverside,SRTM_3arc,Roads,B,,Blended,High
6.654152,3.309417,9.39,7.34,,92.6,100,"Lagos, Nigeria",Borough Delta,Copernicus_GLO-90_v2022,Residential,D,GratedInlet,IMD,Very High
24.790519,67.083915,27.84,8.56,282.5,44.9,2,"Karachi, Pakistan",Zone VII,SRTM_1arc,Residential,A,OpenChannel,ERA5,Low
41.384355,2.196118,20.01,,,51.6,2,"Barcelona, Spain",Zone IV,SRTM_1arc,Commercial,A,OpenChannel,,Low
37.646547,127.056846,48.99,5.44,181.7,43.4,50,"Seoul, South Korea",District 16,Copernicus_GLO-30_v2023,Roads,B,CurbInlet,Blended,Low
35.69927,51.368767,23.53,,78.8,25.5,10,"Tehran, Iran",Zone IX,Copernicus_GLO-30_v2023,Green,B,CurbInlet,ERA5,Low
41.354655,2.116044,3.97,8.4,134.8,63.2,10,"Barcelona, Spain",Sector 1,SRTM_3arc,Industrial,D,CurbInlet,LocalGauge,High
37.451059,127.095087,27.41,5.57,92.1,19.8,2,"Seoul, South Korea",Sector 7,Copernicus_GLO-90_v2022,Mixed,B,Manhole,LocalGauge,Low
41.33393,2.079141,11.55,2.68,,36.8,2,"Barcelona, Spain",Ward I,Copernicus_GLO-30_v2023,Residential,D,GratedInlet,LocalGauge,Moderate
17.395219,78.467234,-3.0,5.98,317.8,67.3,25,"Hyderabad, India",Zone IX,Copernicus_EEA-10_v5,Green,B,,ERA5,Very High
48.785642,2.295906,0.91,4.14,212.8,19.2,5,"Paris, France",Zone IX,Copernicus_GLO-30_v2023,Roads,C,OpenChannel,ERA5,High
18.557733,73.835559,18.49,7.4,21.9,34.7,50,"Pune, India",District 21,Copernicus_EEA-10_v5,Residential,B,CurbInlet,LocalGauge,Low
21.155727,105.927384,95.78,10.3,84.3,58.2,2,"Hanoi, Vietnam",District 15,Copernicus_GLO-30_v2023,Roads,C,CurbInlet,IMD,Low
22.385708,114.091498,19.32,3.69,84.0,59.5,2,"Hong Kong, China",Zone VIII,Copernicus_GLO-90_v2022,Residential,D,GratedInlet,LocalGauge,Low
25.687676,-80.224335,24.24,,146.8,48.1,10,"Miami, USA",Borough Riverside,SRTM_1arc,Industrial,,CurbInlet,ERA5,Low
-1.266473,36.854011,40.6,,102.2,18.3,2,"Nairobi, Kenya",Zone I,Copernicus_EEA-10_v5,Industrial,C,CurbInlet,IMD,Low
24.743924,67.064448,76.74,1.93,181.7,36.9,2,"Karachi, Pakistan",Sector 25,Copernicus_GLO-30_v2023,Green,C,CurbInlet,LocalGauge,Moderate
37.928723,23.771009,79.46,6.72,151.7,44.0,50,"Athens, Greece",Borough Riverside,SRTM_1arc,Residential,A,GratedInlet,LocalGauge,Low
35.697292,139.727487,-3.0,8.85,119.6,24.5,25,"Tokyo, Japan",Sector 10,Copernicus_GLO-30_v2023,Industrial,B,GratedInlet,ERA5,High
25.165849,55.274383,52.63,6.32,21.2,28.7,2,"Dubai, UAE",District 19,Copernicus_GLO-30_v2023,Commercial,B,GratedInlet,IMD,Low
23.033187,72.516645,57.11,6.74,4.4,85.7,10,"Ahmedabad, India",Sector 8,Copernicus_GLO-90_v2022,Residential,B,GratedInlet,ERA5,Moderate
51.606119,-0.199949,4.53,5.29,77.2,29.1,5,"London, UK",District 4,SRTM_3arc,Commercial,B,GratedInlet,LocalGauge,High
40.724905,-73.955546,18.97,,38.3,18.7,10,"New York, USA",Sector 6,SRTM_3arc,Roads,B,Manhole,LocalGauge,Low
51.918612,4.556792,14.91,7.79,322.1,21.3,2,"Rotterdam, Netherlands",Ward F,Copernicus_GLO-30_v2023,Commercial,D,,,Low
22.412241,114.007163,20.16,6.92,174.4,45.3,100,"Shenzhen, China",Zone I,SRTM_3arc,Water,A,CurbInlet,ERA5,Low
51.806263,4.414151,11.25,7.23,2.9,16.9,10,"Rotterdam, Netherlands",Ward B,Copernicus_GLO-90_v2022,Residential,A,CurbInlet,ERA5,Low
52.298764,4.857421,8.56,8.19,206.2,25.9,10,"Amsterdam, Netherlands",District 18,Copernicus_GLO-30_v2023,Commercial,C,OpenChannel,LocalGauge,Low
41.027308,29.009141,-1.13,5.62,62.5,55.2,5,"Istanbul, Türkiye",Ward F,SRTM_3arc,Commercial,A,Manhole,IMD,High
6.474107,3.442357,12.03,5.15,29.0,77.9,10,"Lagos, Nigeria",Ward F,SRTM_1arc,Roads,B,Manhole,ERA5,Low
37.492462,126.990787,8.83,6.0,176.6,22.4,25,"Seoul, South Korea",Borough South,Copernicus_GLO-30_v2023,Green,C,Manhole,LocalGauge,Low
12.961648,77.58493,117.67,,62.0,17.7,100,"Bengaluru, India",Zone VII,Copernicus_EEA-10_v5,Commercial,A,Manhole,Blended,Low
35.680356,139.662405,25.55,,127.8,39.1,2,"Tokyo, Japan",Sector 5,Copernicus_GLO-30_v2023,Industrial,A,GratedInlet,LocalGauge,Low
51.497118,-0.041803,81.24,7.93,50.7,44.7,2,"London, UK",Zone X,Copernicus_GLO-30_v2023,Commercial,D,GratedInlet,ERA5,Low
10.92502,106.675929,-3.0,8.67,148.9,64.4,10,"Ho Chi Minh City, Vietnam",Ward D,Copernicus_GLO-90_v2022,Commercial,A,CurbInlet,ERA5,High
37.892256,23.797698,50.78,6.32,82.2,28.4,5,"Athens, Greece",District 27,Copernicus_EEA-10_v5,Roads,C,CurbInlet,ERA5,Low
25.244772,55.186025,93.3,9.06,9.3,18.3,2,"Dubai, UAE",Borough Hillside,SRTM_3arc,Roads,D,CurbInlet,ERA5,Low
-29.923792,30.997219,24.4,9.62,160.7,40.5,5,"Durban, South Africa",Borough South,Copernicus_GLO-90_v2022,Commercial,C,Manhole,,Low
35.57812,139.625853,11.01,6.59,302.2,32.2,10,"Tokyo, Japan",Ward C,SRTM_1arc,Green,,CurbInlet,ERA5,Low
49.238915,-123.121716,12.72,8.43,125.6,24.9,2,"Vancouver, Canada",Borough West,Copernicus_GLO-30_v2023,Commercial,A,CurbInlet,Blended,Low
23.03801,72.5872,35.42,7.53,265.5,28.9,50,"Ahmedabad, India",Zone X,SRTM_1arc,Residential,D,OpenChannel,Blended,Low
-22.858851,-43.25054,21.91,8.14,34.7,150.0,100,"Rio de Janeiro, Brazil",Ward C,Copernicus_GLO-30_v2023,Roads,,Manhole,ERA5,Moderate
-22.994501,-43.101616,,6.0,26.9,62.9,5,"Rio de Janeiro, Brazil",Borough East,Copernicus_GLO-30_v2023,Residential,C,GratedInlet,,Low
45.500057,-73.586596,76.27,11.15,381.2,39.1,2,"Montreal, Canada",Ward K,Copernicus_GLO-30_v2023,Commercial,B,OpenChannel,ERA5,Low
37.826049,-122.328795,21.89,,65.5,20.2,10,"San Francisco, USA",District 8,SRTM_1arc,Commercial,C,GratedInlet,,Low
37.567798,126.956861,38.8,9.36,117.5,44.4,50,"Seoul, South Korea",District 2,SRTM_3arc,Roads,,Manhole,ERA5,Low
13.01005,77.555386,6.65,4.07,231.1,36.3,10,"Bengaluru, India",Borough Harbor,SRTM_1arc,Residential,,,,High
24.986882,121.53115,-3.0,4.33,301.6,48.0,50,"Taipei, Taiwan",Zone IX,Copernicus_GLO-30_v2023,Green,A,GratedInlet,,High
23.888506,90.339194,108.82,7.67,110.0,51.4,5,"Dhaka, Bangladesh",Zone III,Copernicus_GLO-30_v2023,Residential,A,CurbInlet,ERA5,Low
19.483605,-99.14579,26.43,3.09,25.3,25.0,50,"Mexico City, Mexico",Sector 2,SRTM_3arc,Residential,B,Manhole,ERA5,Low
-33.846433,151.259898,-3.0,6.66,35.4,15.0,5,"Sydney, Australia",Sector 4,Copernicus_EEA-10_v5,Roads,C,GratedInlet,IMD,High
-22.856211,-43.220677,10.5,10.04,62.0,57.3,2,"Rio de Janeiro, Brazil",District 10,Copernicus_GLO-90_v2022,Industrial,B,Manhole,Blended,Low
45.428028,-73.548254,,10.81,393.7,44.0,50,"Montreal, Canada",Zone IX,Copernicus_GLO-30_v2023,Commercial,A,,ERA5,Low
29.793072,-95.403405,7.35,4.24,81.2,35.1,5,"Houston, USA",Sector 13,Copernicus_GLO-30_v2023,Industrial,B,Manhole,ERA5,High
39.945637,-75.086163,-3.0,7.22,183.6,27.8,25,"Philadelphia, USA",Zone IV,Copernicus_GLO-30_v2023,Green,B,GratedInlet,Blended,High
-1.280229,36.861153,25.94,7.23,135.9,37.6,10,"Nairobi, Kenya",Zone VII,SRTM_1arc,Residential,C,Manhole,Blended,Low
14.560454,121.091822,18.38,3.89,35.9,35.2,5,"Manila, Philippines",Zone II,Copernicus_GLO-30_v2023,Commercial,D,CurbInlet,IMD,Low
52.076691,4.345768,19.02,4.89,52.2,19.3,10,"Rotterdam, Netherlands",Ward E,SRTM_3arc,Residential,C,Manhole,IMD,Low
24.898027,67.033468,68.19,5.26,,101.1,10,"Karachi, Pakistan",Sector 26,SRTM_1arc,Residential,C,CurbInlet,ERA5,Moderate
41.092732,28.96912,19.92,9.1,383.5,21.8,5,"Istanbul, Türkiye",District 1,Copernicus_GLO-30_v2023,Commercial,A,OpenChannel,ERA5,Low
-33.840815,151.110503,-3.0,5.03,107.4,49.0,2,"Sydney, Australia",District 17,SRTM_3arc,Residential,A,CurbInlet,LocalGauge,High
-23.384985,-46.642727,33.91,5.54,82.5,49.9,100,"Sao Paulo, Brazil",Ward H,SRTM_1arc,Residential,D,CurbInlet,IMD,Low
6.457921,3.376924,7.31,5.81,97.0,55.9,25,"Lagos, Nigeria",Borough South,Copernicus_EEA-10_v5,Residential,D,CurbInlet,ERA5,High
40.962648,28.919203,47.04,6.42,46.2,38.0,2,"Istanbul, Türkiye",District 21,SRTM_1arc,Roads,B,GratedInlet,ERA5,Low
37.917748,23.724886,30.24,4.82,101.5,48.2,10,"Athens, Greece",District 29,Copernicus_EEA-10_v5,Residential,D,GratedInlet,ERA5,Low
25.105064,55.18167,101.45,4.06,56.2,11.8,10,"Dubai, UAE",Zone VIII,Copernicus_EEA-10_v5,Green,B,GratedInlet,,Low
13.070386,77.600701,,6.22,484.6,44.5,10,"Bengaluru, India",Sector 7,Copernicus_EEA-10_v5,Commercial,A,OpenChannel,IMD,Low
25.797083,-80.288222,5.77,,5.5,50.2,5,"Miami, USA",Sector 23,SRTM_3arc,Residential,B,GratedInlet,Blended,High
-1.335747,36.862613,39.74,7.35,,42.1,2,"Nairobi, Kenya",Ward H,Copernicus_EEA-10_v5,Commercial,D,Manhole,IMD,Low
4.711807,-74.191855,118.92,7.59,118.1,42.9,100,"Bogotá, Colombia",Zone V,Copernicus_GLO-30_v2023,Commercial,,OpenChannel,Blended,Low
23.042909,113.261943,21.52,6.51,74.1,77.3,100,"Guangzhou, China",Sector 17,SRTM_1arc,Residential,A,CurbInlet,ERA5,Low
19.37845,-99.131296,17.01,4.23,53.8,25.0,25,"Mexico City, Mexico",Sector 15,Copernicus_EEA-10_v5,Residential,B,CurbInlet,ERA5,Low
28.607774,77.191759,38.63,6.19,41.6,19.0,50,"Delhi, India",District 3,Copernicus_EEA-10_v5,Residential,B,GratedInlet,,Low
-29.848912,31.088916,31.31,6.61,95.0,28.1,25,"Durban, South Africa",Sector 21,SRTM_3arc,Residential,B,GratedInlet,ERA5,Low
35.584399,139.665241,9.44,4.07,116.1,68.9,5,"Tokyo, Japan",Sector 22,Copernicus_EEA-10_v5,Roads,D,CurbInlet,LocalGauge,High
19.137518,72.867525,14.39,,90.4,100.3,25,"Mumbai, India",Borough Delta,Copernicus_GLO-30_v2023,Commercial,A,CurbInlet,ERA5,Moderate
3.068678,101.755229,106.68,6.3,104.5,46.0,5,"Kuala Lumpur, Malaysia",Borough Central,Copernicus_GLO-30_v2023,Mixed,,GratedInlet,ERA5,Low
35.646003,51.342766,104.22,9.67,70.6,41.8,50,"Tehran, Iran",Zone III,SRTM_1arc,Industrial,D,CurbInlet,ERA5,Low
38.022791,23.833288,66.16,7.54,142.5,22.4,25,"Athens, Greece",Ward C,Copernicus_EEA-10_v5,Commercial,B,,ERA5,Low
49.264808,-123.165397,9.63,2.52,210.3,30.6,2,"Vancouver, Canada",District 19,Copernicus_GLO-30_v2023,Residential,B,OpenChannel,ERA5,Very High
-6.056781,106.821514,-3.0,8.22,0.7,57.1,2,"Jakarta, Indonesia",Borough Old Town,Copernicus_GLO-30_v2023,Residential,B,Manhole,ERA5,Very High
19.50946,-99.103321,42.76,,120.5,18.5,50,"Mexico City, Mexico",Ward C,SRTM_1arc,Mixed,D,CurbInlet,Blended,Low
-34.635617,-58.310205,56.3,3.2,127.1,16.1,2,"Buenos Aires, Argentina",Ward A,SRTM_1arc,Residential,A,GratedInlet,ERA5,Low
45.577672,-73.58425,4.74,2.2,56.1,12.0,5,"Montreal, Canada",Borough East,SRTM_1arc,Residential,B,Manhole,Blended,High
23.044224,113.367838,16.81,3.04,58.5,44.3,2,"Guangzhou, China",Ward A,Copernicus_EEA-10_v5,Residential,C,,,Low
24.688676,46.652328,25.71,4.97,10.2,15.7,2,"Riyadh, Saudi Arabia",District 17,SRTM_3arc,Residential,C,OpenChannel,ERA5,Low
41.78256,12.486334,52.0,,,36.8,25,"Rome, Italy",Ward I,Copernicus_GLO-90_v2022,Commercial,,OpenChannel,LocalGauge,Low
-6.035702,106.887457,14.75,7.34,90.0,53.2,25,"Jakarta, Indonesia",Borough East,SRTM_1arc,Commercial,C,GratedInlet,Blended,Low
25.168274,55.417493,37.58,,265.6,19.7,10,"Dubai, UAE",Borough South,Copernicus_GLO-90_v2022,Industrial,B,,LocalGauge,Low
23.148759,113.251212,6.57,8.34,264.2,44.2,10,"Guangzhou, China",Ward E,Copernicus_EEA-10_v5,Industrial,,,ERA5,High
41.488167,2.043373,9.84,4.2,164.6,22.3,2,"Barcelona, Spain",Zone X,SRTM_1arc,Roads,A,OpenChannel,ERA5,Low
45.421074,-73.591952,10.2,,59.4,20.1,5,"Montreal, Canada",District 6,Copernicus_GLO-30_v2023,Industrial,A,OpenChannel,Blended,Low
3.042042,101.788406,82.72,7.78,,42.2,5,"Kuala Lumpur, Malaysia",Sector 16,Copernicus_GLO-30_v2023,Residential,C,Manhole,IMD,Low
5.490684,-0.111516,14.63,4.42,92.9,66.6,2,"Accra, Ghana",Zone VI,SRTM_1arc,Residential,B,Manhole,ERA5,Low
41.953384,12.510633,65.33,5.48,65.8,55.0,5,"Rome, Italy",Zone V,Copernicus_GLO-90_v2022,Roads,B,CurbInlet,IMD,Low
23.845128,90.456822,72.43,9.5,53.2,49.4,5,"Dhaka, Bangladesh",District 29,Copernicus_GLO-30_v2023,Roads,C,CurbInlet,ERA5,Low
51.47504,-0.070414,93.45,10.4,282.8,12.8,2,"London, UK",District 10,SRTM_3arc,Roads,C,,Blended,Low
55.657211,12.420329,29.72,7.76,223.1,32.3,2,"Copenhagen, Denmark",Zone V,Copernicus_EEA-10_v5,Institutional,D,OpenChannel,ERA5,Low
3.088068,101.737583,-3.0,5.16,156.0,44.8,2,"Kuala Lumpur, Malaysia",District 30,SRTM_1arc,Industrial,B,CurbInlet,ERA5,High
-23.395314,-46.711195,3.69,7.31,173.2,135.1,10,"Sao Paulo, Brazil",District 17,SRTM_1arc,Residential,B,OpenChannel,LocalGauge,Very High
25.106814,121.621154,70.62,2.59,304.2,44.7,5,"Taipei, Taiwan",Zone IX,Copernicus_GLO-90_v2022,Green,C,GratedInlet,IMD,Very High
13.194818,80.236627,-2.96,6.57,58.1,97.1,25,"Chennai, India",Zone IV,Copernicus_EEA-10_v5,Residential,C,GratedInlet,LocalGauge,Very High
22.469803,114.077696,7.54,,,65.3,2,"Shenzhen, China",Sector 25,SRTM_1arc,Roads,B,GratedInlet,Blended,High
13.089149,80.228374,19.24,7.83,319.3,32.1,5,"Chennai, India",Zone V,Copernicus_EEA-10_v5,Institutional,D,OpenChannel,Blended,Low
22.513315,114.051555,19.77,3.25,132.6,55.6,25,"Shenzhen, China",Borough South,SRTM_3arc,Institutional,C,GratedInlet,Blended,Low
53.544649,9.959612,83.28,8.27,49.4,21.2,5,"Hamburg, Germany",Sector 22,SRTM_3arc,Roads,D,CurbInlet,LocalGauge,Low
37.610638,127.014758,85.18,4.88,144.8,28.5,25,"Seoul, South Korea",District 28,Copernicus_EEA-10_v5,Institutional,A,GratedInlet,ERA5,Low
6.423863,3.415447,15.35,8.66,154.3,63.8,10,"Lagos, Nigeria",Borough Harbor,SRTM_3arc,Roads,B,OpenChannel,,Low
22.965626,72.521913,96.23,9.21,12.6,17.1,10,"Ahmedabad, India",Zone V,Copernicus_GLO-30_v2023,Industrial,C,CurbInlet,,Low
48.712065,2.444819,7.61,5.13,171.1,17.0,25,"Paris, France",Zone IX,SRTM_3arc,Residential,B,OpenChannel,ERA5,High
17.281983,78.569998,8.34,5.66,436.0,24.4,2,"Hyderabad, India",Zone VIII,Copernicus_GLO-90_v2022,Green,A,GratedInlet,LocalGauge,Low
1.442608,103.708588,20.61,2.52,116.6,71.8,25,"Singapore, Singapore",Borough South,Copernicus_EEA-10_v5,Residential,,Manhole,Blended,Very High
5.643698,-0.162166,8.59,7.43,11.1,55.1,2,"Accra, Ghana",Borough Central,SRTM_3arc,Mixed,A,Manhole,,Low
22.589321,88.388806,-3.0,7.53,314.6,21.3,25,"Kolkata, India",District 22,Copernicus_GLO-30_v2023,Green,C,GratedInlet,IMD,High
45.509626,-73.451804,129.52,6.18,151.9,15.6,25,"Montreal, Canada",Borough South,SRTM_3arc,Green,A,CurbInlet,Blended,Low
17.424948,78.54891,71.92,,115.8,46.7,5,"Hyderabad, India",Sector 30,SRTM_3arc,Institutional,,GratedInlet,ERA5,Low
-27.576618,152.984225,-3.0,6.68,208.8,50.4,100,"Brisbane, Australia",Zone X,Copernicus_GLO-30_v2023,Residential,D,,ERA5,High
24.94851,121.648846,94.44,7.91,52.9,42.1,5,"Taipei, Taiwan",Ward G,SRTM_1arc,Green,C,GratedInlet,ERA5,Low
40.756099,-73.83419,56.4,3.79,93.9,23.6,5,"New York, USA",Zone V,SRTM_3arc,Commercial,A,GratedInlet,,Low
34.67978,135.445999,40.89,6.41,87.8,31.2,2,"Osaka, Japan",Ward K,SRTM_1arc,Water,C,GratedInlet,Blended,Low
45.485482,-73.514533,,10.72,582.3,24.3,10,"Montreal, Canada",District 24,Copernicus_GLO-30_v2023,Commercial,D,,ERA5,Low
1.388615,103.866375,21.58,8.28,68.3,56.5,10,"Singapore, Singapore",Borough South,Copernicus_EEA-10_v5,Residential,C,CurbInlet,Blended,Low
-33.96268,18.37983,58.15,5.24,,39.3,50,"Cape Town, South Africa",Zone X,Copernicus_GLO-30_v2023,Roads,C,GratedInlet,ERA5,Low
55.687553,12.581923,42.4,4.29,10.6,21.2,10,"Copenhagen, Denmark",District 29,Copernicus_GLO-30_v2023,Roads,A,GratedInlet,ERA5,Low
49.294209,-123.157237,1.46,4.15,78.9,34.9,5,"Vancouver, Canada",Sector 6,Copernicus_GLO-30_v2023,Roads,C,CurbInlet,ERA5,Very High
3.058789,101.853313,38.3,3.07,159.2,41.3,2,"Kuala Lumpur, Malaysia",District 2,Copernicus_GLO-30_v2023,Industrial,B,GratedInlet,IMD,Low
-23.410277,-46.518911,71.39,8.17,28.0,69.2,5,"Sao Paulo, Brazil",District 6,Copernicus_GLO-30_v2023,Residential,C,Manhole,LocalGauge,Low
24.754969,46.782258,57.54,5.26,316.8,26.6,2,"Riyadh, Saudi Arabia",Sector 23,Copernicus_EEA-10_v5,Green,B,CurbInlet,Blended,Low
-36.817679,174.911271,19.61,6.77,106.5,24.0,10,"Auckland, New Zealand",Borough Delta,Copernicus_GLO-30_v2023,Residential,C,CurbInlet,LocalGauge,Low
29.892516,-90.170318,,6.67,308.1,38.1,50,"New Orleans, USA",Borough East,Copernicus_GLO-30_v2023,Water,C,Manhole,Blended,Low
34.769307,135.427237,,9.98,,23.9,100,"Osaka, Japan",Borough Central,Copernicus_EEA-10_v5,Commercial,D,OpenChannel,ERA5,Low
-33.955761,18.378494,161.75,4.97,66.1,17.6,50,"Cape Town, South Africa",District 20,Copernicus_EEA-10_v5,Roads,A,OpenChannel,LocalGauge,Low
-33.89901,18.41436,147.49,7.81,56.7,33.2,5,"Cape Town, South Africa",Sector 23,SRTM_1arc,Residential,A,GratedInlet,ERA5,Low
37.984756,23.849995,82.8,4.3,96.9,55.7,25,"Athens, Greece",Zone X,Copernicus_EEA-10_v5,Green,B,CurbInlet,Blended,Low
28.687597,77.102149,26.41,7.03,113.3,28.5,2,"Delhi, India",District 3,Copernicus_GLO-30_v2023,Residential,D,,,Low
20.924179,105.800502,35.43,6.13,89.6,86.3,2,"Hanoi, Vietnam",Zone X,SRTM_1arc,Commercial,B,CurbInlet,IMD,Moderate
53.549264,10.040641,59.01,6.57,234.1,28.0,10,"Hamburg, Germany",Sector 17,SRTM_1arc,Green,C,Manhole,IMD,Low
31.287181,121.579084,20.5,6.88,33.6,23.0,50,"Shanghai, China",District 11,SRTM_1arc,Commercial,,Manhole,IMD,Low
41.971147,12.527637,64.85,6.61,98.4,21.2,10,"Rome, Italy",Ward B,Copernicus_EEA-10_v5,Residential,A,CurbInlet,,Low
-1.339947,36.832643,-3.0,4.21,30.2,63.1,100,"Nairobi, Kenya",District 7,Copernicus_GLO-30_v2023,Residential,A,CurbInlet,ERA5,Very High
24.741981,46.73045,62.54,9.65,76.6,6.6,2,"Riyadh, Saudi Arabia",Ward D,SRTM_1arc,Commercial,A,CurbInlet,,Low
4.726905,-74.079685,76.55,9.91,1.5,27.3,10,"Bogotá, Colombia",Borough Delta,SRTM_3arc,Commercial,C,GratedInlet,,Low
14.548602,120.981146,15.6,4.79,449.0,66.8,5,"Manila, Philippines",District 5,SRTM_3arc,Roads,C,,ERA5,Low
12.931142,77.554687,76.99,9.3,16.0,21.8,5,"Bengaluru, India",Zone V,SRTM_3arc,Roads,A,Manhole,ERA5,Low
25.855535,-80.198193,9.25,5.68,95.2,58.2,100,"Miami, USA",Ward K,SRTM_3arc,Mixed,B,OpenChannel,ERA5,Low
-6.218166,106.903756,8.18,8.12,86.4,110.0,25,"Jakarta, Indonesia",Sector 20,Copernicus_GLO-30_v2023,Roads,D,CurbInlet,LocalGauge,High
-29.970877,31.210716,,7.71,,55.8,10,"Durban, South Africa",Zone X,Copernicus_EEA-10_v5,Commercial,C,,IMD,Low
25.343754,51.505414,18.82,10.11,0.2,16.1,25,"Doha, Qatar",Borough Riverside,SRTM_3arc,Industrial,B,CurbInlet,ERA5,Low
14.605876,120.985401,23.23,7.7,152.9,45.1,2,"Manila, Philippines",Borough Hillside,Copernicus_GLO-30_v2023,Industrial,C,Manhole,,Low
37.899109,23.759983,104.75,5.6,22.6,30.4,5,"Athens, Greece",Borough North,SRTM_3arc,Industrial,B,GratedInlet,IMD,Low
22.588793,114.086297,25.17,8.95,26.7,73.7,10,"Shenzhen, China",District 25,Copernicus_GLO-30_v2023,Commercial,,CurbInlet,ERA5,Low
20.991727,105.941163,36.65,2.13,272.2,106.2,50,"Hanoi, Vietnam",Zone VII,SRTM_1arc,Water,A,GratedInlet,ERA5,Moderate
24.767984,46.623534,74.74,3.71,450.8,26.6,25,"Riyadh, Saudi Arabia",District 16,Copernicus_GLO-90_v2022,Residential,B,,,Low
-11.971033,-76.982092,44.89,3.63,284.2,31.8,25,"Lima, Peru",District 14,SRTM_1arc,Green,C,CurbInlet,ERA5,Low
-34.665907,-58.456668,2.04,6.36,29.5,28.5,25,"Buenos Aires, Argentina",Ward D,Copernicus_GLO-90_v2022,Roads,D,GratedInlet,ERA5,High
29.715167,-95.319324,8.77,5.43,16.1,24.9,2,"Houston, USA",Borough North,SRTM_1arc,Residential,D,GratedInlet,ERA5,Low
-36.803558,174.834619,,5.61,24.2,56.1,50,"Auckland, New Zealand",District 1,Copernicus_GLO-30_v2023,Roads,D,GratedInlet,IMD,Low
23.103793,113.319953,20.18,4.31,183.8,64.5,2,"Guangzhou, China",District 15,SRTM_1arc,Residential,A,OpenChannel,,Low
4.808008,-74.054397,113.02,2.52,138.9,34.9,2,"Bogotá, Colombia",Sector 4,SRTM_1arc,Residential,D,CurbInlet,,Very High
10.833817,106.619147,29.02,4.14,52.7,46.0,10,"Ho Chi Minh City, Vietnam",Borough Central,Copernicus_EEA-10_v5,Residential,A,Manhole,ERA5,Low
14.606947,120.99373,5.06,11.25,44.6,58.2,5,"Manila, Philippines",Ward H,SRTM_1arc,Roads,A,CurbInlet,ERA5,High
19.357464,-99.12844,19.02,5.37,371.4,19.1,5,"Mexico City, Mexico",Borough Harbor,Copernicus_GLO-30_v2023,Mixed,A,OpenChannel,LocalGauge,Low
24.961497,121.620848,92.24,3.66,204.6,26.2,10,"Taipei, Taiwan",Zone III,Copernicus_GLO-30_v2023,Green,C,Manhole,ERA5,Low
-33.964841,18.486111,33.05,6.5,171.1,57.2,25,"Cape Town, South Africa",Borough South,Copernicus_EEA-10_v5,Mixed,,OpenChannel,Blended,Low
22.389775,114.215259,,4.75,341.8,30.1,25,"Hong Kong, China",Ward B,SRTM_3arc,Institutional,B,GratedInlet,ERA5,Low
-36.803481,174.776147,78.57,4.96,272.6,45.7,25,"Auckland, New Zealand",Borough Hillside,SRTM_1arc,Green,B,CurbInlet,ERA5,Low
4.656296,-74.033901,,4.31,124.4,35.7,25,"Bogotá, Colombia",Borough Hillside,Copernicus_GLO-30_v2023,Residential,A,OpenChannel,LocalGauge,Low
13.116296,80.329644,-0.75,6.22,1.5,84.9,2,"Chennai, India",District 20,Copernicus_EEA-10_v5,Roads,A,GratedInlet,ERA5,Very High
35.819623,51.394449,76.43,6.17,7.8,23.1,25,"Tehran, Iran",Borough North,SRTM_3arc,Commercial,C,GratedInlet,ERA5,Low
25.782317,-80.209354,31.44,8.62,59.9,39.6,10,"Miami, USA",Ward F,Copernicus_GLO-30_v2023,Commercial,C,GratedInlet,ERA5,Low
-36.785281,174.830626,39.53,4.05,12.9,53.9,2,"Auckland, New Zealand",District 24,SRTM_1arc,Residential,D,GratedInlet,LocalGauge,Low
-22.842461,-43.115485,22.58,,136.1,80.4,50,"Rio de Janeiro, Brazil",District 6,Copernicus_GLO-30_v2023,Green,D,CurbInlet,Blended,Moderate
22.343025,114.251022,8.55,7.99,76.3,69.6,2,"Hong Kong, China",Zone VI,SRTM_3arc,Industrial,A,GratedInlet,ERA5,Low
45.443847,-73.429551,41.18,9.58,211.3,31.4,5,"Montreal, Canada",Borough Harbor,Copernicus_EEA-10_v5,Commercial,B,,Blended,Low
13.030968,77.563192,115.93,8.04,47.8,26.3,2,"Bengaluru, India",Ward K,Copernicus_EEA-10_v5,Residential,C,Manhole,ERA5,Low
-34.609054,-58.402068,97.35,3.6,50.8,38.4,25,"Buenos Aires, Argentina",District 18,SRTM_1arc,Institutional,A,GratedInlet,ERA5,Low
3.278635,101.621308,37.62,,462.3,33.3,5,"Kuala Lumpur, Malaysia",Borough Old Town,Copernicus_GLO-30_v2023,Commercial,B,,IMD,Low
-23.505863,-46.69631,-3.0,3.42,33.2,74.6,100,"Sao Paulo, Brazil",Ward K,Copernicus_EEA-10_v5,Residential,D,Manhole,ERA5,High
41.446164,2.15167,10.44,4.77,121.9,21.8,50,"Barcelona, Spain",Sector 17,Copernicus_GLO-30_v2023,Green,B,Manhole,ERA5,Low
17.372948,78.483084,52.5,6.21,39.1,39.3,100,"Hyderabad, India",Sector 2,Copernicus_GLO-30_v2023,Institutional,D,CurbInlet,Blended,Low
41.400731,2.348711,,8.4,133.2,26.6,25,"Barcelona, Spain",Zone VII,SRTM_1arc,Roads,D,Manhole,ERA5,Low
41.473524,2.169929,8.47,2.65,274.4,30.6,10,"Barcelona, Spain",District 9,SRTM_3arc,Green,A,OpenChannel,LocalGauge,Moderate
-33.778406,151.007708,23.55,4.14,147.9,22.8,2,"Sydney, Australia",Zone I,SRTM_3arc,Residential,C,CurbInlet,ERA5,Low
10.805255,106.532446,49.8,8.46,142.0,113.9,25,"Ho Chi Minh City, Vietnam",District 18,SRTM_1arc,Industrial,B,OpenChannel,LocalGauge,Moderate
37.600999,127.048486,39.4,11.99,280.1,59.5,25,"Seoul, South Korea",Ward D,SRTM_3arc,Industrial,A,,,Low
29.761917,-95.223688,42.16,4.86,80.2,29.4,2,"Houston, USA",Ward K,Copernicus_GLO-30_v2023,Residential,C,Manhole,LocalGauge,Low
40.925616,29.038261,58.26,7.06,22.1,38.2,5,"Istanbul, Türkiye",Ward K,SRTM_3arc,Commercial,B,Manhole,IMD,Low
23.110999,113.292868,,6.99,64.9,59.8,10,"Guangzhou, China",Sector 2,Copernicus_GLO-90_v2022,Roads,A,CurbInlet,ERA5,Low
41.998871,12.358626,86.37,8.06,31.8,23.3,5,"Rome, Italy",Ward E,Copernicus_GLO-30_v2023,Roads,B,OpenChannel,IMD,Low
37.715654,126.944669,50.97,7.04,36.0,39.5,5,"Seoul, South Korea",Borough Old Town,Copernicus_EEA-10_v5,Industrial,A,Manhole,IMD,Low
13.010744,80.375494,23.52,5.44,96.4,67.6,2,"Chennai, India",Borough Riverside,SRTM_1arc,Water,D,CurbInlet,LocalGauge,Low
1.32802,103.840906,4.62,9.37,122.8,62.3,2,"Singapore, Singapore",Ward G,SRTM_1arc,Roads,D,,Blended,High
14.640602,120.94778,9.13,11.04,94.6,83.2,25,"Manila, Philippines",Ward E,Copernicus_GLO-30_v2023,Roads,C,Manhole,,Moderate
-34.022991,18.382392,172.86,9.07,25.4,15.1,2,"Cape Town, South Africa",Sector 22,Copernicus_GLO-90_v2022,Commercial,C,Manhole,ERA5,Low
35.661801,51.419294,77.72,6.49,37.1,41.4,2,"Tehran, Iran",Ward F,Copernicus_GLO-30_v2023,Roads,B,GratedInlet,,Low
20.932164,105.834002,1.24,4.3,356.0,48.8,25,"Hanoi, Vietnam",Borough East,SRTM_1arc,Residential,B,OpenChannel,ERA5,High
38.853632,-77.017289,32.67,7.87,140.0,19.9,10,"Washington DC, USA",Borough Central,SRTM_3arc,Residential,A,CurbInlet,LocalGauge,Low
41.865368,12.463617,55.57,,309.5,25.8,50,"Rome, Italy",Zone IX,SRTM_3arc,Green,D,CurbInlet,ERA5,Low
41.247366,2.282893,29.99,5.83,363.0,21.7,5,"Barcelona, Spain",District 13,SRTM_3arc,Residential,B,,Blended,Low
40.737487,-73.995302,1.89,5.69,58.0,30.1,2,"New York, USA",Borough Harbor,Copernicus_GLO-30_v2023,Roads,B,,LocalGauge,High
13.639605,100.447973,18.27,3.71,235.0,52.3,5,"Bangkok, Thailand",Borough South,SRTM_1arc,Green,B,CurbInlet,IMD,Low
37.690761,-122.447183,117.43,6.43,184.7,48.2,50,"San Francisco, USA",District 8,SRTM_3arc,Water,,GratedInlet,ERA5,Low
49.398319,-123.051989,10.81,5.43,139.0,26.5,10,"Vancouver, Canada",Ward H,SRTM_3arc,Roads,B,CurbInlet,ERA5,Low
6.453225,3.444304,15.6,7.83,261.1,68.0,10,"Lagos, Nigeria",Sector 18,SRTM_1arc,Residential,C,OpenChannel,LocalGauge,Low
24.898686,66.891892,85.67,5.14,67.8,25.1,5,"Karachi, Pakistan",Zone III,Copernicus_GLO-30_v2023,Residential,D,CurbInlet,LocalGauge,Low
-1.274471,36.915126,43.51,5.51,39.1,27.6,2,"Nairobi, Kenya",Sector 24,SRTM_1arc,Residential,C,CurbInlet,Blended,Low
-22.913215,-43.076669,,5.85,51.2,56.8,25,"Rio de Janeiro, Brazil",Sector 8,Copernicus_EEA-10_v5,Commercial,A,GratedInlet,IMD,Low
13.765259,100.498268,-3.0,2.72,245.7,123.9,100,"Bangkok, Thailand",Sector 7,SRTM_3arc,Institutional,,CurbInlet,ERA5,High
23.126431,113.213918,19.53,3.74,185.6,45.3,25,"Guangzhou, China",Ward E,SRTM_3arc,Green,,GratedInlet,ERA5,Low
49.246365,-123.271269,0.42,6.07,100.7,16.3,5,"Vancouver, Canada",District 14,Copernicus_GLO-90_v2022,Residential,B,Manhole,,High
22.547799,88.380892,78.3,6.01,54.3,14.3,5,"Kolkata, India",Sector 27,SRTM_1arc,Roads,B,Manhole,ERA5,Low
22.893699,72.622101,15.29,,211.6,34.3,100,"Ahmedabad, India",Borough North,SRTM_1arc,Roads,D,OpenChannel,IMD,Low
24.807795,66.99834,105.56,8.42,178.4,22.0,5,"Karachi, Pakistan",Borough East,Copernicus_GLO-90_v2022,Institutional,,Manhole,ERA5,Low
25.214714,51.630436,,5.65,174.8,12.0,2,"Doha, Qatar",Zone V,SRTM_1arc,Institutional,,Manhole,ERA5,Low
34.726999,135.536731,61.87,,348.8,49.4,10,"Osaka, Japan",District 8,Copernicus_GLO-30_v2023,Roads,C,OpenChannel,IMD,Low
40.803047,-74.025288,,,181.8,27.1,5,"New York, USA",District 30,Copernicus_GLO-30_v2023,Green,A,GratedInlet,LocalGauge,Low
5.651272,-0.128163,18.23,10.4,57.3,63.5,50,"Accra, Ghana",Borough Old Town,Copernicus_GLO-90_v2022,Industrial,B,GratedInlet,,Low
35.762058,139.839086,,4.32,71.0,26.3,5,"Tokyo, Japan",Sector 10,Copernicus_GLO-30_v2023,Commercial,C,GratedInlet,ERA5,Low
39.983999,-75.132577,,3.39,,53.9,2,"Philadelphia, USA",Borough South,Copernicus_GLO-30_v2023,Residential,C,GratedInlet,Blended,Low
25.068373,55.285384,63.85,4.27,135.3,18.3,10,"Dubai, UAE",Borough Delta,SRTM_1arc,Residential,D,OpenChannel,ERA5,Low
35.651205,139.68554,31.76,2.31,,52.8,5,"Tokyo, Japan",Borough North,Copernicus_EEA-10_v5,Institutional,,OpenChannel,,Moderate
12.922471,77.554136,-3.0,4.89,114.9,30.7,2,"Bengaluru, India",Sector 9,SRTM_1arc,Residential,D,CurbInlet,ERA5,High
40.123272,-75.191678,6.36,7.09,75.6,21.6,2,"Philadelphia, USA",Borough East,SRTM_1arc,Industrial,C,Manhole,Blended,High
45.416428,-73.621757,67.5,10.53,274.8,24.4,50,"Montreal, Canada",Ward K,Copernicus_GLO-90_v2022,Industrial,A,OpenChannel,ERA5,Low
19.381123,-99.212596,75.33,6.1,15.8,22.5,25,"Mexico City, Mexico",Zone V,Copernicus_EEA-10_v5,Commercial,D,CurbInlet,ERA5,Low
55.63322,12.561643,63.36,8.64,181.4,43.9,25,"Copenhagen, Denmark",Ward I,Copernicus_EEA-10_v5,Roads,A,Manhole,ERA5,Low
22.174391,114.143083,,4.57,86.8,67.8,5,"Hong Kong, China",Ward K,Copernicus_GLO-30_v2023,Green,A,GratedInlet,ERA5,Low
-33.801126,151.266614,28.7,5.06,137.4,18.1,5,"Sydney, Australia",Borough Harbor,SRTM_3arc,Green,B,GratedInlet,ERA5,Low
-33.763008,151.145601,24.72,7.05,87.0,56.2,5,"Sydney, Australia",District 17,Copernicus_GLO-30_v2023,Commercial,A,OpenChannel,LocalGauge,Low
40.857703,28.977783,80.15,6.43,101.2,65.6,5,"Istanbul, Türkiye",Sector 19,SRTM_1arc,Commercial,B,Manhole,ERA5,Low
35.831363,51.361433,221.6,2.39,33.3,28.0,2,"Tehran, Iran",Ward A,Copernicus_EEA-10_v5,Residential,B,CurbInlet,LocalGauge,Moderate
10.955132,106.585713,-3.0,4.35,149.8,98.8,25,"Ho Chi Minh City, Vietnam",Sector 23,SRTM_3arc,Green,B,Manhole,LocalGauge,Very High
-1.377434,36.843458,64.11,9.62,195.6,28.8,25,"Nairobi, Kenya",Zone VII,Copernicus_EEA-10_v5,Commercial,D,OpenChannel,ERA5,Low
24.787714,67.019748,135.42,4.54,222.7,28.7,5,"Karachi, Pakistan",Sector 25,Copernicus_GLO-30_v2023,Mixed,,OpenChannel,IMD,Low
-33.923586,18.438608,229.62,4.26,79.5,26.6,5,"Cape Town, South Africa",Borough Harbor,Copernicus_EEA-10_v5,Industrial,C,CurbInlet,ERA5,Low
38.01255,23.536377,52.17,8.01,149.5,51.4,5,"Athens, Greece",Zone I,Copernicus_GLO-90_v2022,Roads,B,Manhole,ERA5,Low
29.909035,-90.095794,15.98,9.93,83.9,53.4,25,"New Orleans, USA",Borough Central,SRTM_3arc,Roads,A,GratedInlet,ERA5,Low
48.883937,2.383855,97.75,4.63,203.0,33.7,10,"Paris, France",Sector 18,Copernicus_GLO-30_v2023,Roads,C,,ERA5,Low
28.559749,77.126573,61.78,6.08,44.1,26.6,25,"Delhi, India",District 17,SRTM_3arc,Roads,A,GratedInlet,LocalGauge,Low
-34.56333,-58.394846,50.97,8.59,100.8,36.4,10,"Buenos Aires, Argentina",District 30,Copernicus_EEA-10_v5,Residential,,Manhole,ERA5,Low
23.064156,113.259637,1.27,5.58,146.7,66.1,2,"Guangzhou, China",Ward D,Copernicus_EEA-10_v5,Roads,C,OpenChannel,Blended,Very High
41.313,2.150599,1.13,10.03,161.0,23.2,5,"Barcelona, Spain",Zone III,SRTM_3arc,Industrial,B,OpenChannel,ERA5,High
28.655384,77.207959,36.68,2.4,33.6,61.6,2,"Delhi, India",Sector 1,Copernicus_GLO-30_v2023,Residential,B,,ERA5,Moderate
18.441407,73.916035,32.25,7.28,391.1,21.8,10,"Pune, India",Zone IV,Copernicus_EEA-10_v5,Residential,C,OpenChannel,ERA5,Low
35.714427,51.340693,-3.0,6.41,109.9,48.7,2,"Tehran, Iran",Ward A,SRTM_1arc,Mixed,A,GratedInlet,LocalGauge,High
5.598972,-0.173373,16.28,4.57,64.5,121.6,50,"Accra, Ghana",Zone II,Copernicus_EEA-10_v5,Residential,B,Manhole,,Moderate
55.821219,12.667444,34.01,8.16,67.1,36.3,25,"Copenhagen, Denmark",Zone IX,SRTM_3arc,Residential,B,GratedInlet,Blended,Low
22.427389,114.1101,18.97,7.09,121.4,26.5,2,"Shenzhen, China",Sector 23,SRTM_3arc,Commercial,C,GratedInlet,ERA5,Low
1.357708,103.936421,-3.0,4.42,24.4,93.9,5,"Singapore, Singapore",Zone II,Copernicus_GLO-30_v2023,Residential,B,CurbInlet,ERA5,High
6.530892,3.344391,7.97,5.14,235.2,48.2,5,"Lagos, Nigeria",Borough North,Copernicus_GLO-30_v2023,Residential,,OpenChannel,Blended,High
22.997733,72.543062,-3.0,6.71,102.9,24.8,5,"Ahmedabad, India",Ward I,Copernicus_GLO-30_v2023,Green,D,GratedInlet,ERA5,High
-12.185943,-77.113097,-3.0,7.36,210.2,29.9,5,"Lima, Peru",Ward C,SRTM_1arc,Institutional,A,Manhole,Blended,High
51.965733,4.51216,24.57,4.43,396.1,32.3,5,"Rotterdam, Netherlands",Sector 29,SRTM_1arc,Water,,Manhole,ERA5,Low
-22.839366,-43.159471,0.09,8.42,82.0,30.4,5,"Rio de Janeiro, Brazil",Zone VI,Copernicus_GLO-30_v2023,Roads,,OpenChannel,ERA5,High
41.021233,28.955362,33.55,4.05,547.3,14.1,2,"Istanbul, Türkiye",Ward H,SRTM_3arc,Green,A,,ERA5,Low
29.704903,-95.424514,38.72,6.8,183.2,47.5,10,"Houston, USA",District 8,Copernicus_EEA-10_v5,Green,,OpenChannel,LocalGauge,Low
37.538009,126.958233,65.0,5.68,4.2,19.6,25,"Seoul, South Korea",Zone VIII,Copernicus_GLO-30_v2023,Industrial,D,GratedInlet,ERA5,Low
12.962468,80.220942,6.55,11.67,39.8,72.9,50,"Chennai, India",Borough South,Copernicus_GLO-30_v2023,Mixed,,Manhole,ERA5,High
31.211958,121.480151,5.04,7.32,75.5,15.8,25,"Shanghai, China",Zone VIII,Copernicus_GLO-30_v2023,Residential,D,Manhole,ERA5,High
21.065491,105.869351,72.89,4.05,413.6,91.8,50,"Hanoi, Vietnam",Ward A,SRTM_3arc,Commercial,C,,ERA5,Moderate
22.636815,88.480345,23.44,5.62,190.9,19.0,5,"Kolkata, India",District 24,Copernicus_GLO-30_v2023,Institutional,C,CurbInlet,ERA5,Low
23.152251,72.620499,76.04,8.45,158.7,16.3,2,"Ahmedabad, India",Sector 28,SRTM_3arc,Industrial,B,OpenChannel,ERA5,Low
24.988898,121.456815,-3.0,3.9,,26.4,5,"Taipei, Taiwan",Borough Old Town,SRTM_3arc,Institutional,B,Manhole,LocalGauge,High
41.910042,12.453541,68.92,8.17,85.4,48.9,2,"Rome, Italy",Zone X,Copernicus_GLO-30_v2023,Commercial,B,GratedInlet,,Low
37.864756,-122.406965,197.0,6.94,76.5,49.6,50,"San Francisco, USA",Borough Riverside,SRTM_1arc,Roads,C,Manhole,IMD,Low
25.612902,-80.189683,-3.0,6.98,78.3,107.7,50,"Miami, USA",Zone II,Copernicus_GLO-30_v2023,Industrial,B,CurbInlet,ERA5,High
22.494308,114.020974,15.57,,,45.8,50,"Shenzhen, China",Ward K,SRTM_3arc,Commercial,D,Manhole,ERA5,Low
49.258451,-123.17403,22.46,7.49,2.2,23.4,10,"Vancouver, Canada",Borough Old Town,Copernicus_GLO-90_v2022,Roads,B,Manhole,,Low
5.414722,-0.088166,23.66,8.26,515.6,142.1,25,"Accra, Ghana",Sector 21,SRTM_1arc,Industrial,D,,LocalGauge,Moderate
19.075088,72.852303,11.11,3.97,521.2,49.8,10,"Mumbai, India",Ward J,Copernicus_GLO-30_v2023,Residential,C,OpenChannel,ERA5,Low
-33.757865,151.279085,18.59,8.26,112.1,46.9,10,"Sydney, Australia",District 13,Copernicus_GLO-30_v2023,Roads,A,CurbInlet,ERA5,Low
24.856188,66.998696,37.38,7.55,52.6,18.7,10,"Karachi, Pakistan",District 22,Copernicus_GLO-30_v2023,Roads,C,GratedInlet,LocalGauge,Low
22.506467,114.016399,22.18,,225.7,70.0,10,"Shenzhen, China",Zone X,Copernicus_GLO-90_v2022,Residential,D,OpenChannel,,Low
38.886564,-77.23782,58.04,,359.6,24.1,5,"Washington DC, USA",Zone VII,Copernicus_EEA-10_v5,Industrial,A,,ERA5,Low
28.621814,77.108786,25.11,7.05,34.8,20.4,5,"Delhi, India",Borough North,SRTM_1arc,Industrial,B,CurbInlet,LocalGauge,Low
23.842502,90.293506,,,75.0,46.1,5,"Dhaka, Bangladesh",Borough South,SRTM_1arc,Residential,C,GratedInlet,IMD,Low
37.769701,-122.51693,129.68,9.69,27.6,13.9,2,"San Francisco, USA",Zone VI,SRTM_1arc,Industrial,A,GratedInlet,ERA5,Low
10.850292,106.583407,67.51,4.71,,88.2,50,"Ho Chi Minh City, Vietnam",Zone IV,Copernicus_EEA-10_v5,Residential,D,,ERA5,Moderate
19.019091,72.878652,9.0,5.17,89.4,77.1,50,"Mumbai, India",Zone VI,Copernicus_GLO-30_v2023,Industrial,B,GratedInlet,LocalGauge,Low
45.449574,-73.639542,-3.0,6.57,35.7,60.4,2,"Montreal, Canada",Zone II,SRTM_1arc,Residential,,Manhole,ERA5,Very High
37.925131,-122.35205,116.05,4.54,,17.8,2,"San Francisco, USA",Ward K,Copernicus_GLO-90_v2022,Residential,D,,IMD,Low
45.578477,-73.490355,90.4,7.39,86.1,56.3,25,"Montreal, Canada",Ward C,Copernicus_GLO-90_v2022,Roads,D,Manhole,ERA5,Low
48.940415,2.417538,47.56,7.32,56.8,20.2,10,"Paris, France",Sector 21,SRTM_3arc,Commercial,D,GratedInlet,ERA5,Low
20.966861,105.805459,47.09,3.8,91.0,32.0,2,"Hanoi, Vietnam",District 30,SRTM_1arc,Residential,C,GratedInlet,ERA5,Low
45.520842,-73.556784,55.52,5.26,1.8,35.0,5,"Montreal, Canada",Ward K,SRTM_1arc,Roads,B,Manhole,IMD,Low
13.043488,80.312848,,4.44,477.6,92.5,100,"Chennai, India",Zone VI,Copernicus_EEA-10_v5,Green,B,,ERA5,Moderate
38.0412,23.787572,58.08,6.69,,29.6,2,"Athens, Greece",Ward C,Copernicus_GLO-30_v2023,Commercial,B,CurbInlet,LocalGauge,Low
6.844215,79.966316,13.78,8.86,30.2,48.6,50,"Colombo, Sri Lanka",Borough East,Copernicus_GLO-30_v2023,Roads,B,GratedInlet,IMD,Low
22.427106,113.984216,18.84,10.62,103.5,150.0,10,"Shenzhen, China",Ward G,Copernicus_GLO-30_v2023,Roads,B,GratedInlet,Blended,Moderate
42.016936,12.43799,38.14,5.06,126.2,61.2,5,"Rome, Italy",Zone V,SRTM_1arc,Industrial,C,CurbInlet,Blended,Low
17.33485,78.475457,56.76,3.68,61.7,42.4,25,"Hyderabad, India",Ward I,SRTM_1arc,Roads,C,OpenChannel,LocalGauge,Low
-27.421422,153.010535,4.27,6.61,97.3,32.6,5,"Brisbane, Australia",Sector 24,SRTM_3arc,Residential,C,,LocalGauge,High
35.588926,51.446636,14.9,,74.4,19.5,25,"Tehran, Iran",Borough North,Copernicus_GLO-30_v2023,Residential,C,CurbInlet,ERA5,Low
17.298054,78.47148,66.0,4.4,414.1,29.5,10,"Hyderabad, India",Sector 23,Copernicus_GLO-30_v2023,Roads,C,,ERA5,Low
25.262982,55.200676,-3.0,10.06,5.9,28.3,50,"Dubai, UAE",Ward E,SRTM_3arc,Commercial,D,CurbInlet,LocalGauge,High
37.770827,-122.510646,25.82,7.24,18.3,41.2,5,"San Francisco, USA",Zone IX,SRTM_1arc,Residential,,Manhole,ERA5,Low
-34.649843,-58.43978,81.45,4.08,49.3,24.9,5,"Buenos Aires, Argentina",Ward A,SRTM_1arc,Roads,B,OpenChannel,LocalGauge,Low
18.524937,73.814449,25.95,5.96,72.7,41.2,25,"Pune, India",Ward K,Copernicus_GLO-90_v2022,Roads,,CurbInlet,IMD,Low
25.690416,-80.186522,18.66,2.48,240.7,51.2,25,"Miami, USA",Zone VIII,SRTM_3arc,Residential,A,OpenChannel,ERA5,Very High
34.717852,135.538486,-0.72,7.66,51.1,33.7,2,"Osaka, Japan",Borough Harbor,SRTM_3arc,Green,C,CurbInlet,ERA5,High
38.033513,23.826746,54.78,6.96,367.7,28.4,5,"Athens, Greece",Sector 19,SRTM_3arc,Residential,D,,,Low
53.4559,9.780049,13.73,5.17,88.8,23.8,5,"Hamburg, Germany",District 14,Copernicus_GLO-30_v2023,Mixed,D,CurbInlet,LocalGauge,Low
-11.928835,-77.041465,18.21,,183.8,56.1,25,"Lima, Peru",District 4,SRTM_3arc,Green,D,CurbInlet,LocalGauge,Low
52.393364,4.860393,17.3,5.04,43.6,22.7,5,"Amsterdam, Netherlands",Borough Old Town,SRTM_3arc,Residential,,GratedInlet,ERA5,Low
39.892493,-75.336858,-3.0,6.91,77.3,26.9,25,"Philadelphia, USA",Borough Harbor,Copernicus_GLO-30_v2023,Residential,A,Manhole,LocalGauge,High
24.805227,66.891722,54.74,9.55,100.4,41.8,2,"Karachi, Pakistan",Ward F,Copernicus_GLO-30_v2023,Roads,A,GratedInlet,ERA5,Low
-27.53867,152.895221,32.43,6.47,94.0,26.9,5,"Brisbane, Australia",Zone IV,Copernicus_GLO-30_v2023,Residential,C,GratedInlet,ERA5,Low
1.424151,103.837049,12.62,7.45,127.7,90.4,25,"Singapore, Singapore",District 3,Copernicus_GLO-30_v2023,Commercial,B,Manhole,ERA5,Moderate
19.07751,72.94902,12.35,4.56,,101.2,100,"Mumbai, India",Ward G,Copernicus_GLO-30_v2023,Residential,B,CurbInlet,LocalGauge,Moderate
-27.398341,152.964019,71.84,8.0,8.5,25.0,5,"Brisbane, Australia",Borough Delta,Copernicus_GLO-30_v2023,Commercial,A,GratedInlet,ERA5,Low
45.491276,-73.512573,21.09,3.92,,49.9,2,"Montreal, Canada",District 4,SRTM_3arc,Green,C,CurbInlet,ERA5,Low
31.257964,121.445585,11.93,2.36,212.2,45.9,5,"Shanghai, China",District 26,Copernicus_EEA-10_v5,Green,,CurbInlet,LocalGauge,Moderate
10.908047,106.696275,68.79,10.34,18.0,88.7,25,"Ho Chi Minh City, Vietnam",Ward A,Copernicus_EEA-10_v5,Industrial,,GratedInlet,Blended,Moderate
22.606191,88.426115,60.72,6.29,31.6,38.4,2,"Kolkata, India",Ward A,Copernicus_GLO-30_v2023,Residential,C,GratedInlet,LocalGauge,Low
-1.345391,36.911639,84.96,7.09,74.7,53.6,2,"Nairobi, Kenya",Sector 25,Copernicus_GLO-30_v2023,Roads,A,Manhole,ERA5,Low
55.575553,12.58227,38.84,6.37,53.8,16.9,5,"Copenhagen, Denmark",Borough Old Town,Copernicus_EEA-10_v5,Residential,C,GratedInlet,IMD,Low
51.813262,4.530548,17.24,8.62,28.5,23.2,2,"Rotterdam, Netherlands",District 25,SRTM_3arc,Commercial,B,CurbInlet,ERA5,Low
6.655946,3.349189,-3.0,,27.9,59.3,25,"Lagos, Nigeria",District 15,SRTM_3arc,Commercial,B,Manhole,Blended,Very High
17.534133,78.452728,48.82,6.6,95.8,21.8,5,"Hyderabad, India",Sector 27,SRTM_3arc,Industrial,,GratedInlet,IMD,Low
17.260506,78.491001,54.79,4.26,32.1,25.2,2,"Hyderabad, India",Zone X,Copernicus_EEA-10_v5,Residential,B,CurbInlet,ERA5,Low
-27.351046,153.056745,53.06,4.75,51.6,71.3,100,"Brisbane, Australia",Borough East,Copernicus_EEA-10_v5,Residential,B,Manhole,ERA5,Low
34.739115,135.457097,55.96,3.78,54.8,56.1,25,"Osaka, Japan",Ward B,SRTM_1arc,Residential,B,Manhole,IMD,Low
29.868966,-95.257333,,2.79,47.1,24.1,5,"Houston, USA",Zone VIII,Copernicus_GLO-30_v2023,Residential,D,CurbInlet,,Moderate
-34.515843,-58.313986,75.11,,17.8,31.9,10,"Buenos Aires, Argentina",Zone VI,SRTM_3arc,Industrial,D,CurbInlet,ERA5,Low
31.170739,121.54174,,7.47,49.6,42.0,2,"Shanghai, China",Borough South,SRTM_1arc,Residential,B,CurbInlet,LocalGauge,Low
37.815956,-122.488656,86.36,8.2,50.5,29.3,5,"San Francisco, USA",Zone IV,Copernicus_GLO-30_v2023,Roads,,Manhole,Blended,Low
49.258525,-123.04016,3.84,3.6,5.8,21.3,25,"Vancouver, Canada",Borough Harbor,Copernicus_EEA-10_v5,Green,A,OpenChannel,ERA5,High
1.332586,103.980494,12.8,7.53,177.3,37.2,50,"Singapore, Singapore",Sector 20,SRTM_1arc,Roads,D,OpenChannel,ERA5,Low
35.680479,51.264527,85.88,6.07,10.2,21.4,50,"Tehran, Iran",District 16,SRTM_3arc,Green,D,Manhole,Blended,Low
-22.926,-43.286912,,9.44,21.3,61.3,10,"Rio de Janeiro, Brazil",Borough Old Town,SRTM_3arc,Commercial,A,CurbInlet,Blended,Low
38.154795,23.735582,-3.0,7.25,94.9,34.6,5,"Athens, Greece",Borough Central,SRTM_1arc,Roads,C,GratedInlet,,High
14.616066,121.007999,7.38,9.85,104.4,68.2,25,"Manila, Philippines",Borough East,Copernicus_GLO-30_v2023,Roads,D,Manhole,ERA5,High
55.627448,12.49886,1.6,1.37,408.5,43.5,5,"Copenhagen, Denmark",Sector 2,Copernicus_GLO-30_v2023,Green,D,GratedInlet,LocalGauge,High
-34.588974,-58.302313,3.21,3.32,304.4,23.8,2,"Buenos Aires, Argentina",Zone X,SRTM_3arc,Mixed,B,,ERA5,High
29.859559,-95.307096,47.8,2.11,141.7,32.2,50,"Houston, USA",Sector 9,Copernicus_EEA-10_v5,Residential,D,CurbInlet,Blended,Moderate
14.612137,120.992023,12.2,10.64,215.9,97.1,2,"Manila, Philippines",Ward J,SRTM_1arc,Mixed,A,OpenChannel,ERA5,Moderate
39.880627,-75.167382,36.32,4.71,146.5,33.6,100,"Philadelphia, USA",District 6,SRTM_3arc,Residential,D,,ERA5,Low
10.779423,106.610244,41.48,9.46,150.0,69.1,2,"Ho Chi Minh City, Vietnam",District 16,SRTM_1arc,Commercial,B,Manhole,Blended,Low
52.366831,4.811591,2.53,3.6,,22.0,5,"Amsterdam, Netherlands",Sector 9,Copernicus_GLO-30_v2023,Residential,C,CurbInlet,Blended,High
6.894666,79.88156,-3.0,8.02,73.3,48.6,2,"Colombo, Sri Lanka",District 1,SRTM_3arc,Residential,A,GratedInlet,Blended,High
38.130941,23.768172,27.17,3.49,149.9,21.6,2,"Athens, Greece",Sector 4,SRTM_3arc,Residential,C,Manhole,ERA5,Low
14.595448,120.898268,15.85,2.68,312.9,32.9,2,"Manila, Philippines",Borough Riverside,Copernicus_GLO-30_v2023,Institutional,B,OpenChannel,ERA5,Moderate
-36.843867,174.844799,77.37,,122.0,26.5,2,"Auckland, New Zealand",District 15,SRTM_1arc,Industrial,A,Manhole,ERA5,Low
22.619382,88.338351,13.4,,309.4,51.1,10,"Kolkata, India",District 11,SRTM_3arc,Residential,B,OpenChannel,LocalGauge,Low
29.826891,-95.302413,49.99,6.59,229.9,38.5,5,"Houston, USA",District 12,SRTM_3arc,Green,A,GratedInlet,IMD,Low
28.832793,77.225627,23.83,9.26,101.8,31.8,5,"Delhi, India",District 1,SRTM_3arc,Commercial,C,Manhole,IMD,Low
-22.894916,-43.157179,27.68,7.29,,44.5,10,"Rio de Janeiro, Brazil",Sector 10,Copernicus_GLO-30_v2023,Commercial,C,,LocalGauge,Low
-36.986417,174.673069,-3.0,5.73,61.7,22.7,2,"Auckland, New Zealand",Ward C,Copernicus_GLO-30_v2023,Mixed,,GratedInlet,ERA5,Very High
18.552754,73.838376,99.17,4.72,,18.2,2,"Pune, India",Zone I,SRTM_3arc,Commercial,D,CurbInlet,ERA5,Low
52.267951,4.934529,19.43,7.04,36.5,40.8,5,"Amsterdam, Netherlands",Sector 1,Copernicus_EEA-10_v5,Roads,B,,LocalGauge,Low
13.066405,80.271944,-2.27,2.8,10.2,30.0,5,"Chennai, India",Zone VI,SRTM_1arc,Green,D,OpenChannel,ERA5,High
22.991159,113.279219,-0.48,7.29,53.3,79.0,10,"Guangzhou, China",Zone III,Copernicus_EEA-10_v5,Industrial,C,Manhole,ERA5,High
5.51432,-0.273402,2.66,2.66,16.8,55.9,2,"Accra, Ghana",Ward K,Copernicus_GLO-30_v2023,Residential,D,GratedInlet,ERA5,Very High
-27.438641,152.95405,-3.0,6.97,34.2,58.3,10,"Brisbane, Australia",Sector 22,Copernicus_EEA-10_v5,Roads,,CurbInlet,,Very High
3.072135,101.764502,49.74,7.66,,65.6,50,"Kuala Lumpur, Malaysia",District 5,SRTM_1arc,Roads,B,CurbInlet,ERA5,Low
-22.842444,-43.135264,11.05,7.0,63.9,57.3,50,"Rio de Janeiro, Brazil",Zone III,Copernicus_GLO-30_v2023,Roads,A,Manhole,LocalGauge,Low
51.922868,4.464238,11.38,8.94,115.6,24.5,5,"Rotterdam, Netherlands",Borough Hillside,Copernicus_GLO-90_v2022,Industrial,D,GratedInlet,LocalGauge,Low
19.52886,-99.223483,10.74,6.03,125.2,48.9,5,"Mexico City, Mexico",Ward A,SRTM_1arc,Informal,D,OpenChannel,ERA5,Low
52.401169,4.898555,25.58,6.98,18.4,69.8,5,"Amsterdam, Netherlands",Borough Hillside,Copernicus_EEA-10_v5,Commercial,C,CurbInlet,LocalGauge,Low
52.467316,4.937162,4.27,2.59,,19.0,2,"Amsterdam, Netherlands",Sector 2,SRTM_3arc,Residential,C,Manhole,Blended,High
-12.170019,-77.078821,47.66,5.14,11.7,24.0,25,"Lima, Peru",District 25,Copernicus_GLO-90_v2022,Mixed,C,GratedInlet,ERA5,Low
35.756445,139.562503,43.66,8.34,236.6,37.4,10,"Tokyo, Japan",Ward J,SRTM_3arc,Residential,C,,ERA5,Low
-34.648581,-58.368667,77.0,6.36,150.8,19.4,2,"Buenos Aires, Argentina",Sector 8,SRTM_1arc,Residential,C,CurbInlet,Blended,Low
30.038725,-90.080276,17.35,4.81,50.7,16.2,2,"New Orleans, USA",Zone VI,SRTM_1arc,Residential,A,GratedInlet,LocalGauge,Low
14.555095,120.768753,12.07,4.06,,57.2,5,"Manila, Philippines",Borough North,Copernicus_GLO-30_v2023,Green,B,Manhole,ERA5,Low
22.490704,113.964178,0.78,8.41,397.0,81.3,50,"Shenzhen, China",Borough East,SRTM_1arc,Roads,C,,ERA5,High
49.173845,-123.112801,5.01,2.84,144.3,34.2,5,"Vancouver, Canada",Zone IX,SRTM_3arc,Water,B,CurbInlet,ERA5,High
6.620824,3.400229,21.96,5.64,114.8,105.5,25,"Lagos, Nigeria",Borough West,Copernicus_GLO-30_v2023,Roads,B,CurbInlet,Blended,Moderate
22.569592,88.332511,39.42,3.9,337.1,61.7,5,"Kolkata, India",Ward B,Copernicus_GLO-30_v2023,Residential,D,OpenChannel,IMD,Low
48.917427,2.332029,37.67,1.56,192.6,31.0,2,"Paris, France",Sector 1,Copernicus_EEA-10_v5,Green,C,Manhole,LocalGauge,Moderate
29.896449,-90.179243,5.01,2.8,103.9,19.0,50,"New Orleans, USA",Sector 26,Copernicus_GLO-90_v2022,Residential,B,CurbInlet,ERA5,Very High
38.913162,-77.099411,5.78,2.36,189.2,69.6,25,"Washington DC, USA",Sector 19,SRTM_1arc,Green,,GratedInlet,ERA5,High
-11.93475,-76.991743,59.11,11.01,86.3,30.9,50,"Lima, Peru",Zone II,Copernicus_EEA-10_v5,Roads,A,GratedInlet,LocalGauge,Low
17.389693,78.449162,91.95,2.76,245.1,40.3,10,"Hyderabad, India",Sector 6,Copernicus_GLO-30_v2023,Green,C,GratedInlet,ERA5,Very High
22.897953,72.606306,41.87,5.32,,41.3,2,"Ahmedabad, India",Sector 8,SRTM_1arc,Residential,C,CurbInlet,ERA5,Low
19.063252,72.850282,15.95,3.62,205.7,29.2,5,"Mumbai, India",Zone III,Copernicus_GLO-30_v2023,Green,D,CurbInlet,ERA5,Low
-33.896849,18.499685,8.14,6.45,88.2,49.3,10,"Cape Town, South Africa",Sector 22,Copernicus_GLO-90_v2022,Residential,C,CurbInlet,Blended,Low
-1.242107,36.812667,,,44.3,30.3,2,"Nairobi, Kenya",Borough Delta,SRTM_1arc,Commercial,B,CurbInlet,LocalGauge,Low
-33.96996,18.495431,166.51,7.84,30.4,22.9,5,"Cape Town, South Africa",District 28,Copernicus_GLO-30_v2023,Commercial,D,CurbInlet,IMD,Low
41.393543,2.131962,31.29,,53.2,31.4,10,"Barcelona, Spain",Ward K,SRTM_1arc,Residential,B,Manhole,IMD,Low
13.731776,100.509883,21.09,7.53,80.4,74.9,25,"Bangkok, Thailand",Sector 26,SRTM_3arc,Residential,,GratedInlet,ERA5,Low
37.556517,127.136495,4.49,6.63,14.5,29.4,2,"Seoul, South Korea",Zone V,Copernicus_GLO-90_v2022,Residential,C,OpenChannel,LocalGauge,High
19.469832,-99.133643,-3.0,6.88,94.3,22.1,2,"Mexico City, Mexico",Borough Old Town,Copernicus_GLO-30_v2023,Residential,B,CurbInlet,ERA5,High
19.510033,-99.120559,73.79,4.73,14.6,34.0,100,"Mexico City, Mexico",Sector 19,SRTM_1arc,Residential,,CurbInlet,ERA5,Low
31.189183,121.511178,-3.0,3.98,43.1,34.0,5,"Shanghai, China",District 26,SRTM_3arc,Residential,A,Manhole,IMD,High
28.541521,77.260555,62.59,7.0,282.0,38.2,100,"Delhi, India",Sector 6,SRTM_1arc,Green,,GratedInlet,LocalGauge,Low
38.834521,-77.080256,78.02,7.17,469.9,16.1,10,"Washington DC, USA",Ward K,Copernicus_GLO-30_v2023,Residential,D,OpenChannel,ERA5,Low
4.710353,-73.994234,149.35,6.85,71.5,28.7,25,"Bogotá, Colombia",District 16,SRTM_1arc,Residential,B,Manhole,ERA5,Low
23.827949,90.555143,68.73,2.28,72.5,60.9,50,"Dhaka, Bangladesh",Sector 6,Copernicus_GLO-30_v2023,Residential,C,CurbInlet,IMD,Moderate
37.511903,126.934704,3.85,,83.5,25.0,5,"Seoul, South Korea",Zone IX,Copernicus_GLO-30_v2023,Roads,D,CurbInlet,ERA5,High
34.664879,135.588003,60.36,8.65,46.3,24.7,25,"Osaka, Japan",Sector 5,SRTM_1arc,Residential,C,GratedInlet,LocalGauge,Low
-1.272552,36.839748,67.54,3.99,383.2,30.5,5,"Nairobi, Kenya",Borough Harbor,Copernicus_GLO-90_v2022,Residential,,OpenChannel,,Low
-36.806697,174.84902,67.38,2.98,18.8,16.2,2,"Auckland, New Zealand",District 5,Copernicus_EEA-10_v5,Residential,B,Manhole,ERA5,Moderate
7.06202,79.839137,-3.0,5.23,88.0,91.4,10,"Colombo, Sri Lanka",Sector 15,Copernicus_GLO-30_v2023,Roads,B,OpenChannel,ERA5,High
19.521565,-99.182136,54.14,3.79,50.3,32.2,5,"Mexico City, Mexico",Sector 26,Copernicus_EEA-10_v5,Residential,A,CurbInlet,,Low
51.561097,-0.163665,46.1,,127.9,41.8,2,"London, UK",Ward A,Copernicus_EEA-10_v5,Commercial,A,Manhole,ERA5,Low
25.217375,55.21513,,8.77,30.0,8.8,25,"Dubai, UAE",Ward E,Copernicus_GLO-30_v2023,Residential,C,CurbInlet,ERA5,Low
25.067548,121.586524,55.49,7.24,7.6,19.5,25,"Taipei, Taiwan",Zone II,SRTM_1arc,Commercial,B,GratedInlet,ERA5,Low
37.783743,-122.39362,30.08,6.25,68.1,29.5,5,"San Francisco, USA",District 10,SRTM_3arc,Commercial,A,Manhole,ERA5,Low
49.380721,-123.137158,4.44,10.36,146.6,69.6,10,"Vancouver, Canada",Zone VI,Copernicus_GLO-30_v2023,Roads,A,Manhole,ERA5,High
35.71595,139.671483,54.31,8.66,86.8,39.3,2,"Tokyo, Japan",Zone VII,SRTM_1arc,Roads,B,GratedInlet,LocalGauge,Low
1.432169,103.680954,32.55,4.33,238.8,52.8,5,"Singapore, Singapore",District 24,Copernicus_GLO-30_v2023,Roads,,OpenChannel,Blended,Low
7.013326,79.848604,19.24,,93.0,93.6,100,"Colombo, Sri Lanka",District 6,Copernicus_EEA-10_v5,Mixed,A,CurbInlet,LocalGauge,Moderate
29.694318,-95.276415,81.67,9.33,114.4,46.2,10,"Houston, USA",Borough Central,SRTM_1arc,Industrial,C,GratedInlet,,Low
23.760779,90.489076,51.0,2.23,286.8,89.6,25,"Dhaka, Bangladesh",Sector 13,Copernicus_EEA-10_v5,Green,B,Manhole,ERA5,Very High
22.351501,114.125928,0.83,5.63,11.4,52.3,2,"Hong Kong, China",Zone VI,SRTM_3arc,Mixed,B,GratedInlet,LocalGauge,High
23.750655,90.454083,21.53,4.81,38.8,121.6,10,"Dhaka, Bangladesh",Sector 14,SRTM_1arc,Residential,C,CurbInlet,,Moderate
29.873963,-90.106716,26.95,,128.9,30.8,5,"New Orleans, USA",Ward F,SRTM_3arc,Roads,C,CurbInlet,LocalGauge,Low
13.331655,80.401479,19.0,5.81,556.3,71.0,25,"Chennai, India",Sector 23,SRTM_1arc,Residential,B,OpenChannel,ERA5,Low
10.688585,106.681598,29.08,9.61,7.4,105.1,50,"Ho Chi Minh City, Vietnam",Sector 26,Copernicus_GLO-90_v2022,Industrial,B,CurbInlet,Blended,Moderate
19.435885,-99.093449,55.05,5.24,82.2,18.8,2,"Mexico City, Mexico",Borough Hillside,Copernicus_GLO-30_v2023,Industrial,B,CurbInlet,ERA5,Low
41.410612,2.041829,-0.04,6.0,60.6,26.9,2,"Barcelona, Spain",Sector 5,Copernicus_GLO-90_v2022,Commercial,B,CurbInlet,Blended,High
-12.042956,-76.968145,67.12,3.38,93.6,33.3,2,"Lima, Peru",District 16,Copernicus_GLO-30_v2023,Residential,A,Manhole,LocalGauge,Low
23.166031,72.526356,-3.0,7.19,456.0,33.7,2,"Ahmedabad, India",Zone VII,SRTM_3arc,Commercial,A,,ERA5,High
-34.520987,-58.382783,30.67,6.23,751.7,16.0,50,"Buenos Aires, Argentina",Zone I,SRTM_1arc,Commercial,B,,,Low
22.533176,88.221921,59.16,5.29,194.0,40.5,5,"Kolkata, India",Sector 4,SRTM_3arc,Mixed,C,OpenChannel,IMD,Low
5.593875,-0.204516,6.07,3.11,48.8,129.5,100,"Accra, Ghana",Ward E,SRTM_1arc,Residential,,GratedInlet,IMD,High
1.428376,103.898851,,,36.2,45.8,25,"Singapore, Singapore",Borough Riverside,Copernicus_EEA-10_v5,Residential,B,GratedInlet,Blended,Low
39.906391,-75.081549,65.66,3.48,246.1,48.6,10,"Philadelphia, USA",Borough Riverside,SRTM_3arc,Water,A,GratedInlet,LocalGauge,Low
-33.818217,151.202654,-3.0,3.29,44.2,56.2,25,"Sydney, Australia",Sector 17,SRTM_1arc,Residential,C,Manhole,ERA5,High
19.318091,-99.020897,28.06,3.59,100.6,61.3,10,"Mexico City, Mexico",Borough Old Town,Copernicus_GLO-30_v2023,Green,D,Manhole,ERA5,Low
18.485636,73.834072,41.35,4.38,97.6,60.5,100,"Pune, India",Sector 19,Copernicus_GLO-30_v2023,Residential,D,GratedInlet,,Low
45.536632,-73.453494,81.28,9.1,102.7,25.9,5,"Montreal, Canada",Sector 22,Copernicus_GLO-30_v2023,Commercial,D,GratedInlet,Blended,Low
41.371003,2.131939,-3.0,8.24,52.5,25.8,5,"Barcelona, Spain",Sector 22,SRTM_3arc,Industrial,C,CurbInlet,ERA5,High
-34.620373,-58.331391,-3.0,6.26,109.0,16.2,2,"Buenos Aires, Argentina",Borough North,Copernicus_GLO-30_v2023,Residential,C,CurbInlet,Blended,High
-23.037395,-43.121518,,3.56,174.9,76.3,100,"Rio de Janeiro, Brazil",Zone IX,Copernicus_EEA-10_v5,Residential,B,Manhole,ERA5,Low
13.045491,80.24032,16.48,3.88,72.0,123.3,100,"Chennai, India",Ward D,Copernicus_GLO-90_v2022,Residential,C,CurbInlet,Blended,Very High
49.2769,-123.055603,4.04,3.23,195.3,27.5,2,"Vancouver, Canada",Ward I,Copernicus_EEA-10_v5,Green,C,Manhole,,High
12.959208,77.511303,20.09,5.68,33.4,18.4,50,"Bengaluru, India",Ward H,Copernicus_GLO-90_v2022,Residential,C,Manhole,IMD,Low
19.373213,-99.064587,19.58,5.04,,77.5,100,"Mexico City, Mexico",District 3,SRTM_1arc,Institutional,D,Manhole,Blended,Low
40.672767,-74.003531,105.39,4.28,127.1,64.2,5,"New York, USA",Zone IX,Copernicus_GLO-30_v2023,Water,D,CurbInlet,IMD,Low
45.526889,-73.657444,35.51,4.48,68.4,19.2,2,"Montreal, Canada",Sector 16,Copernicus_GLO-30_v2023,Industrial,A,GratedInlet,ERA5,Low
25.811514,-80.368188,16.95,5.89,349.4,77.2,10,"Miami, USA",District 27,Copernicus_EEA-10_v5,Institutional,,OpenChannel,ERA5,Low
37.804065,-122.549128,146.46,7.88,,77.7,10,"San Francisco, USA",Ward G,Copernicus_GLO-90_v2022,Residential,A,OpenChannel,LocalGauge,Low
-11.882963,-77.014557,3.64,5.46,171.6,39.3,5,"Lima, Peru",District 11,Copernicus_GLO-30_v2023,Commercial,B,OpenChannel,ERA5,High
1.334209,103.837504,27.02,9.21,114.3,87.9,50,"Singapore, Singapore",District 16,SRTM_3arc,Industrial,A,CurbInlet,IMD,Moderate
19.155942,72.792529,1.95,4.79,93.5,76.2,10,"Mumbai, India",Borough Harbor,Copernicus_GLO-30_v2023,Commercial,C,OpenChannel,IMD,Very High
37.600544,126.888601,51.2,8.09,273.4,31.0,5,"Seoul, South Korea",Zone VIII,SRTM_3arc,Green,A,OpenChannel,IMD,Low
18.403788,73.902711,,3.95,34.3,25.4,2,"Pune, India",District 4,Copernicus_GLO-90_v2022,Residential,C,CurbInlet,ERA5,Low
-6.277205,106.784594,8.61,10.95,25.9,100.7,100,"Jakarta, Indonesia",District 24,Copernicus_GLO-30_v2023,Roads,B,GratedInlet,LocalGauge,Moderate
17.500117,78.478042,46.77,7.73,157.2,19.1,25,"Hyderabad, India",District 17,SRTM_3arc,Commercial,A,CurbInlet,Blended,Low
38.823015,-77.035041,95.27,4.65,257.8,14.1,5,"Washington DC, USA",District 3,SRTM_1arc,Green,B,,ERA5,Low
-22.847881,-42.994528,11.14,5.99,69.2,67.1,5,"Rio de Janeiro, Brazil",District 19,Copernicus_EEA-10_v5,Residential,D,CurbInlet,ERA5,Low
29.947837,-90.038943,7.98,7.67,120.5,53.4,50,"New Orleans, USA",Borough West,Copernicus_GLO-30_v2023,Residential,D,OpenChannel,ERA5,High
19.16408,72.873119,18.26,7.29,28.1,77.6,50,"Mumbai, India",Borough North,Copernicus_EEA-10_v5,Roads,D,CurbInlet,,Low
51.83093,4.54564,17.8,4.96,212.8,56.2,5,"Rotterdam, Netherlands",Zone VII,SRTM_1arc,Green,C,CurbInlet,IMD,Low
-1.297923,36.87853,50.63,6.3,76.3,24.1,5,"Nairobi, Kenya",Zone X,Copernicus_GLO-30_v2023,Roads,B,Manhole,ERA5,Low
45.47141,-73.582564,51.3,8.45,88.8,22.0,2,"Montreal, Canada",Sector 14,Copernicus_GLO-30_v2023,Industrial,D,Manhole,ERA5,Low
18.421024,73.639976,56.46,7.89,100.9,9.7,5,"Pune, India",Sector 8,SRTM_1arc,Residential,D,Manhole,LocalGauge,Low
6.661274,3.449798,-2.22,7.68,98.5,94.4,2,"Lagos, Nigeria",Ward H,Copernicus_EEA-10_v5,Residential,,Manhole,ERA5,High
22.633762,88.454745,-3.0,5.05,8.8,27.8,50,"Kolkata, India",Zone VIII,Copernicus_EEA-10_v5,Roads,C,GratedInlet,ERA5,High
19.229836,-99.131476,23.08,8.51,84.8,53.9,5,"Mexico City, Mexico",District 29,Copernicus_GLO-30_v2023,Roads,D,CurbInlet,IMD,Low
29.971333,-90.089094,5.97,7.69,23.3,16.5,50,"New Orleans, USA",Zone VIII,SRTM_3arc,Industrial,C,GratedInlet,Blended,High
-36.787295,174.825867,28.8,2.92,18.1,16.6,2,"Auckland, New Zealand",Zone V,Copernicus_GLO-90_v2022,Residential,B,CurbInlet,LocalGauge,Very High
40.014546,-75.182815,29.12,10.81,410.7,13.1,100,"Philadelphia, USA",Ward J,SRTM_3arc,Industrial,B,OpenChannel,LocalGauge,Low
39.993009,-75.14022,28.33,,306.0,12.4,10,"Philadelphia, USA",District 11,SRTM_1arc,Green,B,CurbInlet,ERA5,Low
-27.533231,153.07808,2.44,10.86,23.3,42.4,50,"Brisbane, Australia",Sector 8,SRTM_3arc,Commercial,C,GratedInlet,LocalGauge,High
13.749231,100.516898,7.31,,73.5,140.1,100,"Bangkok, Thailand",Ward E,SRTM_3arc,Industrial,D,CurbInlet,ERA5,High
51.505878,-0.095656,84.1,7.93,132.4,28.6,25,"London, UK",Sector 12,SRTM_3arc,Roads,A,Manhole,IMD,Low
38.86408,-77.020537,110.13,6.58,117.3,31.7,10,"Washington DC, USA",Borough West,Copernicus_GLO-30_v2023,Residential,B,CurbInlet,ERA5,Low
13.067448,77.574496,51.11,4.95,22.1,54.2,10,"Bengaluru, India",Borough Hillside,Copernicus_GLO-30_v2023,Institutional,C,CurbInlet,IMD,Low
6.522605,3.405811,19.19,8.02,8.7,55.7,50,"Lagos, Nigeria",Sector 18,SRTM_1arc,Residential,B,CurbInlet,ERA5,Low
35.807749,51.459159,51.23,3.95,58.7,38.2,50,"Tehran, Iran",District 25,SRTM_1arc,Green,B,CurbInlet,LocalGauge,Low
25.693,-80.296988,9.24,7.59,21.3,79.8,50,"Miami, USA",Sector 17,Copernicus_EEA-10_v5,Green,C,Manhole,ERA5,Low
41.397694,2.217602,13.04,3.05,311.2,47.4,25,"Barcelona, Spain",Ward G,Copernicus_GLO-30_v2023,Water,D,GratedInlet,ERA5,Low
52.282612,4.828149,7.53,7.5,7.5,20.9,5,"Amsterdam, Netherlands",Ward G,SRTM_1arc,Mixed,A,CurbInlet,IMD,High
40.783956,-73.976593,74.42,7.07,,44.7,5,"New York, USA",Zone IX,Copernicus_GLO-30_v2023,Residential,A,Manhole,IMD,Low
55.602411,12.505045,10.38,,,25.0,10,"Copenhagen, Denmark",Ward F,SRTM_1arc,Residential,C,CurbInlet,,Low
-23.588078,-46.627541,-3.0,4.35,44.3,32.9,2,"Sao Paulo, Brazil",Sector 9,Copernicus_EEA-10_v5,Industrial,,GratedInlet,ERA5,Very High
41.393959,2.143102,7.71,6.32,47.9,41.1,2,"Barcelona, Spain",Zone IX,SRTM_3arc,Residential,A,GratedInlet,ERA5,High
51.448464,-0.212598,84.84,5.85,101.8,17.0,2,"London, UK",Sector 11,Copernicus_GLO-30_v2023,Roads,C,GratedInlet,ERA5,Low
37.50419,126.944613,77.66,8.72,,32.1,5,"Seoul, South Korea",Zone I,SRTM_1arc,Commercial,B,Manhole,LocalGauge,Low
41.398164,2.126905,19.63,6.54,0.6,20.3,50,"Barcelona, Spain",Borough Harbor,Copernicus_GLO-90_v2022,Green,A,OpenChannel,LocalGauge,Low
12.976138,77.611628,57.09,6.22,,32.8,10,"Bengaluru, India",Borough Central,SRTM_3arc,Residential,C,Manhole,ERA5,Low
6.514979,3.33293,15.82,5.28,83.7,65.3,5,"Lagos, Nigeria",District 18,Copernicus_GLO-90_v2022,Industrial,A,GratedInlet,ERA5,Low
39.017167,-77.07019,78.09,7.43,131.7,58.7,10,"Washington DC, USA",Sector 3,Copernicus_EEA-10_v5,Residential,C,Manhole,LocalGauge,Low
-29.946583,30.979814,6.97,2.36,176.2,69.6,25,"Durban, South Africa",Zone VIII,SRTM_3arc,Green,B,CurbInlet,,High
41.34335,2.170248,2.98,3.3,267.0,27.8,10,"Barcelona, Spain",District 28,Copernicus_GLO-30_v2023,Institutional,C,Manhole,Blended,High
12.944588,77.604846,46.7,5.53,127.1,53.2,5,"Bengaluru, India",Borough East,SRTM_1arc,Residential,D,Manhole,IMD,Low
38.028353,23.846257,-3.0,2.07,308.9,25.9,5,"Athens, Greece",Zone X,SRTM_1arc,Green,,GratedInlet,Blended,Very High
49.148624,-123.235374,11.45,6.04,4.0,30.1,5,"Vancouver, Canada",Borough East,Copernicus_EEA-10_v5,Residential,D,Manhole,ERA5,Low
-1.232109,36.804535,65.25,2.37,,30.5,5,"Nairobi, Kenya",Borough Delta,Copernicus_EEA-10_v5,Green,B,Manhole,ERA5,Moderate
35.65098,139.654258,51.89,2.16,204.0,77.9,5,"Tokyo, Japan",District 14,Copernicus_EEA-10_v5,Residential,B,GratedInlet,ERA5,Moderate
51.800469,4.458381,10.48,9.96,10.9,16.7,25,"Rotterdam, Netherlands",Borough Hillside,Copernicus_GLO-90_v2022,Commercial,,Manhole,ERA5,Low
24.85684,46.623439,37.7,8.41,,22.7,5,"Riyadh, Saudi Arabia",Zone VI,SRTM_3arc,Roads,,GratedInlet,LocalGauge,Low
37.816014,-122.536431,151.43,6.13,79.5,37.7,10,"San Francisco, USA",Ward E,SRTM_3arc,Roads,C,CurbInlet,ERA5,Low
29.847333,-95.439544,12.73,7.24,3.9,20.7,5,"Houston, USA",District 14,Copernicus_GLO-30_v2023,Commercial,,Manhole,ERA5,Low
41.119431,28.928282,43.21,2.53,528.1,34.1,2,"Istanbul, Türkiye",Zone VIII,Copernicus_GLO-30_v2023,Green,B,,IMD,Moderate
41.4486,2.283317,15.44,,172.7,42.7,5,"Barcelona, Spain",Sector 1,SRTM_3arc,Residential,D,OpenChannel,LocalGauge,Low
49.251723,-123.260832,15.51,7.18,30.2,13.5,2,"Vancouver, Canada",Borough West,Copernicus_GLO-30_v2023,Roads,C,CurbInlet,ERA5,Low
22.679786,114.159815,8.29,5.64,49.8,40.1,2,"Shenzhen, China",District 14,Copernicus_EEA-10_v5,Industrial,A,Manhole,,Low
38.033884,23.578047,48.85,4.28,53.3,27.8,2,"Athens, Greece",Zone VII,SRTM_3arc,Industrial,A,GratedInlet,LocalGauge,Low
6.452143,3.451479,10.75,4.2,88.8,150.0,25,"Lagos, Nigeria",Sector 14,Copernicus_EEA-10_v5,Commercial,D,CurbInlet,ERA5,Very High
28.642975,77.252889,115.03,5.94,38.1,35.3,50,"Delhi, India",District 3,SRTM_1arc,Roads,C,Manhole,,Low
3.268223,101.811036,-3.0,5.92,342.5,90.5,10,"Kuala Lumpur, Malaysia",Ward H,SRTM_1arc,Green,B,CurbInlet,ERA5,High
-11.921741,-77.057409,21.76,3.36,17.4,41.1,50,"Lima, Peru",Sector 1,SRTM_3arc,Roads,D,OpenChannel,ERA5,Low
24.744683,46.520647,-3.0,5.8,233.5,8.3,50,"Riyadh, Saudi Arabia",District 3,Copernicus_GLO-30_v2023,Commercial,D,OpenChannel,ERA5,High
22.43023,88.480132,62.88,10.9,312.1,29.0,5,"Kolkata, India",Zone I,SRTM_3arc,Industrial,,,,Low
-33.838687,151.308888,0.69,4.79,293.8,55.2,10,"Sydney, Australia",Sector 19,Copernicus_GLO-90_v2022,Green,A,OpenChannel,ERA5,High
13.113494,80.204258,12.63,4.56,122.3,105.8,25,"Chennai, India",Ward A,Copernicus_EEA-10_v5,Green,B,Manhole,ERA5,Moderate
29.94437,-90.053915,7.8,1.83,160.9,55.2,5,"New Orleans, USA",Ward C,SRTM_1arc,Green,A,GratedInlet,Blended,High
-27.419556,152.902017,65.19,4.56,,26.3,2,"Brisbane, Australia",Sector 9,Copernicus_GLO-30_v2023,Residential,B,GratedInlet,,Low
-34.559001,-58.336407,115.15,5.9,82.1,36.2,2,"Buenos Aires, Argentina",Zone II,Copernicus_GLO-30_v2023,Industrial,D,,ERA5,Low
13.69144,100.41412,-3.0,7.79,614.2,45.7,5,"Bangkok, Thailand",Ward G,SRTM_1arc,Roads,A,,ERA5,High
51.782672,4.526668,7.64,4.09,105.1,28.2,10,"Rotterdam, Netherlands",Borough North,SRTM_1arc,Commercial,A,Manhole,IMD,High
55.796699,12.555078,37.76,4.29,6.1,24.3,10,"Copenhagen, Denmark",Sector 20,Copernicus_GLO-30_v2023,Industrial,C,GratedInlet,,Low
-36.879021,174.741063,53.9,3.27,143.9,66.2,10,"Auckland, New Zealand",Ward G,Copernicus_GLO-30_v2023,Residential,C,CurbInlet,LocalGauge,Low
41.012371,28.958532,52.79,3.51,,46.5,5,"Istanbul, Türkiye",Zone V,Copernicus_GLO-30_v2023,Roads,B,GratedInlet,Blended,Low
23.762614,90.371019,88.93,8.38,162.7,61.9,10,"Dhaka, Bangladesh",Borough Central,Copernicus_GLO-30_v2023,Roads,,Manhole,LocalGauge,Low
40.025695,-75.205585,16.0,4.3,129.9,46.3,10,"Philadelphia, USA",Borough West,SRTM_1arc,Roads,,GratedInlet,LocalGauge,Low
24.911529,67.172185,55.01,4.83,124.1,47.1,50,"Karachi, Pakistan",Zone II,Copernicus_EEA-10_v5,Residential,C,CurbInlet,,Low
19.50178,-99.225414,77.49,,1.5,28.5,5,"Mexico City, Mexico",Sector 4,SRTM_3arc,Residential,,Manhole,ERA5,Low
52.399425,4.908386,11.84,9.25,64.4,30.6,100,"Amsterdam, Netherlands",Zone X,SRTM_1arc,Commercial,,Manhole,ERA5,Low
41.123456,28.889117,107.02,9.83,160.0,25.6,2,"Istanbul, Türkiye",Sector 13,Copernicus_GLO-30_v2023,Commercial,C,GratedInlet,Blended,Low
37.48406,126.900766,17.16,3.69,103.0,61.6,25,"Seoul, South Korea",Borough Central,SRTM_1arc,Roads,A,CurbInlet,LocalGauge,Low
-12.035297,-77.092359,61.91,7.0,373.4,28.2,25,"Lima, Peru",District 14,Copernicus_GLO-90_v2022,Industrial,C,,IMD,Low
41.884839,12.44155,40.91,7.3,92.2,19.0,2,"Rome, Italy",Ward K,Copernicus_GLO-30_v2023,Industrial,D,GratedInlet,ERA5,Low
24.653109,66.915227,,4.62,49.7,54.7,100,"Karachi, Pakistan",Sector 9,Copernicus_EEA-10_v5,Residential,B,Manhole,ERA5,Low
24.657116,46.606386,50.55,6.08,37.3,13.4,2,"Riyadh, Saudi Arabia",Sector 29,SRTM_1arc,Roads,C,Manhole,Blended,Low
-27.398254,153.121061,20.78,5.95,320.4,22.7,100,"Brisbane, Australia",District 18,Copernicus_GLO-30_v2023,Roads,,OpenChannel,ERA5,Low
40.000949,-75.257334,21.56,4.18,282.1,16.6,50,"Philadelphia, USA",Ward I,Copernicus_GLO-30_v2023,Green,C,CurbInlet,ERA5,Low
19.135957,72.897326,5.73,6.64,138.5,46.0,2,"Mumbai, India",Borough Delta,SRTM_1arc,Roads,B,OpenChannel,ERA5,High
-33.825432,18.476241,113.28,5.43,78.8,25.2,50,"Cape Town, South Africa",District 2,SRTM_1arc,Roads,D,CurbInlet,LocalGauge,Low
55.722272,12.540012,40.07,10.88,260.9,62.8,10,"Copenhagen, Denmark",Sector 4,Copernicus_EEA-10_v5,Roads,C,OpenChannel,IMD,Low
13.021981,80.245154,-3.0,3.86,146.1,61.5,10,"Chennai, India",District 6,SRTM_1arc,Residential,B,CurbInlet,ERA5,Very High
14.667464,120.930625,11.68,3.69,402.5,116.9,50,"Manila, Philippines",Sector 14,SRTM_1arc,Green,D,,ERA5,Very High
23.856682,90.461885,99.39,6.66,146.9,43.7,100,"Dhaka, Bangladesh",District 29,SRTM_3arc,Roads,A,GratedInlet,LocalGauge,Low
38.930413,-76.865026,96.57,10.24,140.7,44.3,10,"Washington DC, USA",Zone I,Copernicus_GLO-30_v2023,Roads,B,CurbInlet,LocalGauge,Low
25.800385,-80.128648,17.1,4.07,117.1,42.9,5,"Miami, USA",Sector 3,SRTM_1arc,Residential,B,Manhole,,Low
22.371143,114.152424,11.49,5.2,73.1,47.8,25,"Hong Kong, China",Borough East,Copernicus_GLO-90_v2022,Residential,C,GratedInlet,ERA5,Low
-34.587583,-58.38188,-3.0,8.83,98.7,68.6,25,"Buenos Aires, Argentina",Ward K,Copernicus_GLO-30_v2023,Industrial,C,OpenChannel,ERA5,Very High
14.61148,121.084784,14.04,3.76,159.4,59.3,10,"Manila, Philippines",Zone V,SRTM_1arc,Green,D,Manhole,Blended,Low
-33.862239,18.510836,221.63,3.48,162.9,19.9,2,"Cape Town, South Africa",Sector 23,SRTM_1arc,Green,B,OpenChannel,ERA5,Low
-23.517757,-46.665563,81.19,9.67,71.3,66.8,5,"Sao Paulo, Brazil",Sector 25,SRTM_3arc,Industrial,B,CurbInlet,ERA5,Low
23.770822,90.406331,-3.0,9.49,78.0,47.0,10,"Dhaka, Bangladesh",Borough Riverside,SRTM_1arc,Commercial,A,Manhole,LocalGauge,High
10.844813,106.584776,53.29,6.74,335.6,41.3,50,"Ho Chi Minh City, Vietnam",District 22,Copernicus_GLO-90_v2022,Commercial,D,,IMD,Low
23.015209,72.586834,5.94,4.72,191.8,18.8,50,"Ahmedabad, India",Borough Riverside,Copernicus_EEA-10_v5,Industrial,A,,ERA5,High
37.508342,127.021785,39.0,9.11,18.0,19.4,5,"Seoul, South Korea",District 20,SRTM_3arc,Industrial,B,CurbInlet,,Low
10.844343,106.678593,33.8,,58.4,38.5,2,"Ho Chi Minh City, Vietnam",Borough Riverside,Copernicus_GLO-30_v2023,Residential,C,CurbInlet,Blended,Low
35.697121,139.666878,96.48,3.59,20.8,38.3,2,"Tokyo, Japan",Zone III,SRTM_3arc,Residential,C,CurbInlet,ERA5,Low
52.084604,4.493236,3.79,4.15,124.4,35.1,5,"Rotterdam, Netherlands",Ward G,SRTM_1arc,Industrial,C,GratedInlet,ERA5,High
41.245247,2.10476,5.4,5.52,38.4,22.7,10,"Barcelona, Spain",District 25,SRTM_1arc,Residential,B,Manhole,ERA5,High
41.870543,12.328795,56.14,9.0,245.4,30.5,25,"Rome, Italy",Sector 4,Copernicus_GLO-30_v2023,Roads,C,OpenChannel,ERA5,Low
25.341679,51.416266,67.21,4.77,63.4,30.9,10,"Doha, Qatar",Borough Central,Copernicus_EEA-10_v5,Residential,C,Manhole,LocalGauge,Low
51.964541,4.440018,3.78,,350.6,41.4,5,"Rotterdam, Netherlands",Zone IX,SRTM_1arc,Green,C,GratedInlet,,High
14.575281,121.005397,-3.0,6.2,,46.1,2,"Manila, Philippines",District 14,Copernicus_GLO-90_v2022,Residential,A,CurbInlet,ERA5,High
13.125843,80.264888,,10.02,49.1,104.7,5,"Chennai, India",Zone IV,SRTM_3arc,Industrial,D,CurbInlet,ERA5,Very High
49.262389,-123.043046,16.1,6.98,33.2,26.9,10,"Vancouver, Canada",Sector 17,SRTM_3arc,Green,A,Manhole,,Low
-27.585299,153.022692,-3.0,8.61,203.7,37.6,2,"Brisbane, Australia",Borough Hillside,SRTM_1arc,Roads,D,CurbInlet,,Very High
17.49578,78.422704,42.14,5.94,,41.8,50,"Hyderabad, India",Sector 23,Copernicus_GLO-30_v2023,Commercial,C,Manhole,,Low
25.179043,55.318947,84.93,9.39,161.0,24.5,2,"Dubai, UAE",District 23,SRTM_3arc,Roads,A,CurbInlet,IMD,Low
-34.01394,18.444154,23.59,4.94,192.4,31.7,5,"Cape Town, South Africa",District 2,Copernicus_GLO-30_v2023,Residential,C,OpenChannel,Blended,Low
23.044635,72.497931,38.5,5.99,382.9,25.7,10,"Ahmedabad, India",Zone IV,Copernicus_GLO-30_v2023,Residential,C,OpenChannel,LocalGauge,Low
49.29266,-123.122796,12.62,8.19,48.8,23.1,25,"Vancouver, Canada",Sector 6,Copernicus_EEA-10_v5,Roads,,CurbInlet,ERA5,Low
-1.343593,36.961326,54.95,5.88,186.5,34.9,50,"Nairobi, Kenya",Borough South,SRTM_1arc,Residential,A,,LocalGauge,Low
19.398948,-99.085444,51.51,5.3,222.3,47.8,10,"Mexico City, Mexico",Sector 13,SRTM_1arc,Green,A,OpenChannel,,Low
12.997025,77.673815,22.26,9.55,39.9,30.2,100,"Bengaluru, India",District 18,SRTM_1arc,Commercial,C,CurbInlet,LocalGauge,Low
24.83752,46.612715,82.39,5.98,45.2,13.5,5,"Riyadh, Saudi Arabia",Zone III,Copernicus_GLO-90_v2022,Commercial,B,GratedInlet,Blended,Low
30.01675,-90.061069,12.13,7.46,9.4,27.9,50,"New Orleans, USA",Sector 15,SRTM_1arc,Industrial,D,Manhole,,Low
29.856911,-90.091856,22.91,4.32,55.7,50.5,10,"New Orleans, USA",Sector 23,SRTM_3arc,Residential,B,GratedInlet,ERA5,Low
-6.161354,106.786826,,5.32,92.9,90.6,10,"Jakarta, Indonesia",Zone V,Copernicus_EEA-10_v5,Roads,C,GratedInlet,ERA5,Moderate
-27.630363,152.946992,52.85,,95.6,21.7,25,"Brisbane, Australia",Ward J,Copernicus_EEA-10_v5,Roads,B,Manhole,ERA5,Low
-36.790625,174.671998,-3.0,5.57,,68.2,10,"Auckland, New Zealand",District 24,Copernicus_GLO-30_v2023,Residential,B,GratedInlet,LocalGauge,High
5.64871,-0.123407,19.7,5.76,260.2,86.5,50,"Accra, Ghana",Ward D,Copernicus_EEA-10_v5,Water,B,Manhole,ERA5,Moderate
-6.219765,106.813347,15.27,7.02,82.8,118.6,50,"Jakarta, Indonesia",Zone VI,SRTM_3arc,Industrial,B,CurbInlet,IMD,Moderate
25.179262,55.324771,33.57,5.79,105.2,17.0,5,"Dubai, UAE",Sector 5,Copernicus_EEA-10_v5,Residential,C,GratedInlet,ERA5,Low
3.215051,101.6995,29.95,6.95,54.2,31.9,50,"Kuala Lumpur, Malaysia",District 11,Copernicus_GLO-30_v2023,Industrial,A,GratedInlet,Blended,Low
-23.648512,-46.647881,,4.67,23.3,39.7,25,"Sao Paulo, Brazil",District 14,SRTM_3arc,Commercial,B,CurbInlet,IMD,Low
19.406808,-99.224417,34.8,5.88,,19.2,25,"Mexico City, Mexico",Borough Delta,Copernicus_GLO-30_v2023,Residential,D,GratedInlet,ERA5,Low
48.849946,2.302564,28.62,6.02,112.9,64.6,25,"Paris, France",Sector 12,Copernicus_EEA-10_v5,Residential,B,,LocalGauge,Low
19.387161,-99.211268,-3.0,10.48,98.8,48.4,50,"Mexico City, Mexico",Borough Harbor,Copernicus_GLO-30_v2023,Industrial,,Manhole,LocalGauge,High
14.603027,120.987074,13.84,8.49,65.5,79.6,5,"Manila, Philippines",District 8,Copernicus_GLO-30_v2023,Commercial,,GratedInlet,IMD,Low
35.614035,139.557341,-2.91,2.84,23.4,33.4,5,"Tokyo, Japan",District 2,Copernicus_GLO-30_v2023,Residential,A,Manhole,IMD,High
19.428049,-99.209168,69.84,7.73,64.7,30.1,2,"Mexico City, Mexico",Borough Delta,Copernicus_EEA-10_v5,Residential,,CurbInlet,IMD,Low
4.71733,-74.179593,47.77,4.51,324.0,37.4,5,"Bogotá, Colombia",Borough Harbor,SRTM_3arc,Commercial,B,OpenChannel,IMD,Low
-33.858642,18.407795,53.81,7.84,91.6,24.1,10,"Cape Town, South Africa",Borough Hillside,Copernicus_EEA-10_v5,Residential,C,GratedInlet,ERA5,Low
4.726781,-74.105088,124.78,,104.3,42.3,5,"Bogotá, Colombia",District 20,Copernicus_GLO-90_v2022,Residential,D,GratedInlet,ERA5,Low
39.937116,-75.279967,26.19,9.69,65.7,16.8,10,"Philadelphia, USA",Zone IX,Copernicus_GLO-90_v2022,Industrial,A,GratedInlet,Blended,Low
-29.900143,31.002225,38.72,2.71,145.3,20.6,5,"Durban, South Africa",District 15,Copernicus_GLO-30_v2023,Green,B,OpenChannel,ERA5,Moderate
19.090451,72.879029,13.08,10.48,35.2,103.2,10,"Mumbai, India",Sector 13,SRTM_1arc,Commercial,B,CurbInlet,ERA5,Moderate
25.707607,-80.284818,,7.36,,39.4,5,"Miami, USA",Borough North,Copernicus_EEA-10_v5,Residential,D,CurbInlet,Blended,Low
45.552662,-73.587886,-3.0,4.99,73.5,32.7,10,"Montreal, Canada",Borough West,Copernicus_EEA-10_v5,Roads,D,GratedInlet,ERA5,High
52.354225,4.966751,21.2,3.31,116.2,26.5,10,"Amsterdam, Netherlands",Ward I,Copernicus_GLO-90_v2022,Industrial,C,CurbInlet,IMD,Low
35.555876,139.676039,53.25,4.98,345.1,21.7,5,"Tokyo, Japan",District 17,SRTM_3arc,Roads,C,,IMD,Low
40.983225,29.027029,-3.0,4.86,179.0,22.4,10,"Istanbul, Türkiye",District 19,SRTM_1arc,Green,D,CurbInlet,LocalGauge,High
21.032627,105.818381,32.89,8.33,56.5,82.9,25,"Hanoi, Vietnam",Borough Old Town,Copernicus_EEA-10_v5,Roads,D,CurbInlet,Blended,Moderate
-34.573344,-58.423029,71.92,8.95,80.3,11.7,2,"Buenos Aires, Argentina",Zone III,Copernicus_GLO-90_v2022,Commercial,C,Manhole,Blended,Low
38.025192,23.594532,0.57,7.1,82.6,43.6,2,"Athens, Greece",Ward A,Copernicus_GLO-90_v2022,Mixed,D,CurbInlet,Blended,Very High
23.077116,113.164569,18.45,8.11,69.7,40.0,2,"Guangzhou, China",Zone V,Copernicus_GLO-30_v2023,Residential,D,CurbInlet,IMD,Low
13.714462,100.599855,11.45,7.5,284.6,61.6,2,"Bangkok, Thailand",Ward E,SRTM_1arc,Industrial,A,OpenChannel,ERA5,Low
-1.28514,36.89165,3.03,10.95,129.3,20.2,10,"Nairobi, Kenya",Borough West,Copernicus_GLO-90_v2022,Informal,D,OpenChannel,ERA5,High
41.353431,2.210294,23.04,9.95,65.2,66.4,5,"Barcelona, Spain",District 4,Copernicus_GLO-30_v2023,Roads,B,Manhole,Blended,Low
49.414537,-123.172791,14.84,4.13,63.4,37.9,2,"Vancouver, Canada",Sector 23,Copernicus_GLO-90_v2022,Residential,A,GratedInlet,LocalGauge,Low
23.123674,113.242171,32.0,6.92,17.6,49.7,5,"Guangzhou, China",Ward C,SRTM_3arc,Residential,C,Manhole,IMD,Low
17.414971,78.445944,17.06,5.66,,22.5,25,"Hyderabad, India",Zone IV,SRTM_1arc,Roads,D,GratedInlet,ERA5,Low
51.976994,4.404026,1.31,8.0,66.3,85.6,2,"Rotterdam, Netherlands",Zone I,SRTM_1arc,Roads,A,Manhole,ERA5,High
19.012414,73.004597,19.16,,,61.6,50,"Mumbai, India",Zone V,Copernicus_EEA-10_v5,Residential,B,OpenChannel,LocalGauge,Low
-22.888814,-43.235628,5.85,7.91,52.0,39.7,5,"Rio de Janeiro, Brazil",Zone V,Copernicus_GLO-30_v2023,Roads,,Manhole,IMD,High
41.966913,12.480707,78.15,7.49,63.4,46.1,5,"Rome, Italy",Zone VI,SRTM_1arc,Residential,D,CurbInlet,ERA5,Low
51.981314,4.463838,22.15,5.95,264.5,40.8,2,"Rotterdam, Netherlands",Borough East,SRTM_1arc,Water,D,OpenChannel,IMD,Low
24.805292,66.910294,21.6,7.83,46.2,31.3,10,"Karachi, Pakistan",Sector 23,SRTM_3arc,Roads,A,CurbInlet,,Low
18.433068,73.815346,56.79,3.89,131.2,28.2,2,"Pune, India",Zone VI,Copernicus_GLO-30_v2023,Green,B,CurbInlet,ERA5,Low
14.589462,121.012834,17.92,5.01,113.2,43.2,2,"Manila, Philippines",District 1,SRTM_3arc,Roads,B,Manhole,LocalGauge,Low
13.079066,80.226509,-3.0,4.78,2.7,58.7,5,"Chennai, India",District 7,Copernicus_GLO-30_v2023,Residential,C,OpenChannel,LocalGauge,Very High
24.863433,46.676966,55.21,7.7,,10.2,10,"Riyadh, Saudi Arabia",District 14,SRTM_3arc,Residential,C,Manhole,ERA5,Low
48.857643,2.337157,89.94,7.86,186.7,55.9,25,"Paris, France",Sector 17,SRTM_3arc,Institutional,C,OpenChannel,,Low
3.199504,101.748813,18.07,7.6,31.4,38.4,10,"Kuala Lumpur, Malaysia",Ward H,SRTM_3arc,Residential,,GratedInlet,ERA5,Low
-6.263213,106.99687,9.14,6.95,444.1,46.6,50,"Jakarta, Indonesia",Sector 8,Copernicus_GLO-30_v2023,Green,C,,Blended,Low
24.743011,67.009559,59.69,3.4,,42.8,2,"Karachi, Pakistan",District 30,Copernicus_EEA-10_v5,Green,C,CurbInlet,,Low
1.363706,103.834076,8.39,7.24,157.7,50.0,2,"Singapore, Singapore",District 4,Copernicus_GLO-30_v2023,Commercial,A,Manhole,ERA5,Low
25.752475,-80.112103,4.49,3.97,,103.8,50,"Miami, USA",Ward D,SRTM_1arc,Residential,C,CurbInlet,ERA5,High
25.261039,51.503632,67.6,5.35,139.1,13.6,5,"Doha, Qatar",District 15,Copernicus_EEA-10_v5,Residential,D,OpenChannel,ERA5,Low
39.8863,-75.228163,101.36,7.06,66.2,48.4,2,"Philadelphia, USA",Borough Riverside,SRTM_3arc,Residential,C,OpenChannel,Blended,Low
-29.85575,31.064617,-3.0,3.25,86.6,26.4,10,"Durban, South Africa",Zone V,SRTM_1arc,Residential,D,CurbInlet,IMD,Very High
40.706011,-73.973711,56.04,,75.4,25.6,5,"New York, USA",Ward D,Copernicus_GLO-30_v2023,Roads,B,GratedInlet,ERA5,Low
51.887277,4.491502,9.57,5.45,61.0,28.9,10,"Rotterdam, Netherlands",Sector 14,SRTM_3arc,Commercial,A,CurbInlet,ERA5,Low
49.273406,-122.946161,11.92,4.97,26.8,45.9,10,"Vancouver, Canada",District 26,Copernicus_EEA-10_v5,Residential,A,CurbInlet,ERA5,Low
-34.611733,-58.371467,55.55,,77.5,44.1,5,"Buenos Aires, Argentina",Ward H,SRTM_1arc,Industrial,,GratedInlet,LocalGauge,Low
52.018151,4.611293,11.83,4.11,139.4,35.0,2,"Rotterdam, Netherlands",Ward D,Copernicus_GLO-90_v2022,Green,B,Manhole,ERA5,Low
40.654663,-74.021046,87.5,5.07,115.8,38.1,50,"New York, USA",Zone III,Copernicus_EEA-10_v5,Residential,B,Manhole,Blended,Low
49.265586,-123.292949,9.66,5.94,23.8,67.4,10,"Vancouver, Canada",Zone III,Copernicus_GLO-30_v2023,Commercial,C,Manhole,ERA5,Low
18.396367,73.851769,,9.98,198.8,21.9,2,"Pune, India",Borough North,SRTM_1arc,Roads,B,GratedInlet,Blended,Low
35.810711,51.293965,47.38,3.46,128.2,30.9,5,"Tehran, Iran",Sector 24,SRTM_1arc,Residential,B,CurbInlet,LocalGauge,Low
-29.900187,31.052266,83.92,5.89,136.4,25.9,2,"Durban, South Africa",Ward H,SRTM_1arc,Industrial,C,CurbInlet,ERA5,Low
25.224333,55.267213,22.12,7.9,57.3,11.1,10,"Dubai, UAE",Zone X,Copernicus_GLO-30_v2023,Commercial,B,GratedInlet,ERA5,Low
28.632464,77.322625,25.79,7.58,,43.8,25,"Delhi, India",Sector 28,Copernicus_GLO-30_v2023,Residential,B,Manhole,ERA5,Low
14.632851,120.918205,-3.0,,81.1,122.1,100,"Manila, Philippines",Sector 21,SRTM_3arc,Roads,C,OpenChannel,,High
25.289752,55.336821,2.28,1.79,146.9,13.7,25,"Dubai, UAE",Zone X,Copernicus_EEA-10_v5,Water,B,GratedInlet,Blended,Very High
22.546913,114.226135,11.42,7.67,146.5,70.1,5,"Shenzhen, China",Sector 24,Copernicus_EEA-10_v5,Industrial,A,CurbInlet,ERA5,Low
1.280166,103.828157,10.83,4.63,92.4,62.3,50,"Singapore, Singapore",Ward J,Copernicus_EEA-10_v5,Commercial,A,GratedInlet,Blended,Low
14.537242,121.007069,10.81,4.85,239.5,128.1,10,"Manila, Philippines",Sector 15,Copernicus_EEA-10_v5,Green,,Manhole,LocalGauge,Very High
18.444194,73.862385,90.15,9.85,273.3,52.4,50,"Pune, India",District 20,SRTM_1arc,Roads,A,,ERA5,Low
49.278027,-123.092482,-1.6,9.24,79.9,40.9,2,"Vancouver, Canada",Zone III,Copernicus_EEA-10_v5,Roads,C,CurbInlet,ERA5,High
18.471644,73.905362,45.18,8.22,,20.5,50,"Pune, India",Sector 23,Copernicus_GLO-30_v2023,Industrial,B,CurbInlet,Blended,Low
25.079574,121.505348,38.52,6.54,23.4,32.9,100,"Taipei, Taiwan",Zone IV,SRTM_1arc,Residential,D,CurbInlet,LocalGauge,Low
-29.813757,30.815757,32.67,8.6,59.6,33.4,25,"Durban, South Africa",Zone VIII,Copernicus_GLO-90_v2022,Commercial,B,CurbInlet,LocalGauge,Low
25.7316,-80.217966,,3.1,304.4,81.8,25,"Miami, USA",Sector 21,SRTM_1arc,Green,A,CurbInlet,ERA5,Moderate
22.647537,88.291138,46.75,5.68,175.7,30.8,25,"Kolkata, India",Zone IX,SRTM_3arc,Roads,D,OpenChannel,ERA5,Low
37.911131,23.757674,47.14,5.24,179.9,25.5,10,"Athens, Greece",Sector 29,Copernicus_GLO-30_v2023,Green,B,GratedInlet,Blended,Low
-36.848344,174.75701,86.35,5.73,171.1,41.2,2,"Auckland, New Zealand",Ward E,Copernicus_GLO-30_v2023,Residential,C,GratedInlet,LocalGauge,Low
-33.873525,18.560059,5.74,5.2,205.7,49.5,100,"Cape Town, South Africa",Zone III,Copernicus_EEA-10_v5,Water,B,CurbInlet,ERA5,High
17.344686,78.557904,72.66,7.66,158.1,38.4,5,"Hyderabad, India",Sector 27,Copernicus_GLO-90_v2022,Green,C,Manhole,Blended,Low
10.852161,106.725977,24.77,3.98,94.4,103.5,50,"Ho Chi Minh City, Vietnam",Borough Central,Copernicus_GLO-90_v2022,Roads,B,CurbInlet,Blended,Moderate
29.950659,-90.132452,11.32,3.74,222.8,14.8,5,"New Orleans, USA",Borough Hillside,Copernicus_EEA-10_v5,Green,B,Manhole,ERA5,Low
17.55357,78.593907,44.83,,46.6,21.1,5,"Hyderabad, India",Zone III,Copernicus_EEA-10_v5,Commercial,A,Manhole,ERA5,Low
20.964967,105.797097,52.4,5.25,146.0,63.2,10,"Hanoi, Vietnam",District 1,SRTM_3arc,Green,D,CurbInlet,ERA5,Low
22.657544,114.01175,29.04,9.93,68.1,99.0,5,"Shenzhen, China",Sector 25,SRTM_1arc,Industrial,D,CurbInlet,ERA5,Moderate
49.28164,-123.023055,27.54,,115.8,27.7,25,"Vancouver, Canada",Sector 26,Copernicus_GLO-30_v2023,Residential,B,GratedInlet,LocalGauge,Low
49.271834,-123.153985,9.18,3.32,315.5,23.9,25,"Vancouver, Canada",Ward D,Copernicus_GLO-30_v2023,Informal,A,GratedInlet,,Low
40.66335,-73.92624,34.72,6.94,2.8,41.9,2,"New York, USA",Borough East,SRTM_3arc,Residential,B,GratedInlet,,Low
-6.220979,106.830298,-3.0,8.94,194.3,59.8,10,"Jakarta, Indonesia",Ward B,SRTM_1arc,Commercial,A,OpenChannel,ERA5,High
55.752492,12.564916,,5.55,139.0,16.3,2,"Copenhagen, Denmark",Zone III,SRTM_1arc,Green,A,CurbInlet,,Low
40.935012,29.092144,83.05,10.0,115.9,24.0,50,"Istanbul, Türkiye",District 23,Copernicus_GLO-90_v2022,Commercial,C,CurbInlet,LocalGauge,Low
39.924458,-75.214648,66.86,9.7,102.8,51.2,25,"Philadelphia, USA",Sector 12,Copernicus_EEA-10_v5,Commercial,B,OpenChannel,Blended,Low
49.317634,-123.108809,21.69,4.09,95.5,56.8,25,"Vancouver, Canada",District 6,SRTM_3arc,Residential,A,Manhole,,Low
18.987762,72.833014,8.11,3.43,9.8,95.3,50,"Mumbai, India",Ward D,SRTM_1arc,Residential,C,Manhole,Blended,Very High
21.025306,105.828029,100.93,4.55,,55.1,10,"Hanoi, Vietnam",District 27,Copernicus_GLO-30_v2023,Green,C,Manhole,ERA5,Low
53.514386,9.941728,2.42,3.15,353.4,18.8,2,"Hamburg, Germany",Zone I,SRTM_1arc,Green,C,Manhole,ERA5,High
31.275797,121.467354,12.69,6.87,,92.2,10,"Shanghai, China",Zone II,Copernicus_EEA-10_v5,Commercial,B,OpenChannel,ERA5,Moderate
14.674282,120.970119,13.29,6.59,4.6,38.8,5,"Manila, Philippines",Borough South,SRTM_3arc,Roads,B,CurbInlet,Blended,Low
35.703458,51.495002,48.39,4.68,50.4,45.3,25,"Tehran, Iran",District 22,Copernicus_EEA-10_v5,Residential,D,Manhole,ERA5,Low
3.193663,101.71214,74.92,6.26,34.1,40.5,2,"Kuala Lumpur, Malaysia",Ward E,SRTM_1arc,Residential,D,Manhole,LocalGauge,Low
35.596028,139.691305,17.06,3.84,303.4,30.0,2,"Tokyo, Japan",District 23,SRTM_3arc,Green,C,OpenChannel,ERA5,Low
19.439423,-99.155878,,8.79,53.9,22.3,10,"Mexico City, Mexico",Zone IV,SRTM_1arc,Roads,C,CurbInlet,ERA5,Low
-1.284704,36.837861,47.2,4.77,24.9,31.3,2,"Nairobi, Kenya",District 30,SRTM_3arc,Residential,B,CurbInlet,LocalGauge,Low
37.96037,23.786262,43.66,4.73,43.6,51.3,5,"Athens, Greece",Ward D,Copernicus_GLO-30_v2023,Institutional,C,OpenChannel,ERA5,Low
14.577747,120.971288,-3.0,7.06,305.5,50.2,50,"Manila, Philippines",District 25,Copernicus_GLO-30_v2023,Residential,A,OpenChannel,Blended,High
-12.037439,-76.940324,-3.0,9.09,43.8,32.8,5,"Lima, Peru",Borough Central,Copernicus_GLO-30_v2023,Industrial,A,CurbInlet,LocalGauge,High
22.749871,88.378939,70.6,2.57,58.8,33.1,5,"Kolkata, India",District 24,SRTM_1arc,Residential,D,CurbInlet,ERA5,Very High
37.973256,23.752313,75.23,7.62,20.5,66.3,5,"Athens, Greece",Borough Old Town,SRTM_3arc,Residential,B,GratedInlet,ERA5,Low
25.147178,55.34666,69.76,3.8,104.7,13.3,25,"Dubai, UAE",Borough Harbor,Copernicus_GLO-90_v2022,Commercial,A,CurbInlet,ERA5,Low
-1.325473,36.752709,57.42,3.13,229.2,55.2,100,"Nairobi, Kenya",Zone VII,Copernicus_EEA-10_v5,Institutional,C,OpenChannel,LocalGauge,Low
28.733684,77.224409,49.06,7.41,0.3,29.4,5,"Delhi, India",Borough Old Town,Copernicus_GLO-30_v2023,Roads,D,Manhole,ERA5,Low
13.070731,80.295652,0.6,7.79,43.6,117.9,50,"Chennai, India",Ward H,Copernicus_GLO-90_v2022,Residential,A,OpenChannel,ERA5,High
1.407323,103.779475,7.84,9.11,49.4,56.8,2,"Singapore, Singapore",District 11,Copernicus_EEA-10_v5,Industrial,C,Manhole,,High
22.625375,114.124214,,9.34,127.5,107.8,25,"Shenzhen, China",Borough Old Town,Copernicus_GLO-30_v2023,Roads,C,Manhole,ERA5,Moderate
25.180777,55.367484,,8.17,247.5,13.1,10,"Dubai, UAE",Zone VII,SRTM_1arc,Residential,A,,IMD,Low
4.717888,-74.116387,110.57,5.08,36.2,54.7,50,"Bogotá, Colombia",District 22,Copernicus_GLO-90_v2022,Industrial,B,Manhole,Blended,Low
28.617247,77.109779,69.68,9.54,16.7,30.9,10,"Delhi, India",Borough East,Copernicus_EEA-10_v5,Commercial,A,Manhole,LocalGauge,Low
40.718008,-74.039586,11.78,11.07,205.2,35.1,2,"New York, USA",Zone VIII,Copernicus_EEA-10_v5,Commercial,C,OpenChannel,ERA5,Low
45.481854,-73.58664,,6.22,77.9,50.3,100,"Montreal, Canada",Sector 20,Copernicus_GLO-30_v2023,Industrial,B,CurbInlet,Blended,Low
41.498312,2.187095,1.34,5.24,91.6,18.8,10,"Barcelona, Spain",Zone IX,SRTM_3arc,Roads,D,GratedInlet,IMD,High
-36.842567,174.835616,15.03,9.13,82.4,20.8,10,"Auckland, New Zealand",District 17,Copernicus_GLO-30_v2023,Roads,D,CurbInlet,ERA5,Low
41.856548,12.609637,-3.0,6.28,72.5,17.6,2,"Rome, Italy",Sector 24,SRTM_1arc,Roads,C,Manhole,ERA5,High
38.926672,-76.991597,57.56,7.61,158.1,33.8,2,"Washington DC, USA",Borough Delta,SRTM_1arc,Roads,A,GratedInlet,ERA5,Low
18.550031,73.861598,49.34,7.17,24.4,17.8,25,"Pune, India",Zone X,SRTM_3arc,Industrial,D,Manhole,LocalGauge,Low
25.36351,51.3671,42.73,7.71,45.9,27.7,5,"Doha, Qatar",Borough Central,Copernicus_GLO-30_v2023,Industrial,C,Manhole,ERA5,Low
-27.441952,153.104409,54.15,7.65,83.9,36.2,50,"Brisbane, Australia",District 25,Copernicus_GLO-90_v2022,Roads,B,Manhole,ERA5,Low
41.85157,12.479182,72.52,4.97,428.7,28.5,5,"Rome, Italy",Sector 2,Copernicus_GLO-30_v2023,Green,C,OpenChannel,ERA5,Low
41.022895,28.899002,77.38,5.83,19.2,44.5,25,"Istanbul, Türkiye",District 7,SRTM_1arc,Commercial,A,OpenChannel,ERA5,Low
55.708036,12.591504,86.42,,7.2,37.0,50,"Copenhagen, Denmark",Sector 13,Copernicus_GLO-90_v2022,Residential,C,GratedInlet,LocalGauge,Low
40.696834,-73.96006,56.24,8.81,112.5,18.8,25,"New York, USA",Zone X,Copernicus_GLO-90_v2022,Industrial,D,Manhole,ERA5,Low
29.903257,-89.96409,32.19,2.2,177.0,48.0,5,"New Orleans, USA",Zone V,SRTM_3arc,Green,A,Manhole,Blended,Very High
14.688305,120.911848,17.91,3.61,122.8,46.3,5,"Manila, Philippines",Sector 20,SRTM_1arc,Roads,B,Manhole,ERA5,Low
55.637386,12.463057,-3.0,9.7,254.9,12.8,50,"Copenhagen, Denmark",Sector 20,SRTM_3arc,Commercial,B,OpenChannel,IMD,High
29.995263,-90.028266,19.84,8.28,224.0,32.3,5,"New Orleans, USA",Borough East,Copernicus_GLO-30_v2023,Industrial,D,OpenChannel,,Low
19.30931,-99.057294,71.25,3.12,63.9,32.5,25,"Mexico City, Mexico",District 28,SRTM_1arc,Residential,,Manhole,LocalGauge,Low
29.965805,-90.105716,10.38,5.88,27.1,20.4,10,"New Orleans, USA",Sector 19,Copernicus_EEA-10_v5,Roads,,GratedInlet,Blended,Low
14.606749,120.950813,14.89,5.54,,145.5,50,"Manila, Philippines",Ward K,Copernicus_GLO-30_v2023,Residential,B,CurbInlet,ERA5,Moderate
41.911641,12.575634,19.29,5.01,89.2,24.9,10,"Rome, Italy",Zone VIII,Copernicus_GLO-30_v2023,Residential,D,GratedInlet,Blended,Low
22.566326,114.00883,10.34,8.36,1.9,32.4,2,"Shenzhen, China",Ward I,Copernicus_GLO-30_v2023,Commercial,,Manhole,LocalGauge,Low
24.969632,121.450999,18.76,5.83,,51.7,5,"Taipei, Taiwan",Sector 20,SRTM_3arc,Commercial,B,Manhole,ERA5,Low
28.699304,77.201017,20.67,,364.8,16.9,100,"Delhi, India",Borough South,SRTM_1arc,Green,,OpenChannel,IMD,Low
37.563452,126.868098,43.54,4.24,205.6,25.8,2,"Seoul, South Korea",Zone X,Copernicus_EEA-10_v5,Green,C,CurbInlet,ERA5,Low
45.538737,-73.618238,63.01,2.66,157.5,36.7,25,"Montreal, Canada",Ward D,Copernicus_EEA-10_v5,Residential,D,GratedInlet,LocalGauge,Very High
-27.617391,153.023557,72.35,4.12,150.6,38.7,5,"Brisbane, Australia",Sector 19,Copernicus_GLO-90_v2022,Commercial,,Manhole,ERA5,Low
22.533959,114.096474,28.68,6.51,15.1,56.7,10,"Shenzhen, China",Borough East,SRTM_3arc,Residential,A,CurbInlet,Blended,Low
-33.997565,18.392941,49.16,,51.5,15.4,2,"Cape Town, South Africa",Ward F,Copernicus_GLO-90_v2022,Residential,D,,Blended,Low
-36.853111,174.846858,55.12,,12.7,12.9,2,"Auckland, New Zealand",Ward J,Copernicus_EEA-10_v5,Residential,D,CurbInlet,Blended,Low
13.044283,80.199049,15.3,5.29,277.1,78.9,25,"Chennai, India",Ward G,Copernicus_GLO-30_v2023,Green,A,CurbInlet,Blended,Low
14.822936,120.967162,-0.71,5.56,27.3,62.6,10,"Manila, Philippines",District 1,Copernicus_GLO-30_v2023,Residential,B,Manhole,ERA5,Very High
24.827221,67.138961,,3.81,10.2,49.8,10,"Karachi, Pakistan",Zone IX,Copernicus_EEA-10_v5,Commercial,B,GratedInlet,IMD,Low
41.81193,12.49272,62.61,5.63,105.6,43.8,25,"Rome, Italy",Borough Delta,Copernicus_EEA-10_v5,Roads,D,Manhole,,Low
3.218409,101.70542,50.93,3.1,61.0,118.3,5,"Kuala Lumpur, Malaysia",District 18,Copernicus_EEA-10_v5,Residential,B,Manhole,LocalGauge,Moderate
-36.844023,174.720016,-3.0,10.18,66.7,33.5,2,"Auckland, New Zealand",District 4,Copernicus_GLO-30_v2023,Commercial,A,Manhole,LocalGauge,High
28.633431,77.187809,139.09,6.4,114.5,20.2,100,"Delhi, India",Sector 2,SRTM_3arc,Industrial,A,GratedInlet,IMD,Low
-27.507652,152.908336,90.85,7.36,12.4,51.1,2,"Brisbane, Australia",Ward F,SRTM_3arc,Residential,,GratedInlet,ERA5,Low
23.115824,72.634627,0.56,4.81,,58.8,5,"Ahmedabad, India",Sector 15,Copernicus_GLO-30_v2023,Residential,C,CurbInlet,LocalGauge,High
6.997182,79.833708,7.91,,26.2,29.2,25,"Colombo, Sri Lanka",Borough Harbor,SRTM_3arc,Green,A,OpenChannel,LocalGauge,High
37.838897,-122.422256,136.89,1.4,156.3,63.1,2,"San Francisco, USA",Sector 29,SRTM_1arc,Water,D,OpenChannel,ERA5,Very High
6.522778,3.314364,13.99,5.49,46.4,59.1,5,"Lagos, Nigeria",District 4,Copernicus_GLO-30_v2023,Industrial,A,GratedInlet,,Low
40.522257,-74.015079,82.81,6.99,205.9,48.9,10,"New York, USA",Ward J,SRTM_1arc,Commercial,D,OpenChannel,IMD,Low
41.016583,28.943572,-3.0,9.67,,39.3,10,"Istanbul, Türkiye",Sector 27,SRTM_3arc,Commercial,,OpenChannel,ERA5,High
-33.836949,151.27067,6.35,7.09,,18.8,5,"Sydney, Australia",District 5,SRTM_1arc,Residential,D,Manhole,ERA5,High
-36.811232,174.763513,67.63,5.29,,44.6,10,"Auckland, New Zealand",Borough North,Copernicus_GLO-30_v2023,Industrial,,GratedInlet,ERA5,Low
40.994182,29.001332,87.31,,80.6,53.6,25,"Istanbul, Türkiye",Sector 5,SRTM_1arc,Roads,,CurbInlet,,Low
19.378011,-99.162304,-3.0,7.33,,41.3,2,"Mexico City, Mexico",Sector 18,SRTM_1arc,Roads,C,Manhole,ERA5,High
22.583611,88.348279,52.13,5.67,20.7,48.0,2,"Kolkata, India",Ward I,SRTM_3arc,Institutional,B,CurbInlet,,Low
19.122359,72.851145,7.75,,,60.9,5,"Mumbai, India",Borough Central,SRTM_3arc,Residential,A,GratedInlet,ERA5,High
23.787636,90.318316,36.13,4.39,186.2,35.9,2,"Dhaka, Bangladesh",Borough West,SRTM_1arc,Green,A,CurbInlet,Blended,Low
39.042299,-77.024956,-3.0,2.45,432.1,16.8,5,"Washington DC, USA",Borough Central,Copernicus_GLO-90_v2022,Residential,B,,Blended,High
4.695238,-74.196858,44.41,6.53,,56.3,5,"Bogotá, Colombia",Sector 1,SRTM_1arc,Commercial,B,OpenChannel,Blended,Low
-36.774273,174.803967,23.44,7.26,267.1,73.7,5,"Auckland, New Zealand",Sector 15,Copernicus_EEA-10_v5,Industrial,B,OpenChannel,,Low
24.963957,66.985398,,9.7,,25.2,25,"Karachi, Pakistan",Ward A,Copernicus_EEA-10_v5,Mixed,B,GratedInlet,,Low
14.675823,120.946278,15.34,6.21,116.5,63.6,5,"Manila, Philippines",District 29,SRTM_3arc,Roads,A,GratedInlet,,Low
-27.507544,153.069348,62.47,6.27,380.5,18.8,2,"Brisbane, Australia",Sector 26,SRTM_3arc,Institutional,D,Manhole,ERA5,Low
5.560207,-0.252295,-3.0,4.29,74.1,66.1,25,"Accra, Ghana",Sector 4,SRTM_1arc,Residential,B,GratedInlet,,High
48.88787,2.25333,40.5,,128.8,26.3,10,"Paris, France",Sector 8,SRTM_1arc,Green,,,ERA5,Low
25.049711,121.54844,80.96,7.21,83.9,54.3,5,"Taipei, Taiwan",Zone VI,Copernicus_GLO-30_v2023,Commercial,D,Manhole,ERA5,Low
25.021944,121.578472,72.7,6.02,,41.8,2,"Taipei, Taiwan",District 28,Copernicus_GLO-90_v2022,Industrial,,GratedInlet,ERA5,Low
22.334683,114.229712,0.14,4.98,65.0,117.4,50,"Hong Kong, China",District 21,SRTM_3arc,Industrial,,Manhole,LocalGauge,High
41.391097,2.191819,-3.0,6.94,23.5,30.1,25,"Barcelona, Spain",Zone IV,Copernicus_GLO-90_v2022,Mixed,C,GratedInlet,,High
19.457372,-99.22434,,6.12,32.9,24.1,2,"Mexico City, Mexico",Ward E,Copernicus_GLO-30_v2023,Residential,A,CurbInlet,ERA5,Low
34.675014,135.503691,11.75,,,49.2,50,"Osaka, Japan",District 17,Copernicus_GLO-30_v2023,Mixed,D,CurbInlet,ERA5,Low
25.15442,55.204265,88.08,3.21,35.6,16.2,5,"Dubai, UAE",Sector 26,SRTM_1arc,Residential,A,Manhole,IMD,Low
55.729662,12.540288,55.18,5.52,,15.3,25,"Copenhagen, Denmark",Ward F,SRTM_1arc,Residential,D,GratedInlet,ERA5,Low
25.281606,51.617506,35.13,,31.6,8.4,10,"Doha, Qatar",District 18,SRTM_1arc,Industrial,D,Manhole,Blended,Low
49.20617,-123.112924,-0.96,7.89,114.1,20.3,25,"Vancouver, Canada",District 25,Copernicus_GLO-30_v2023,Residential,B,CurbInlet,ERA5,High
20.974585,105.832202,10.77,8.68,56.1,150.0,50,"Hanoi, Vietnam",District 12,SRTM_1arc,Roads,,CurbInlet,Blended,Very High
48.889937,2.29555,58.5,,,34.8,5,"Paris, France",Borough Riverside,SRTM_1arc,Roads,,OpenChannel,Blended,Low
35.628516,139.642413,35.23,5.56,32.2,19.3,25,"Tokyo, Japan",Ward A,SRTM_1arc,Commercial,D,CurbInlet,ERA5,Low
-27.518255,153.034794,10.13,5.99,,29.7,25,"Brisbane, Australia",Zone V,SRTM_3arc,Commercial,D,CurbInlet,ERA5,Low
13.035751,77.605745,45.93,10.5,19.4,35.5,5,"Bengaluru, India",Borough East,Copernicus_EEA-10_v5,Industrial,D,Manhole,Blended,Low
38.836712,-77.127056,-3.0,6.39,,16.6,25,"Washington DC, USA",District 15,Copernicus_EEA-10_v5,Institutional,C,GratedInlet,IMD,Very High
13.837147,100.459041,17.35,,243.1,94.0,50,"Bangkok, Thailand",Ward H,Copernicus_EEA-10_v5,Residential,D,,LocalGauge,Very High
1.32176,103.810353,-3.0,3.26,140.4,110.1,25,"Singapore, Singapore",Sector 18,SRTM_3arc,Residential,B,CurbInlet,LocalGauge,Very High
12.937214,80.26766,5.65,4.07,105.7,56.3,50,"Chennai, India",Sector 25,SRTM_1arc,Institutional,A,GratedInlet,ERA5,High
13.215859,80.305791,9.09,7.35,84.3,59.7,25,"Chennai, India",Sector 15,Copernicus_EEA-10_v5,Roads,A,GratedInlet,Blended,Low
24.665584,46.706868,16.61,4.7,,13.8,2,"Riyadh, Saudi Arabia",Ward G,Copernicus_EEA-10_v5,Commercial,A,CurbInlet,IMD,Low
53.576426,9.892451,-3.0,6.34,156.2,44.1,5,"Hamburg, Germany",Borough Central,SRTM_3arc,Green,B,CurbInlet,ERA5,High
40.812788,-74.086715,43.72,4.47,40.8,40.8,50,"New York, USA",District 12,Copernicus_GLO-90_v2022,Green,B,GratedInlet,Blended,Low
25.178588,55.266147,89.18,6.4,109.8,14.6,50,"Dubai, UAE",Zone IX,Copernicus_GLO-90_v2022,Commercial,D,CurbInlet,ERA5,Low
13.063091,77.510252,-3.0,3.69,26.1,58.6,25,"Bengaluru, India",Sector 17,Copernicus_EEA-10_v5,Residential,B,GratedInlet,IMD,High
-36.862003,174.81384,5.52,8.39,58.8,52.8,50,"Auckland, New Zealand",Borough East,Copernicus_GLO-30_v2023,Mixed,C,Manhole,IMD,High
6.593112,3.436032,8.53,4.3,9.8,79.6,25,"Lagos, Nigeria",Sector 11,Copernicus_GLO-30_v2023,Residential,B,CurbInlet,Blended,Low
19.521967,-99.173117,29.3,7.74,83.6,38.1,2,"Mexico City, Mexico",District 12,Copernicus_GLO-30_v2023,Roads,D,Manhole,Blended,Low
25.223319,55.202678,84.53,7.66,62.7,11.1,2,"Dubai, UAE",Borough West,Copernicus_EEA-10_v5,Industrial,B,Manhole,LocalGauge,Low
6.394588,3.353792,30.67,7.31,424.1,69.0,5,"Lagos, Nigeria",Ward G,SRTM_3arc,Roads,B,,Blended,Low
55.693958,12.517207,43.53,10.13,52.9,30.5,10,"Copenhagen, Denmark",Borough Riverside,SRTM_3arc,Industrial,D,GratedInlet,ERA5,Low
55.728828,12.508908,43.79,7.12,35.0,31.0,5,"Copenhagen, Denmark",Sector 21,Copernicus_EEA-10_v5,Roads,,Manhole,ERA5,Low
21.06725,105.884743,22.69,7.02,128.4,65.5,2,"Hanoi, Vietnam",Borough Hillside,Copernicus_EEA-10_v5,Green,C,Manhole,ERA5,Low
35.741148,139.552366,24.58,9.25,26.6,37.7,10,"Tokyo, Japan",Ward J,SRTM_1arc,Roads,D,GratedInlet,IMD,Low
25.755787,-80.24166,21.92,4.57,102.3,74.2,5,"Miami, USA",District 25,Copernicus_EEA-10_v5,Residential,A,CurbInlet,,Low
41.80631,12.423265,44.51,6.29,10.6,27.9,5,"Rome, Italy",Ward B,SRTM_1arc,Commercial,B,CurbInlet,LocalGauge,Low
25.25657,55.289775,1.49,6.62,112.1,13.2,25,"Dubai, UAE",Zone I,SRTM_3arc,Commercial,B,GratedInlet,ERA5,High
-6.111608,106.807549,20.22,3.63,230.6,103.6,25,"Jakarta, Indonesia",District 18,Copernicus_GLO-30_v2023,Commercial,C,GratedInlet,ERA5,Moderate
6.925209,79.788901,-3.0,9.61,13.2,39.6,2,"Colombo, Sri Lanka",District 26,SRTM_1arc,Commercial,A,Manhole,ERA5,High
24.970388,67.105535,5.44,5.08,91.8,46.4,10,"Karachi, Pakistan",Borough Old Town,Copernicus_EEA-10_v5,Commercial,,Manhole,ERA5,High
18.507924,73.874058,71.9,7.87,81.9,48.3,50,"Pune, India",Zone X,SRTM_3arc,Industrial,,GratedInlet,ERA5,Low
25.040224,121.573341,52.61,5.38,55.0,20.7,10,"Taipei, Taiwan",Zone V,Copernicus_EEA-10_v5,Residential,A,CurbInlet,ERA5,Low
22.573148,114.048364,-1.54,4.14,313.0,29.0,2,"Shenzhen, China",Zone II,SRTM_1arc,Residential,,OpenChannel,ERA5,High
-6.24784,106.806241,14.21,3.79,78.8,86.1,10,"Jakarta, Indonesia",Sector 21,Copernicus_GLO-90_v2022,Mixed,A,GratedInlet,Blended,Moderate
49.331035,-123.069503,1.22,7.7,128.5,20.2,100,"Vancouver, Canada",Zone II,Copernicus_EEA-10_v5,Residential,C,CurbInlet,ERA5,High
38.077053,23.834931,31.66,5.29,,36.7,2,"Athens, Greece",District 1,Copernicus_GLO-30_v2023,Green,,CurbInlet,ERA5,Low
-29.843438,30.990436,72.94,2.69,244.5,44.0,10,"Durban, South Africa",Ward B,SRTM_3arc,Water,C,Manhole,,Moderate
23.822554,90.452783,45.31,,116.6,92.5,50,"Dhaka, Bangladesh",District 28,SRTM_3arc,Residential,B,Manhole,LocalGauge,Moderate
3.032328,101.657289,56.42,3.1,114.1,81.5,5,"Kuala Lumpur, Malaysia",Sector 24,SRTM_1arc,Green,C,Manhole,ERA5,Moderate
1.397125,103.838353,17.06,11.74,247.3,56.3,10,"Singapore, Singapore",Ward B,SRTM_1arc,Roads,A,OpenChannel,Blended,Low
41.356949,2.331447,16.76,8.36,44.5,39.9,5,"Barcelona, Spain",Borough Central,SRTM_3arc,Commercial,C,CurbInlet,LocalGauge,Low
55.696285,12.628094,15.92,7.16,294.9,26.8,10,"Copenhagen, Denmark",Ward F,SRTM_1arc,Roads,A,OpenChannel,IMD,Low
53.597784,10.033657,72.68,8.88,236.2,23.6,2,"Hamburg, Germany",Borough North,Copernicus_GLO-30_v2023,Informal,B,Manhole,ERA5,Low
38.790622,-77.029956,7.4,10.07,,33.9,5,"Washington DC, USA",Zone VIII,SRTM_3arc,Industrial,A,CurbInlet,IMD,High
28.581175,77.222002,79.44,9.98,367.1,30.2,5,"Delhi, India",District 18,SRTM_1arc,Commercial,A,OpenChannel,Blended,Low
39.893928,-75.105524,-3.0,7.21,38.2,41.8,25,"Philadelphia, USA",Ward F,Copernicus_EEA-10_v5,Commercial,A,GratedInlet,ERA5,High
24.739964,67.098925,,7.83,248.4,75.0,100,"Karachi, Pakistan",Sector 19,SRTM_3arc,Water,B,GratedInlet,,Low
-12.019781,-77.194553,44.73,8.15,98.8,44.9,5,"Lima, Peru",District 22,SRTM_3arc,Residential,B,CurbInlet,ERA5,Low
6.578388,3.347453,2.04,5.41,218.9,54.2,2,"Lagos, Nigeria",Ward A,Copernicus_EEA-10_v5,Residential,D,OpenChannel,Blended,Very High
53.400215,9.935569,92.56,8.51,3.6,52.1,10,"Hamburg, Germany",District 1,Copernicus_GLO-30_v2023,Industrial,A,CurbInlet,LocalGauge,Low
40.743956,-73.950251,1.67,8.06,258.1,18.0,2,"New York, USA",District 24,Copernicus_GLO-30_v2023,Residential,B,,ERA5,High
-6.178563,106.81276,10.26,7.77,267.4,75.1,10,"Jakarta, Indonesia",Sector 8,Copernicus_GLO-30_v2023,Roads,B,,Blended,Low
17.446934,78.484703,17.73,8.56,60.4,19.4,25,"Hyderabad, India",District 23,SRTM_3arc,Industrial,D,CurbInlet,ERA5,Low
23.088397,113.239884,,10.78,372.8,91.2,50,"Guangzhou, China",Sector 9,SRTM_1arc,Roads,,,IMD,Moderate
-1.345898,36.88653,37.98,6.81,52.6,37.0,2,"Nairobi, Kenya",Ward F,Copernicus_GLO-30_v2023,Roads,B,Manhole,ERA5,Low
23.738904,90.458215,52.8,6.27,7.7,57.7,5,"Dhaka, Bangladesh",District 19,Copernicus_GLO-30_v2023,Residential,B,OpenChannel,ERA5,Low
28.751962,77.291466,41.45,5.34,86.3,41.1,25,"Delhi, India",Zone VIII,SRTM_3arc,Residential,C,Manhole,ERA5,Low
10.817452,106.71885,48.15,7.55,107.1,64.7,5,"Ho Chi Minh City, Vietnam",Borough East,SRTM_1arc,Residential,,CurbInlet,LocalGauge,Low
10.653499,106.632828,43.3,2.42,134.0,46.1,100,"Ho Chi Minh City, Vietnam",Ward I,SRTM_3arc,Residential,C,GratedInlet,ERA5,Moderate
40.933669,28.859613,51.23,6.38,211.9,32.9,10,"Istanbul, Türkiye",Borough West,Copernicus_EEA-10_v5,Roads,B,OpenChannel,,Low
-22.885275,-43.221929,10.88,4.75,154.0,28.8,2,"Rio de Janeiro, Brazil",Borough Harbor,Copernicus_GLO-30_v2023,Informal,B,GratedInlet,ERA5,Low
19.181847,72.891275,0.41,5.92,157.1,68.6,10,"Mumbai, India",District 17,Copernicus_GLO-30_v2023,Institutional,D,GratedInlet,ERA5,Very High
1.355684,103.815568,14.62,7.77,129.9,83.6,100,"Singapore, Singapore",Ward B,SRTM_1arc,Commercial,C,GratedInlet,IMD,Moderate
13.650876,100.412787,17.35,5.57,116.2,53.6,25,"Bangkok, Thailand",Borough North,Copernicus_EEA-10_v5,Residential,B,CurbInlet,ERA5,Low
35.663038,51.416521,63.07,7.58,10.6,25.9,25,"Tehran, Iran",Sector 1,SRTM_3arc,Residential,A,CurbInlet,ERA5,Low
14.700704,120.832512,10.04,8.28,130.2,99.9,50,"Manila, Philippines",Sector 2,SRTM_1arc,Industrial,D,OpenChannel,Blended,High
39.893735,-75.246275,32.66,5.05,223.3,37.5,10,"Philadelphia, USA",Zone V,SRTM_3arc,Green,B,Manhole,LocalGauge,Low
52.310917,4.952228,,7.94,,28.6,2,"Amsterdam, Netherlands",District 15,Copernicus_GLO-30_v2023,Residential,A,GratedInlet,,Low
29.750592,-95.404389,83.31,5.83,23.8,65.9,10,"Houston, USA",District 22,Copernicus_EEA-10_v5,Roads,,Manhole,IMD,Low
38.000329,23.764904,94.05,4.32,32.0,50.8,10,"Athens, Greece",District 30,SRTM_3arc,Green,A,CurbInlet,IMD,Low
23.119836,113.24621,7.17,9.26,139.4,80.0,25,"Guangzhou, China",District 15,SRTM_3arc,Roads,B,OpenChannel,ERA5,High
35.833125,139.668805,44.73,6.35,419.5,21.0,25,"Tokyo, Japan",Sector 11,Copernicus_GLO-30_v2023,Mixed,D,,ERA5,Low
13.016503,80.272738,,2.32,56.0,85.4,50,"Chennai, India",Sector 20,Copernicus_GLO-30_v2023,Residential,,Manhole,ERA5,Very High
37.844191,23.775213,35.29,9.88,54.7,33.9,50,"Athens, Greece",Zone VII,SRTM_1arc,Industrial,D,Manhole,LocalGauge,Low
17.38072,78.458124,14.83,7.91,117.1,30.0,50,"Hyderabad, India",Ward F,Copernicus_EEA-10_v5,Commercial,B,GratedInlet,IMD,Low
23.054156,72.51075,-3.0,6.87,133.8,15.2,2,"Ahmedabad, India",Borough Delta,Copernicus_GLO-30_v2023,Residential,B,GratedInlet,ERA5,High
-23.528036,-46.55215,73.22,2.91,83.8,55.8,25,"Sao Paulo, Brazil",Sector 12,SRTM_3arc,Industrial,D,GratedInlet,ERA5,Very High
55.613494,12.52263,-3.0,6.17,48.6,28.5,2,"Copenhagen, Denmark",Borough East,Copernicus_GLO-30_v2023,Residential,,GratedInlet,LocalGauge,High
22.549886,88.443252,115.16,4.16,56.7,34.7,25,"Kolkata, India",District 19,Copernicus_GLO-90_v2022,Mixed,C,Manhole,ERA5,Low
23.146786,113.149008,7.13,,2.4,50.6,10,"Guangzhou, China",District 23,Copernicus_GLO-30_v2023,Residential,A,CurbInlet,ERA5,High
-36.865768,174.820234,-3.0,5.02,63.3,25.8,50,"Auckland, New Zealand",District 10,Copernicus_GLO-30_v2023,Green,B,OpenChannel,IMD,High
37.757627,-122.456186,101.24,5.74,67.9,32.2,5,"San Francisco, USA",District 15,SRTM_3arc,Commercial,C,GratedInlet,Blended,Low
31.198221,121.374789,9.07,4.41,20.5,26.5,10,"Shanghai, China",Zone VI,Copernicus_GLO-30_v2023,Green,B,CurbInlet,,Low
1.30593,103.844515,15.39,,88.0,77.4,10,"Singapore, Singapore",Borough Riverside,SRTM_3arc,Industrial,A,Manhole,LocalGauge,Low
14.67274,121.037917,7.58,6.33,,59.5,2,"Manila, Philippines",Sector 17,Copernicus_GLO-30_v2023,Residential,A,OpenChannel,ERA5,High
35.761448,51.256191,38.95,5.26,65.2,42.8,10,"Tehran, Iran",Ward G,SRTM_3arc,Industrial,A,Manhole,Blended,Low
-29.794193,30.906022,15.66,2.9,565.4,22.9,5,"Durban, South Africa",Sector 8,Copernicus_GLO-90_v2022,Institutional,C,,LocalGauge,Moderate
13.638863,100.510476,-3.0,3.11,223.5,43.2,10,"Bangkok, Thailand",Ward A,Copernicus_GLO-90_v2022,Residential,C,OpenChannel,ERA5,Very High
6.480796,3.357132,8.84,4.95,304.4,128.8,25,"Lagos, Nigeria",Ward H,Copernicus_EEA-10_v5,Institutional,A,Manhole,IMD,Very High
23.04878,113.282579,23.85,,198.3,85.5,25,"Guangzhou, China",Borough Riverside,SRTM_3arc,Commercial,B,OpenChannel,Blended,Moderate
22.990506,72.489141,35.58,7.28,89.9,39.3,50,"Ahmedabad, India",Zone VI,Copernicus_EEA-10_v5,Residential,C,GratedInlet,IMD,Low
25.193837,55.316052,2.08,5.17,167.5,8.6,2,"Dubai, UAE",District 30,Copernicus_GLO-30_v2023,Green,B,CurbInlet,ERA5,High
37.770684,-122.339203,-3.0,6.39,86.9,89.3,50,"San Francisco, USA",Ward G,SRTM_3arc,Residential,C,OpenChannel,ERA5,High
25.861584,-80.202591,17.46,4.65,81.2,52.1,25,"Miami, USA",Sector 3,Copernicus_GLO-30_v2023,Industrial,B,CurbInlet,IMD,Low
22.571797,114.276343,17.08,4.3,29.0,125.0,25,"Shenzhen, China",Sector 6,Copernicus_EEA-10_v5,Residential,C,OpenChannel,ERA5,Moderate
10.877165,106.56428,95.53,9.32,35.0,96.5,25,"Ho Chi Minh City, Vietnam",Zone VIII,Copernicus_GLO-30_v2023,Industrial,,CurbInlet,IMD,Moderate
41.842972,12.4455,89.21,7.46,110.8,38.1,5,"Rome, Italy",Borough Hillside,Copernicus_GLO-30_v2023,Green,,CurbInlet,ERA5,Low
1.322321,103.694293,10.5,8.82,58.6,29.0,50,"Singapore, Singapore",Zone VI,Copernicus_GLO-30_v2023,Industrial,C,CurbInlet,ERA5,Low
49.281841,-123.123581,18.62,4.4,47.1,32.2,2,"Vancouver, Canada",District 10,Copernicus_GLO-30_v2023,Mixed,D,Manhole,ERA5,Low
37.946921,23.726388,73.75,,100.3,29.1,10,"Athens, Greece",District 30,SRTM_3arc,Industrial,D,GratedInlet,LocalGauge,Low
13.071353,80.225325,5.44,7.59,325.0,87.0,25,"Chennai, India",Sector 29,Copernicus_EEA-10_v5,Residential,B,OpenChannel,ERA5,High
23.922787,90.280409,61.29,4.29,30.6,55.1,25,"Dhaka, Bangladesh",Borough Hillside,Copernicus_GLO-30_v2023,Industrial,C,CurbInlet,LocalGauge,Low
14.580639,120.962629,28.8,5.55,412.4,66.7,50,"Manila, Philippines",Ward F,Copernicus_GLO-90_v2022,Water,B,Manhole,ERA5,Low
14.608816,120.933539,2.47,8.29,52.9,41.2,5,"Manila, Philippines",Ward I,Copernicus_GLO-30_v2023,Industrial,,GratedInlet,Blended,High
22.990609,72.491048,59.67,2.78,249.7,23.7,25,"Ahmedabad, India",Ward E,SRTM_1arc,Green,C,CurbInlet,ERA5,Moderate
24.648565,46.682534,77.82,4.27,19.9,12.7,2,"Riyadh, Saudi Arabia",Ward B,Copernicus_EEA-10_v5,Roads,B,GratedInlet,ERA5,Low
-12.076966,-77.04633,121.72,3.9,48.3,70.4,5,"Lima, Peru",Borough Riverside,Copernicus_GLO-90_v2022,Green,C,CurbInlet,LocalGauge,Low
51.912746,4.50254,15.22,8.16,81.8,17.5,10,"Rotterdam, Netherlands",Zone V,Copernicus_GLO-30_v2023,Commercial,B,OpenChannel,Blended,Low
31.297324,121.566268,12.45,8.47,36.0,37.3,2,"Shanghai, China",District 14,Copernicus_GLO-30_v2023,Commercial,B,CurbInlet,ERA5,Low
29.826518,-95.388756,21.14,4.71,107.6,51.5,5,"Houston, USA",Sector 27,SRTM_1arc,Mixed,B,CurbInlet,ERA5,Low
3.280532,101.611167,43.46,,322.5,77.2,10,"Kuala Lumpur, Malaysia",District 2,Copernicus_EEA-10_v5,Roads,A,,IMD,Low
25.62422,-80.19132,9.29,10.18,78.1,49.8,5,"Miami, USA",District 5,Copernicus_EEA-10_v5,Roads,D,Manhole,IMD,Low
4.660869,-73.986775,-3.0,11.16,,71.2,25,"Bogotá, Colombia",Sector 6,Copernicus_EEA-10_v5,Commercial,A,GratedInlet,ERA5,High
41.107831,29.02289,52.08,3.27,288.8,19.9,2,"Istanbul, Türkiye",Sector 24,SRTM_1arc,Water,C,OpenChannel,ERA5,Low
3.173099,101.692072,46.26,10.44,60.3,44.6,5,"Kuala Lumpur, Malaysia",Zone IV,Copernicus_GLO-90_v2022,Industrial,B,CurbInlet,ERA5,Low
23.133669,113.406808,5.21,4.87,470.2,52.2,10,"Guangzhou, China",Sector 22,Copernicus_GLO-90_v2022,Water,C,OpenChannel,IMD,High
3.155741,101.616431,52.42,6.33,113.4,64.2,50,"Kuala Lumpur, Malaysia",Borough Old Town,Copernicus_EEA-10_v5,Commercial,,GratedInlet,IMD,Low
17.26284,78.464424,3.7,3.39,13.9,22.6,2,"Hyderabad, India",Borough South,SRTM_1arc,Residential,B,CurbInlet,ERA5,High
12.974622,80.332362,5.69,8.31,144.4,57.6,50,"Chennai, India",District 22,Copernicus_GLO-30_v2023,Commercial,D,GratedInlet,LocalGauge,High
52.395008,4.904408,16.22,5.34,293.2,25.2,10,"Amsterdam, Netherlands",Ward I,Copernicus_GLO-30_v2023,Informal,A,Manhole,ERA5,Low
22.604524,114.012061,-3.0,9.73,128.6,41.2,50,"Shenzhen, China",Ward C,SRTM_3arc,Roads,C,,,High
-6.090325,106.884313,1.69,7.16,100.7,57.9,5,"Jakarta, Indonesia",Sector 20,SRTM_1arc,Commercial,C,GratedInlet,LocalGauge,High
-11.985509,-77.206691,122.72,6.75,224.8,21.0,2,"Lima, Peru",Borough Old Town,Copernicus_EEA-10_v5,Residential,C,OpenChannel,Blended,Low
24.921004,67.019498,116.82,6.64,178.8,15.6,5,"Karachi, Pakistan",Sector 10,SRTM_3arc,Industrial,C,GratedInlet,ERA5,Low
-34.535689,-58.378269,66.46,5.11,30.3,25.7,5,"Buenos Aires, Argentina",Ward A,Copernicus_EEA-10_v5,Residential,C,GratedInlet,ERA5,Low
28.63469,77.200871,81.44,8.07,32.5,16.6,5,"Delhi, India",Sector 28,Copernicus_GLO-90_v2022,Roads,A,OpenChannel,ERA5,Low
51.958438,4.561532,10.99,,83.7,24.2,10,"Rotterdam, Netherlands",Borough Hillside,Copernicus_EEA-10_v5,Roads,B,GratedInlet,LocalGauge,Low
24.684718,46.64258,,2.27,,12.3,2,"Riyadh, Saudi Arabia",Zone VIII,Copernicus_GLO-30_v2023,Residential,,OpenChannel,ERA5,Moderate
24.684982,46.696927,45.48,4.82,387.8,14.6,2,"Riyadh, Saudi Arabia",Zone IV,SRTM_1arc,Residential,C,OpenChannel,Blended,Low
22.283314,114.260761,1.07,6.44,88.6,37.7,5,"Hong Kong, China",Sector 11,Copernicus_GLO-90_v2022,Roads,D,GratedInlet,Blended,High
52.30647,4.899011,-3.0,7.82,15.2,51.0,25,"Amsterdam, Netherlands",District 11,Copernicus_GLO-30_v2023,Residential,B,CurbInlet,IMD,High
41.394521,2.16947,-3.0,8.89,64.8,31.8,5,"Barcelona, Spain",Borough Delta,SRTM_1arc,Roads,D,OpenChannel,ERA5,Very High
-29.820669,30.857434,63.6,3.94,30.8,24.8,5,"Durban, South Africa",Ward I,Copernicus_GLO-30_v2023,Residential,,Manhole,LocalGauge,Low
51.31296,0.021673,80.87,7.45,119.2,25.7,50,"London, UK",Sector 25,Copernicus_EEA-10_v5,Commercial,A,GratedInlet,,Low
35.693289,51.41302,197.13,4.69,160.9,45.4,50,"Tehran, Iran",Ward A,Copernicus_EEA-10_v5,Institutional,C,Manhole,,Low
37.947578,23.700362,52.63,4.14,29.6,51.0,2,"Athens, Greece",Ward H,SRTM_1arc,Industrial,A,Manhole,ERA5,Low
55.577564,12.617808,44.44,3.73,275.5,26.0,2,"Copenhagen, Denmark",Ward F,SRTM_1arc,Institutional,B,OpenChannel,ERA5,Low
-29.883486,31.140795,20.7,10.75,35.5,21.0,2,"Durban, South Africa",Sector 14,SRTM_1arc,Commercial,C,GratedInlet,ERA5,Low
-34.761502,-58.472057,31.44,4.92,50.7,20.6,10,"Buenos Aires, Argentina",District 23,SRTM_1arc,Green,C,Manhole,ERA5,Low
52.31245,4.942107,18.53,,16.4,17.4,10,"Amsterdam, Netherlands",Borough South,SRTM_1arc,Residential,B,Manhole,Blended,Low
52.394605,4.833581,3.42,,113.7,32.5,5,"Amsterdam, Netherlands",Borough Central,SRTM_1arc,Roads,A,CurbInlet,IMD,High
-27.347571,152.936834,30.64,,291.4,72.7,25,"Brisbane, Australia",Zone VI,SRTM_1arc,Water,C,,LocalGauge,Low
-36.917317,174.765326,11.49,,12.2,41.8,5,"Auckland, New Zealand",Ward K,Copernicus_GLO-30_v2023,Residential,B,CurbInlet,Blended,Low
4.625226,-74.163526,121.47,8.53,76.1,49.5,5,"Bogotá, Colombia",Ward C,Copernicus_EEA-10_v5,Commercial,A,CurbInlet,Blended,Low
19.367945,-99.056559,81.66,4.59,372.4,26.9,10,"Mexico City, Mexico",Sector 20,Copernicus_GLO-30_v2023,Institutional,,CurbInlet,ERA5,Low
-29.800973,31.009431,15.65,7.47,34.2,42.0,50,"Durban, South Africa",Sector 19,Copernicus_EEA-10_v5,Residential,D,Manhole,LocalGauge,Low
13.727426,100.465606,15.9,4.24,71.6,73.5,50,"Bangkok, Thailand",District 5,Copernicus_GLO-30_v2023,Residential,B,GratedInlet,Blended,Low
37.835309,-122.274335,32.23,3.78,152.6,42.2,5,"San Francisco, USA",Ward E,Copernicus_EEA-10_v5,Residential,B,,ERA5,Low
22.540064,114.110958,13.4,6.23,233.5,78.4,50,"Shenzhen, China",Ward E,SRTM_1arc,Green,,GratedInlet,ERA5,Low
-12.118258,-76.909295,5.35,10.9,379.7,25.5,10,"Lima, Peru",Borough Old Town,SRTM_1arc,Roads,A,OpenChannel,ERA5,High
23.735428,90.439376,72.68,,342.1,102.5,50,"Dhaka, Bangladesh",Sector 4,SRTM_3arc,Green,B,OpenChannel,,Moderate
28.449792,77.233059,-3.0,6.49,0.2,34.5,2,"Delhi, India",Sector 6,Copernicus_EEA-10_v5,Green,A,CurbInlet,ERA5,High
48.891295,2.295446,39.82,11.38,129.2,20.4,10,"Paris, France",Ward C,SRTM_3arc,Roads,A,OpenChannel,ERA5,Low
23.146377,113.298146,12.03,5.21,0.7,50.3,2,"Guangzhou, China",Sector 28,SRTM_3arc,Roads,C,GratedInlet,ERA5,Low
41.09198,28.858191,3.28,7.21,,19.0,10,"Istanbul, Türkiye",Borough Old Town,SRTM_3arc,Commercial,,OpenChannel,,High
52.288419,4.855197,12.04,9.42,190.2,22.3,5,"Amsterdam, Netherlands",Sector 2,SRTM_1arc,Roads,B,,ERA5,Low
22.412053,114.128927,8.77,11.13,113.2,128.9,50,"Shenzhen, China",District 10,Copernicus_GLO-30_v2023,Roads,B,Manhole,,Very High
1.43764,103.676573,9.87,8.91,46.0,33.0,10,"Singapore, Singapore",District 10,SRTM_1arc,Residential,B,CurbInlet,IMD,Low
53.691831,9.908086,128.84,4.12,,29.2,5,"Hamburg, Germany",Zone I,Copernicus_GLO-90_v2022,Water,C,OpenChannel,Blended,Low
25.143248,121.514926,30.49,,34.5,15.2,2,"Taipei, Taiwan",Zone IX,Copernicus_GLO-30_v2023,Roads,C,Manhole,ERA5,Low
22.511057,114.075417,5.92,8.38,84.6,46.0,2,"Shenzhen, China",Sector 24,SRTM_3arc,Industrial,,OpenChannel,IMD,High
25.295852,51.608392,101.37,5.5,3.4,6.0,10,"Doha, Qatar",Ward A,SRTM_1arc,Residential,C,OpenChannel,ERA5,Low
41.952932,12.430834,86.12,,36.0,23.1,10,"Rome, Italy",Sector 30,SRTM_1arc,Residential,A,CurbInlet,ERA5,Low
-34.63483,-58.257342,13.87,6.03,61.8,33.6,5,"Buenos Aires, Argentina",District 20,Copernicus_GLO-30_v2023,Roads,C,Manhole,IMD,Low
41.014815,28.879246,100.96,6.16,45.6,68.9,10,"Istanbul, Türkiye",Sector 21,SRTM_1arc,Commercial,A,Manhole,,Low
12.821584,77.658558,26.42,6.35,165.2,43.2,25,"Bengaluru, India",District 26,Copernicus_EEA-10_v5,Residential,C,OpenChannel,Blended,Low
-27.492507,152.960777,52.73,2.93,91.3,41.9,5,"Brisbane, Australia",Zone IV,Copernicus_EEA-10_v5,Green,C,CurbInlet,ERA5,Very High
31.235145,121.444393,12.0,8.32,,43.7,2,"Shanghai, China",District 30,Copernicus_GLO-30_v2023,Residential,C,CurbInlet,Blended,Low
7.006232,79.899184,-2.21,7.45,106.2,40.8,10,"Colombo, Sri Lanka",District 26,Copernicus_GLO-30_v2023,Green,A,CurbInlet,ERA5,High
22.599995,88.379854,109.25,5.61,83.0,41.9,10,"Kolkata, India",Borough Delta,Copernicus_EEA-10_v5,Industrial,D,Manhole,ERA5,Low
51.88751,4.499353,,5.75,,25.1,5,"Rotterdam, Netherlands",Borough Riverside,SRTM_1arc,Industrial,C,GratedInlet,ERA5,Low
-33.857148,18.30334,144.86,6.06,275.5,32.9,2,"Cape Town, South Africa",Borough Harbor,Copernicus_EEA-10_v5,Institutional,,GratedInlet,LocalGauge,Low
38.957521,-77.085592,36.85,4.23,161.2,55.6,5,"Washington DC, USA",Borough Old Town,SRTM_3arc,Green,,Manhole,ERA5,Low
41.782952,12.41866,11.53,4.71,96.6,32.5,25,"Rome, Italy",Ward G,SRTM_3arc,Roads,A,Manhole,IMD,Low
5.657619,-0.143676,18.12,6.56,41.0,45.3,5,"Accra, Ghana",Borough Old Town,Copernicus_GLO-90_v2022,Residential,C,CurbInlet,ERA5,Low
-34.007348,18.471165,4.43,7.74,105.2,31.3,10,"Cape Town, South Africa",Zone VII,Copernicus_GLO-30_v2023,Commercial,C,OpenChannel,ERA5,High
22.583007,114.082181,18.3,5.66,5.9,89.5,10,"Shenzhen, China",District 3,SRTM_1arc,Residential,C,Manhole,Blended,Moderate
13.070055,80.25717,,,232.7,49.0,5,"Chennai, India",Borough Old Town,SRTM_3arc,Roads,D,Manhole,ERA5,Low
25.86395,-80.226215,-2.17,2.53,238.6,47.3,25,"Miami, USA",Borough Delta,Copernicus_GLO-30_v2023,Green,C,Manhole,Blended,High
6.484093,3.40679,6.27,,14.7,41.2,5,"Lagos, Nigeria",Borough Central,Copernicus_EEA-10_v5,Industrial,B,Manhole,,High
41.304475,2.080163,3.06,5.0,53.8,13.1,2,"Barcelona, Spain",District 26,SRTM_1arc,Residential,D,GratedInlet,Blended,Very High
51.972476,4.515549,29.84,7.51,44.3,59.0,10,"Rotterdam, Netherlands",Sector 14,Copernicus_GLO-30_v2023,Roads,B,CurbInlet,ERA5,Low
49.344737,-123.154961,0.02,5.05,6.7,20.6,2,"Vancouver, Canada",Sector 27,SRTM_1arc,Residential,C,CurbInlet,ERA5,High
45.516611,-73.511508,62.54,3.06,171.9,25.5,2,"Montreal, Canada",Borough Central,Copernicus_EEA-10_v5,Water,C,CurbInlet,ERA5,Low
25.913739,-80.167059,29.98,6.59,34.2,42.2,2,"Miami, USA",District 21,SRTM_1arc,Residential,C,GratedInlet,Blended,Low
19.460307,-99.055728,18.88,7.83,116.7,41.2,25,"Mexico City, Mexico",District 28,Copernicus_GLO-90_v2022,Roads,D,CurbInlet,ERA5,Low
13.767741,100.511072,21.13,5.84,483.5,39.0,5,"Bangkok, Thailand",Ward D,SRTM_3arc,Residential,D,,LocalGauge,Low
37.840868,-122.301488,108.91,6.78,143.4,38.3,10,"San Francisco, USA",Ward I,SRTM_3arc,Commercial,D,OpenChannel,LocalGauge,Low
6.495519,3.420541,7.15,2.59,98.4,61.5,10,"Lagos, Nigeria",Zone IV,Copernicus_GLO-30_v2023,Residential,B,Manhole,ERA5,High
37.488973,126.980101,29.57,3.53,139.0,55.8,10,"Seoul, South Korea",Ward A,SRTM_1arc,Institutional,A,Manhole,LocalGauge,Low
-36.999038,174.733442,53.89,4.47,20.8,22.2,25,"Auckland, New Zealand",Sector 28,Copernicus_GLO-30_v2023,Roads,C,GratedInlet,Blended,Low
7.025741,79.839333,10.38,6.49,290.5,56.1,10,"Colombo, Sri Lanka",Borough Hillside,Copernicus_GLO-30_v2023,Residential,C,OpenChannel,ERA5,Low
52.425484,4.99957,7.07,6.98,27.9,44.7,25,"Amsterdam, Netherlands",Borough Riverside,Copernicus_GLO-30_v2023,Residential,B,CurbInlet,ERA5,High
13.626737,100.457518,7.9,9.79,364.2,79.9,25,"Bangkok, Thailand",Sector 8,Copernicus_GLO-90_v2022,Commercial,C,OpenChannel,LocalGauge,High
13.055874,77.554444,49.62,2.47,9.5,34.8,2,"Bengaluru, India",Zone VI,SRTM_3arc,Residential,B,OpenChannel,IMD,Moderate
41.364021,2.26098,26.4,7.14,178.3,22.3,2,"Barcelona, Spain",Zone VI,SRTM_3arc,Roads,,,Blended,Low
22.26686,113.996481,6.91,2.36,226.4,87.6,100,"Hong Kong, China",Sector 12,SRTM_1arc,Institutional,B,Manhole,ERA5,Very High
25.320744,51.465709,-3.0,6.13,177.6,15.7,10,"Doha, Qatar",Borough Riverside,Copernicus_GLO-30_v2023,Roads,B,OpenChannel,IMD,High
18.518178,73.881578,27.82,9.99,41.6,40.4,10,"Pune, India",Sector 29,Copernicus_GLO-30_v2023,Roads,,Manhole,ERA5,Low
14.638254,120.953149,-3.0,4.47,4.7,73.9,25,"Manila, Philippines",District 22,SRTM_1arc,Roads,D,OpenChannel,Blended,Very High
18.647156,73.958068,-3.0,8.59,83.1,20.8,5,"Pune, India",Sector 19,Copernicus_EEA-10_v5,Residential,A,GratedInlet,ERA5,High
-36.771473,174.810434,27.11,4.58,37.7,65.0,25,"Auckland, New Zealand",Borough Central,SRTM_1arc,Roads,D,,Blended,Low
24.730213,46.653331,,8.74,45.4,20.8,2,"Riyadh, Saudi Arabia",Sector 2,SRTM_3arc,Commercial,B,CurbInlet,IMD,Low
39.958243,-75.300662,,1.71,141.6,94.4,2,"Philadelphia, USA",District 6,SRTM_3arc,Water,B,CurbInlet,,Moderate
45.489699,-73.612189,,,66.5,16.9,2,"Montreal, Canada",Sector 26,Copernicus_GLO-30_v2023,Roads,D,CurbInlet,ERA5,Low
12.993341,77.487358,34.1,4.94,244.8,26.0,10,"Bengaluru, India",Borough Delta,Copernicus_GLO-30_v2023,Residential,C,OpenChannel,,Low
-33.990174,18.403514,150.04,2.92,109.7,26.8,10,"Cape Town, South Africa",Zone IV,SRTM_1arc,Institutional,B,GratedInlet,ERA5,Moderate
22.507044,88.48174,71.61,5.12,39.5,41.3,2,"Kolkata, India",Ward E,SRTM_1arc,Green,C,OpenChannel,ERA5,Low
-6.264756,106.763907,19.29,9.32,50.0,60.9,5,"Jakarta, Indonesia",Ward K,SRTM_3arc,Commercial,C,Manhole,LocalGauge,Low
34.799928,135.490743,-3.0,9.9,171.8,35.6,2,"Osaka, Japan",Zone II,Copernicus_GLO-30_v2023,Commercial,B,CurbInlet,ERA5,High
34.649943,135.523736,77.44,6.23,110.2,41.7,10,"Osaka, Japan",Zone VI,Copernicus_GLO-30_v2023,Residential,B,GratedInlet,ERA5,Low
23.111183,72.678808,36.77,3.49,162.7,86.6,25,"Ahmedabad, India",Borough South,Copernicus_GLO-30_v2023,Residential,C,CurbInlet,ERA5,Moderate
25.299325,51.421001,30.23,7.45,156.9,15.5,5,"Doha, Qatar",Borough Old Town,Copernicus_GLO-30_v2023,Residential,D,OpenChannel,ERA5,Low
-29.91297,30.905271,27.63,2.61,211.4,20.3,5,"Durban, South Africa",Zone I,Copernicus_EEA-10_v5,Water,D,GratedInlet,IMD,Moderate
34.653574,135.499013,38.52,7.47,153.1,34.0,10,"Osaka, Japan",Sector 3,Copernicus_GLO-30_v2023,Residential,,CurbInlet,ERA5,Low
51.456889,-0.048433,74.91,6.63,144.7,25.4,2,"London, UK",Ward C,SRTM_3arc,Industrial,C,OpenChannel,ERA5,Low
13.119467,80.17096,10.06,5.73,,41.2,10,"Chennai, India",Zone VI,Copernicus_GLO-90_v2022,Residential,B,OpenChannel,ERA5,Low
25.775503,-80.182001,-3.0,3.85,132.2,59.9,10,"Miami, USA",Sector 8,Copernicus_GLO-30_v2023,Green,D,GratedInlet,Blended,High
-27.439677,153.04085,82.94,3.65,55.7,18.7,2,"Brisbane, Australia",Ward A,Copernicus_GLO-30_v2023,Residential,C,Manhole,ERA5,Low
25.032768,121.597906,95.42,8.45,68.4,85.8,10,"Taipei, Taiwan",Sector 6,Copernicus_GLO-30_v2023,Commercial,A,Manhole,ERA5,Moderate
19.022912,72.815062,-1.53,5.33,111.7,92.7,25,"Mumbai, India",Zone I,Copernicus_GLO-30_v2023,Green,D,GratedInlet,LocalGauge,Very High
38.135831,23.705049,42.23,7.49,114.1,53.8,5,"Athens, Greece",Zone VII,Copernicus_GLO-30_v2023,Commercial,D,CurbInlet,,Low
55.59184,12.492286,7.26,10.84,166.0,41.8,100,"Copenhagen, Denmark",Borough East,Copernicus_EEA-10_v5,Commercial,D,GratedInlet,ERA5,High
34.816857,135.494918,33.37,4.6,,28.8,2,"Osaka, Japan",Zone V,SRTM_3arc,Residential,C,OpenChannel,ERA5,Low
23.03044,113.258364,12.51,4.32,82.7,62.2,50,"Guangzhou, China",Sector 14,Copernicus_GLO-30_v2023,Commercial,C,CurbInlet,IMD,Low
24.818948,66.893397,33.37,8.69,,19.8,25,"Karachi, Pakistan",Zone X,SRTM_3arc,Roads,C,OpenChannel,ERA5,Low
35.650066,139.653337,116.88,5.43,0.9,23.4,10,"Tokyo, Japan",Zone III,SRTM_1arc,Residential,,CurbInlet,Blended,Low
-34.67211,-58.323738,-3.0,4.41,85.8,14.4,5,"Buenos Aires, Argentina",District 23,Copernicus_GLO-30_v2023,Informal,B,Manhole,ERA5,High
23.918204,90.541913,31.39,3.5,98.7,77.7,100,"Dhaka, Bangladesh",Zone VII,SRTM_1arc,Institutional,B,GratedInlet,ERA5,Low
-34.670257,-58.518195,51.13,10.4,130.6,52.6,10,"Buenos Aires, Argentina",Borough East,Copernicus_GLO-30_v2023,Industrial,A,OpenChannel,LocalGauge,Low
-33.719456,151.278723,9.92,3.92,188.3,30.7,10,"Sydney, Australia",Borough West,SRTM_3arc,Institutional,B,Manhole,Blended,Low
-22.863284,-43.226064,11.04,7.11,18.7,45.4,25,"Rio de Janeiro, Brazil",Zone III,SRTM_1arc,Industrial,,CurbInlet,Blended,Low
48.852955,2.417307,118.26,6.19,256.7,34.8,2,"Paris, France",Borough Harbor,Copernicus_EEA-10_v5,Institutional,C,Manhole,IMD,Low
28.568189,77.292327,66.95,6.01,100.0,21.9,10,"Delhi, India",District 9,SRTM_1arc,Residential,B,Manhole,LocalGauge,Low
19.394322,-99.158494,50.09,4.25,211.1,54.9,25,"Mexico City, Mexico",Zone VI,Copernicus_GLO-30_v2023,Green,D,Manhole,ERA5,Low
55.725958,12.631151,78.6,2.66,,44.4,10,"Copenhagen, Denmark",Borough Central,Copernicus_GLO-30_v2023,Water,B,Manhole,ERA5,Moderate
34.737155,135.482309,,5.55,113.0,16.8,50,"Osaka, Japan",Borough Riverside,Copernicus_GLO-90_v2022,Commercial,C,CurbInlet,ERA5,Low
2.999628,101.6485,31.37,6.18,,80.1,25,"Kuala Lumpur, Malaysia",Ward C,SRTM_1arc,Commercial,D,CurbInlet,Blended,Moderate
55.613245,12.569616,45.39,,67.7,10.3,2,"Copenhagen, Denmark",Ward B,Copernicus_GLO-30_v2023,Mixed,B,Manhole,IMD,Low
35.720696,139.649669,63.68,8.92,8.4,34.1,10,"Tokyo, Japan",Ward F,SRTM_1arc,Roads,C,GratedInlet,ERA5,Low
10.931769,106.519908,28.59,7.04,3.7,26.3,100,"Ho Chi Minh City, Vietnam",District 15,Copernicus_GLO-30_v2023,Residential,,GratedInlet,,Low
7.054557,79.830878,11.95,10.35,493.3,39.0,5,"Colombo, Sri Lanka",Zone IX,SRTM_3arc,Industrial,C,OpenChannel,IMD,Low
-34.626247,-58.399964,-3.0,5.4,51.0,24.4,10,"Buenos Aires, Argentina",Zone V,SRTM_3arc,Residential,D,CurbInlet,Blended,High
23.127854,72.576656,,6.84,299.1,21.4,100,"Ahmedabad, India",Zone I,Copernicus_GLO-30_v2023,Green,C,CurbInlet,ERA5,Low
-29.924032,31.014291,57.71,2.62,90.2,15.9,2,"Durban, South Africa",Borough Delta,Copernicus_GLO-30_v2023,Residential,B,Manhole,ERA5,Moderate
53.592178,9.957154,38.11,1.57,297.9,26.1,5,"Hamburg, Germany",Sector 28,SRTM_3arc,Green,C,Manhole,,Moderate
14.690519,120.901384,-3.0,4.63,106.8,59.4,5,"Manila, Philippines",Zone VI,Copernicus_GLO-90_v2022,Residential,D,CurbInlet,ERA5,High
-33.806806,151.172858,26.38,6.61,195.2,39.2,2,"Sydney, Australia",Sector 17,Copernicus_GLO-30_v2023,Institutional,C,CurbInlet,ERA5,Low
-33.872106,18.3264,5.18,2.84,42.2,45.0,10,"Cape Town, South Africa",Zone II,SRTM_3arc,Residential,C,CurbInlet,Blended,High
-22.951122,-43.260847,11.34,6.11,96.3,55.9,10,"Rio de Janeiro, Brazil",Ward D,SRTM_1arc,Mixed,B,CurbInlet,ERA5,Low
13.692472,100.572227,10.36,8.83,102.7,46.4,10,"Bangkok, Thailand",Borough North,SRTM_3arc,Industrial,B,Manhole,LocalGauge,Low
-33.827183,151.067937,12.7,6.12,105.2,30.5,5,"Sydney, Australia",Zone IX,Copernicus_GLO-30_v2023,Commercial,C,GratedInlet,LocalGauge,Low
37.916644,23.724819,58.01,8.31,159.3,57.1,10,"Athens, Greece",Ward A,Copernicus_GLO-90_v2022,Commercial,,GratedInlet,ERA5,Low
10.780936,106.629429,83.74,,31.3,27.8,25,"Ho Chi Minh City, Vietnam",Ward G,Copernicus_EEA-10_v5,Commercial,D,GratedInlet,Blended,Low
-33.79575,151.198359,,3.9,23.3,31.9,2,"Sydney, Australia",Borough Harbor,SRTM_1arc,Residential,A,Manhole,LocalGauge,Low
5.587829,-0.091954,-3.0,7.81,155.9,52.5,5,"Accra, Ghana",Ward C,SRTM_1arc,Residential,B,OpenChannel,LocalGauge,High
45.494786,-73.601424,72.63,4.56,79.0,15.0,2,"Montreal, Canada",District 15,SRTM_1arc,Green,A,GratedInlet,ERA5,Low
28.699424,77.108384,28.98,7.15,259.9,37.4,5,"Delhi, India",Zone IX,Copernicus_GLO-30_v2023,Informal,B,Manhole,ERA5,Low
37.745697,-122.382412,-3.0,6.09,123.7,37.5,2,"San Francisco, USA",Sector 4,Copernicus_GLO-30_v2023,Green,C,Manhole,ERA5,High
21.013838,105.787986,27.73,3.32,401.3,55.6,100,"Hanoi, Vietnam",District 16,Copernicus_GLO-30_v2023,Roads,D,OpenChannel,LocalGauge,Low
-34.640374,-58.35115,23.92,8.33,1.3,27.8,10,"Buenos Aires, Argentina",District 30,SRTM_1arc,Roads,A,OpenChannel,,Low
29.757997,-95.415891,57.09,7.96,193.4,26.9,2,"Houston, USA",Zone II,SRTM_1arc,Green,C,Manhole,LocalGauge,Low
6.52908,3.338762,4.45,5.13,378.8,38.0,2,"Lagos, Nigeria",Sector 13,Copernicus_GLO-30_v2023,Residential,D,,ERA5,High
-33.829791,151.249205,-3.0,6.3,85.6,73.6,10,"Sydney, Australia",District 14,Copernicus_GLO-30_v2023,Roads,,GratedInlet,ERA5,Very High
52.384417,5.016081,10.06,4.99,26.5,28.0,2,"Amsterdam, Netherlands",Zone V,Copernicus_EEA-10_v5,Residential,,CurbInlet,ERA5,Low
-34.047768,18.470014,153.69,2.29,115.0,23.7,2,"Cape Town, South Africa",Sector 9,Copernicus_GLO-30_v2023,Green,C,OpenChannel,,Very High
38.848084,-77.006142,48.37,3.33,106.1,34.7,100,"Washington DC, USA",District 7,Copernicus_GLO-90_v2022,Industrial,A,CurbInlet,LocalGauge,Low
-33.834706,18.386804,6.47,6.62,43.6,46.9,10,"Cape Town, South Africa",Borough West,Copernicus_EEA-10_v5,Industrial,D,CurbInlet,IMD,High
22.614555,114.119776,13.61,8.16,215.9,78.8,50,"Shenzhen, China",District 19,Copernicus_GLO-30_v2023,Roads,B,OpenChannel,Blended,Low
38.813354,-77.080088,6.64,,,33.1,5,"Washington DC, USA",Ward D,Copernicus_GLO-90_v2022,Roads,,CurbInlet,,High
25.070012,121.516686,74.22,4.46,101.6,37.0,5,"Taipei, Taiwan",Ward G,SRTM_3arc,Residential,A,GratedInlet,ERA5,Low
24.836508,66.943636,108.23,3.71,23.2,73.3,50,"Karachi, Pakistan",Sector 5,SRTM_3arc,Residential,,GratedInlet,ERA5,Low
-34.672596,-58.445738,19.87,5.17,67.1,22.3,5,"Buenos Aires, Argentina",Zone III,Copernicus_EEA-10_v5,Commercial,B,Manhole,IMD,Low
3.214714,101.674473,50.89,4.85,40.4,94.2,25,"Kuala Lumpur, Malaysia",Zone IV,SRTM_1arc,Residential,,CurbInlet,ERA5,Moderate
1.36216,103.771226,12.29,2.45,157.0,67.1,50,"Singapore, Singapore",Sector 5,SRTM_3arc,Water,B,Manhole,ERA5,Moderate
29.701419,-95.26556,12.35,6.39,100.9,64.1,100,"Houston, USA",Borough Old Town,SRTM_1arc,Residential,D,CurbInlet,,Low
1.431328,103.866152,7.53,3.65,352.3,50.4,2,"Singapore, Singapore",Zone III,Copernicus_GLO-30_v2023,Green,B,Manhole,ERA5,High
-33.850269,151.201521,-1.61,3.09,84.9,25.2,2,"Sydney, Australia",Zone I,SRTM_1arc,Residential,C,CurbInlet,ERA5,High
19.404352,-99.113316,,4.81,330.8,28.8,5,"Mexico City, Mexico",Sector 8,Copernicus_GLO-30_v2023,Commercial,A,OpenChannel,Blended,Low
41.944682,12.62506,94.76,6.98,141.8,67.6,2,"Rome, Italy",District 24,Copernicus_GLO-30_v2023,Institutional,C,OpenChannel,,Low
29.891411,-90.052957,5.99,8.9,125.2,49.0,2,"New Orleans, USA",Ward B,Copernicus_GLO-90_v2022,Roads,,Manhole,Blended,High
5.546579,-0.124282,-0.98,4.33,66.7,39.2,50,"Accra, Ghana",Zone I,SRTM_3arc,Residential,B,CurbInlet,ERA5,High
31.21804,121.568636,18.03,5.64,0.8,37.2,5,"Shanghai, China",Sector 21,Copernicus_GLO-90_v2022,Residential,D,CurbInlet,IMD,Low
37.778385,127.016769,,5.84,640.1,29.5,25,"Seoul, South Korea",Zone I,SRTM_3arc,Commercial,C,,IMD,Low
25.843906,-80.29028,6.6,7.62,,114.4,10,"Miami, USA",Zone II,Copernicus_GLO-30_v2023,Commercial,C,OpenChannel,,Very High
24.827549,67.086008,54.89,5.84,6.2,51.1,5,"Karachi, Pakistan",Zone I,Copernicus_GLO-30_v2023,Residential,C,OpenChannel,ERA5,Low
31.275649,121.540097,0.27,,146.3,30.6,100,"Shanghai, China",Borough East,Copernicus_GLO-30_v2023,Residential,C,OpenChannel,Blended,Very High
13.155329,80.300037,3.09,3.28,95.3,73.1,2,"Chennai, India",Borough Harbor,Copernicus_GLO-30_v2023,Green,,CurbInlet,IMD,High
5.703659,-0.240675,8.44,10.43,410.8,50.5,2,"Accra, Ghana",Borough Old Town,SRTM_1arc,Roads,B,OpenChannel,,Low
49.265706,-123.162702,-3.0,8.91,57.6,45.0,2,"Vancouver, Canada",Zone II,SRTM_3arc,Commercial,C,CurbInlet,Blended,High
53.720825,10.0605,61.6,7.22,,21.6,5,"Hamburg, Germany",District 21,SRTM_3arc,Industrial,B,CurbInlet,IMD,Low
25.226724,51.514155,17.4,8.07,121.9,27.1,25,"Doha, Qatar",Ward I,SRTM_1arc,Industrial,D,Manhole,Blended,Low
14.594251,120.884438,2.62,5.37,231.9,82.5,10,"Manila, Philippines",Sector 3,SRTM_1arc,Residential,B,GratedInlet,Blended,High
-27.407839,153.070136,44.14,8.47,23.9,39.0,2,"Brisbane, Australia",Ward B,Copernicus_GLO-30_v2023,Commercial,C,CurbInlet,,Low
-27.443145,153.096118,88.08,6.86,83.1,27.1,2,"Brisbane, Australia",Borough Old Town,Copernicus_EEA-10_v5,Roads,A,CurbInlet,IMD,Low
-6.213531,106.79718,6.55,9.09,260.5,49.0,2,"Jakarta, Indonesia",Zone VII,Copernicus_GLO-30_v2023,Roads,A,,ERA5,High
10.845321,106.506172,-3.0,4.82,66.8,62.6,5,"Ho Chi Minh City, Vietnam",Sector 29,SRTM_1arc,Residential,B,Manhole,IMD,High
19.15739,72.8669,5.53,5.73,56.0,122.4,50,"Mumbai, India",District 28,SRTM_1arc,Residential,A,OpenChannel,ERA5,Very High
29.994064,-89.925057,7.02,,13.2,44.7,5,"New Orleans, USA",Ward C,SRTM_1arc,Residential,D,CurbInlet,ERA5,High
-12.053974,-77.036816,64.29,6.03,131.9,24.5,5,"Lima, Peru",District 22,Copernicus_GLO-30_v2023,Industrial,D,Manhole,ERA5,Low
37.755462,-122.538357,74.63,8.28,,78.8,50,"San Francisco, USA",Sector 15,Copernicus_GLO-30_v2023,Roads,C,,,Low
35.63636,51.409971,46.88,5.67,147.5,17.1,5,"Tehran, Iran",Sector 10,Copernicus_GLO-90_v2022,Commercial,A,CurbInlet,Blended,Low
35.726909,51.400112,54.87,9.88,98.4,50.3,5,"Tehran, Iran",Ward H,Copernicus_GLO-30_v2023,Commercial,,Manhole,ERA5,Low
12.950089,77.616299,17.13,3.19,,15.8,2,"Bengaluru, India",Ward E,Copernicus_EEA-10_v5,Green,B,Manhole,IMD,Low
-23.547826,-46.675882,32.9,8.5,75.6,61.6,5,"Sao Paulo, Brazil",District 21,Copernicus_GLO-30_v2023,Roads,A,Manhole,,Low
4.701989,-74.117255,135.92,3.65,17.8,40.1,50,"Bogotá, Colombia",Zone III,Copernicus_GLO-30_v2023,Roads,C,GratedInlet,LocalGauge,Low
28.646746,77.233784,85.92,6.73,3.6,32.7,25,"Delhi, India",Ward I,Copernicus_GLO-30_v2023,Residential,B,CurbInlet,Blended,Low
53.550435,9.920243,80.73,6.27,43.4,24.0,2,"Hamburg, Germany",District 1,SRTM_3arc,Green,C,,Blended,Low
49.270085,-123.145004,27.03,5.23,259.1,33.9,10,"Vancouver, Canada",Borough Hillside,Copernicus_GLO-90_v2022,Residential,A,OpenChannel,ERA5,Low
48.851636,2.263565,68.84,5.94,83.0,41.8,10,"Paris, France",Zone I,Copernicus_GLO-30_v2023,Residential,C,CurbInlet,ERA5,Low
34.779272,135.462668,111.75,4.47,352.8,14.8,10,"Osaka, Japan",Borough Delta,SRTM_1arc,Industrial,,OpenChannel,IMD,Low
37.978103,23.822463,96.37,,,33.8,5,"Athens, Greece",District 14,SRTM_3arc,Residential,B,GratedInlet,Blended,Low
45.490815,-73.63797,45.77,,80.3,22.5,25,"Montreal, Canada",Borough Old Town,Copernicus_GLO-90_v2022,Commercial,B,CurbInlet,Blended,Low
1.176167,103.803514,11.1,6.34,64.9,95.7,5,"Singapore, Singapore",Ward D,Copernicus_GLO-30_v2023,Residential,B,CurbInlet,IMD,Moderate
28.609078,77.184699,73.97,,87.6,25.2,5,"Delhi, India",District 4,Copernicus_GLO-30_v2023,Residential,D,CurbInlet,IMD,Low
45.507582,-73.503243,-0.01,5.28,33.9,58.8,10,"Montreal, Canada",Ward D,Copernicus_GLO-30_v2023,Roads,,CurbInlet,ERA5,High
14.483235,120.886102,12.69,1.39,65.2,53.3,10,"Manila, Philippines",Borough North,Copernicus_GLO-90_v2022,Green,B,Manhole,IMD,Very High
-29.876827,31.100775,56.29,7.41,153.8,34.8,10,"Durban, South Africa",Sector 4,SRTM_1arc,Institutional,,CurbInlet,LocalGauge,Low
19.076808,72.903393,19.91,4.49,11.1,75.3,25,"Mumbai, India",Ward H,SRTM_1arc,Residential,B,Manhole,Blended,Low
13.073132,77.645517,18.52,5.63,,24.2,50,"Bengaluru, India",Sector 7,Copernicus_GLO-30_v2023,Residential,C,,ERA5,Low
23.728247,90.423786,0.03,4.98,21.4,74.4,25,"Dhaka, Bangladesh",Ward B,Copernicus_GLO-30_v2023,Industrial,A,GratedInlet,Blended,High
10.820995,106.595871,45.52,2.86,286.2,34.7,5,"Ho Chi Minh City, Vietnam",District 30,SRTM_3arc,Residential,B,OpenChannel,Blended,Moderate
41.052661,29.016774,32.1,7.64,42.4,30.4,10,"Istanbul, Türkiye",Borough Old Town,SRTM_3arc,Residential,C,Manhole,Blended,Low
-33.893375,18.367801,19.74,5.4,68.7,24.1,10,"Cape Town, South Africa",Zone VII,SRTM_1arc,Residential,,GratedInlet,ERA5,Low
37.484222,126.90918,1.98,8.64,152.5,26.3,10,"Seoul, South Korea",Zone II,Copernicus_GLO-90_v2022,Commercial,C,CurbInlet,Blended,High
25.143843,55.218311,86.96,6.0,18.8,10.8,2,"Dubai, UAE",Ward I,Copernicus_GLO-30_v2023,Residential,A,GratedInlet,ERA5,Low
37.486727,127.119178,36.75,4.68,105.3,39.5,5,"Seoul, South Korea",Ward C,Copernicus_EEA-10_v5,Roads,A,CurbInlet,ERA5,Low
1.441409,103.78833,-0.94,3.65,9.4,73.0,5,"Singapore, Singapore",Sector 3,SRTM_1arc,Roads,C,OpenChannel,Blended,High
17.410482,78.465957,70.47,4.79,225.3,20.2,2,"Hyderabad, India",Ward A,SRTM_1arc,Green,C,Manhole,ERA5,Low
48.915213,2.366951,25.91,4.76,178.0,15.0,10,"Paris, France",Sector 10,SRTM_3arc,Residential,B,OpenChannel,ERA5,Low
22.389554,114.209162,10.78,6.69,110.6,53.9,25,"Hong Kong, China",Zone V,Copernicus_GLO-30_v2023,Institutional,C,Manhole,,Low
40.768175,-74.000628,37.41,8.91,26.5,36.7,50,"New York, USA",Zone IV,SRTM_1arc,Industrial,,GratedInlet,LocalGauge,Low
40.662185,-74.056807,21.09,6.97,2.0,22.2,50,"New York, USA",Sector 10,Copernicus_EEA-10_v5,Roads,,CurbInlet,IMD,Low
25.306849,55.297296,65.46,8.57,231.1,14.9,2,"Dubai, UAE",Zone II,SRTM_1arc,Commercial,B,OpenChannel,ERA5,Low
37.560969,127.063213,96.07,5.7,41.4,43.3,10,"Seoul, South Korea",Ward I,Copernicus_GLO-30_v2023,Institutional,C,CurbInlet,ERA5,Low
35.759233,51.441429,1.86,,195.2,23.7,2,"Tehran, Iran",Sector 7,SRTM_1arc,Green,,OpenChannel,ERA5,High
24.662296,46.544268,93.23,4.83,51.5,14.6,2,"Riyadh, Saudi Arabia",District 1,SRTM_3arc,Institutional,D,CurbInlet,IMD,Low
-33.922298,18.527665,116.15,7.03,45.8,43.1,5,"Cape Town, South Africa",Borough Old Town,Copernicus_GLO-30_v2023,Residential,B,GratedInlet,LocalGauge,Low
25.754888,-80.144672,11.33,6.71,32.3,54.6,10,"Miami, USA",Sector 27,Copernicus_EEA-10_v5,Commercial,C,Manhole,LocalGauge,Low
25.78618,-80.088194,10.69,8.7,86.2,77.7,100,"Miami, USA",District 20,Copernicus_GLO-30_v2023,Roads,D,GratedInlet,Blended,Low
51.928137,4.484874,12.53,6.32,335.4,21.8,2,"Rotterdam, Netherlands",Zone IX,Copernicus_EEA-10_v5,Mixed,B,OpenChannel,LocalGauge,Low
37.526164,126.977116,18.63,8.07,19.4,53.5,2,"Seoul, South Korea",Zone I,Copernicus_GLO-30_v2023,Commercial,B,Manhole,ERA5,Low
13.034016,80.229686,15.46,,40.0,44.9,50,"Chennai, India",District 29,Copernicus_EEA-10_v5,Commercial,A,GratedInlet,ERA5,Low
10.762099,106.597214,43.73,7.01,100.4,54.3,2,"Ho Chi Minh City, Vietnam",District 15,Copernicus_GLO-30_v2023,Residential,C,CurbInlet,ERA5,Low
38.863164,-76.867894,66.66,6.53,28.8,11.4,50,"Washington DC, USA",Borough Harbor,Copernicus_EEA-10_v5,Residential,C,GratedInlet,ERA5,Low
39.930562,-75.065204,13.7,3.56,,32.7,50,"Philadelphia, USA",Zone VI,Copernicus_GLO-30_v2023,Green,D,CurbInlet,ERA5,Low
22.629714,88.357913,,3.87,26.5,57.4,50,"Kolkata, India",Zone V,Copernicus_GLO-30_v2023,Residential,D,Manhole,LocalGauge,Low
48.976621,2.280111,53.37,2.23,279.4,53.9,25,"Paris, France",District 18,SRTM_3arc,Water,D,Manhole,ERA5,Very High
22.501791,114.315287,8.87,8.25,179.9,63.5,25,"Hong Kong, China",Ward F,SRTM_1arc,Commercial,C,GratedInlet,ERA5,Low
-29.854879,31.077289,89.14,6.56,108.7,24.2,2,"Durban, South Africa",Zone IV,Copernicus_GLO-30_v2023,Commercial,D,CurbInlet,LocalGauge,Low
24.721389,46.653552,26.13,5.04,30.6,51.0,100,"Riyadh, Saudi Arabia",Ward I,Copernicus_GLO-30_v2023,Residential,,GratedInlet,IMD,Low
22.532568,88.353014,-3.0,4.33,46.9,15.0,2,"Kolkata, India",Ward B,SRTM_1arc,Roads,D,Manhole,ERA5,Very High
1.42136,103.799418,8.11,9.07,84.4,75.1,25,"Singapore, Singapore",Sector 1,SRTM_3arc,Commercial,,GratedInlet,LocalGauge,Low
48.748143,2.409918,65.58,8.79,113.5,32.6,5,"Paris, France",District 2,Copernicus_EEA-10_v5,Industrial,D,Manhole,Blended,Low
31.226053,121.538879,1.84,6.91,97.8,36.8,2,"Shanghai, China",Borough West,Copernicus_GLO-90_v2022,Industrial,D,Manhole,Blended,High
-33.972494,151.193279,21.38,6.43,75.8,24.4,100,"Sydney, Australia",Ward A,SRTM_3arc,Informal,B,Manhole,Blended,Low
49.316981,-123.137074,-0.93,7.33,55.1,49.7,50,"Vancouver, Canada",Borough Harbor,Copernicus_GLO-30_v2023,Residential,D,GratedInlet,ERA5,High
13.802464,100.668429,17.52,5.91,58.8,81.3,50,"Bangkok, Thailand",Borough Central,SRTM_1arc,Roads,C,CurbInlet,LocalGauge,Moderate
17.577729,78.431846,68.9,6.12,311.6,33.8,2,"Hyderabad, India",Zone I,Copernicus_GLO-30_v2023,Green,,CurbInlet,ERA5,Low
22.680852,88.393461,87.43,8.18,43.2,55.2,25,"Kolkata, India",Borough Riverside,SRTM_1arc,Residential,,GratedInlet,ERA5,Low
-23.561817,-46.664354,81.94,4.74,20.2,88.0,50,"Sao Paulo, Brazil",Ward A,SRTM_1arc,Commercial,,GratedInlet,ERA5,Moderate
22.237279,114.156947,3.85,6.8,77.7,39.3,25,"Hong Kong, China",Ward G,SRTM_1arc,Residential,A,Manhole,,High
22.4996,88.359547,66.16,6.95,48.2,27.1,5,"Kolkata, India",District 3,Copernicus_GLO-90_v2022,Commercial,,GratedInlet,ERA5,Low
4.60435,-74.02567,212.73,4.24,158.8,30.1,5,"Bogotá, Colombia",Borough Old Town,Copernicus_GLO-30_v2023,Residential,A,CurbInlet,Blended,Low
3.141961,101.814395,71.52,6.97,15.8,73.9,10,"Kuala Lumpur, Malaysia",Zone X,Copernicus_GLO-30_v2023,Residential,C,Manhole,IMD,Low
37.509635,127.173719,70.57,9.64,128.0,47.8,10,"Seoul, South Korea",Borough South,Copernicus_GLO-30_v2023,Commercial,C,Manhole,Blended,Low
25.189682,55.328704,63.69,6.66,108.9,19.0,10,"Dubai, UAE",Ward H,SRTM_3arc,Industrial,B,OpenChannel,IMD,Low
35.652886,51.252686,91.54,8.04,194.5,17.1,25,"Tehran, Iran",Borough Delta,Copernicus_GLO-30_v2023,Commercial,C,OpenChannel,Blended,Low
39.858013,-75.118309,,5.02,175.3,27.5,5,"Philadelphia, USA",Zone VI,Copernicus_EEA-10_v5,Green,A,OpenChannel,IMD,Low
23.83145,90.425708,45.63,1.8,166.7,57.4,10,"Dhaka, Bangladesh",Borough Harbor,SRTM_1arc,Green,C,CurbInlet,IMD,Moderate
1.370251,103.761762,7.79,6.81,379.3,36.5,5,"Singapore, Singapore",Borough Riverside,Copernicus_GLO-90_v2022,Green,,Manhole,ERA5,High
45.425643,-73.518123,75.87,8.01,50.6,28.8,2,"Montreal, Canada",Sector 22,SRTM_3arc,Roads,D,GratedInlet,IMD,Low
-22.948421,-43.130225,14.34,8.39,41.0,122.9,50,"Rio de Janeiro, Brazil",Sector 30,SRTM_1arc,Residential,B,Manhole,LocalGauge,Moderate
23.77433,90.463371,78.53,10.19,88.2,150.0,25,"Dhaka, Bangladesh",Zone VIII,Copernicus_GLO-30_v2023,Roads,B,Manhole,ERA5,Moderate
37.944089,23.626826,61.86,9.31,,25.1,2,"Athens, Greece",District 15,SRTM_1arc,Roads,C,Manhole,IMD,Low
40.716122,-73.895498,39.88,7.52,140.0,23.1,2,"New York, USA",Borough West,SRTM_1arc,Roads,D,OpenChannel,LocalGauge,Low
24.73283,46.769581,37.0,,182.2,22.1,50,"Riyadh, Saudi Arabia",Zone IV,Copernicus_GLO-30_v2023,Roads,A,OpenChannel,ERA5,Low
23.077306,72.546733,,5.92,68.3,31.8,5,"Ahmedabad, India",Ward B,Copernicus_EEA-10_v5,Commercial,A,CurbInlet,Blended,Low
34.808254,135.399325,75.0,3.84,,17.2,5,"Osaka, Japan",Zone VII,Copernicus_GLO-30_v2023,Green,A,Manhole,Blended,Low
40.90806,28.955118,40.95,8.66,20.1,20.6,25,"Istanbul, Türkiye",Sector 30,SRTM_3arc,Commercial,C,GratedInlet,ERA5,Low
31.188263,121.577484,,8.12,45.8,51.1,2,"Shanghai, China",Borough South,SRTM_1arc,Commercial,,Manhole,Blended,Low
22.6338,113.957179,19.82,,282.2,74.3,5,"Shenzhen, China",Zone VIII,Copernicus_GLO-30_v2023,Commercial,A,OpenChannel,LocalGauge,Low
29.816993,-95.483314,7.7,9.71,34.9,39.9,5,"Houston, USA",Ward K,Copernicus_GLO-30_v2023,Commercial,D,Manhole,IMD,High
25.296841,51.419735,,3.72,173.6,9.3,2,"Doha, Qatar",Ward A,SRTM_1arc,Green,B,CurbInlet,Blended,Low
22.666964,114.099563,10.28,6.14,173.4,92.4,10,"Shenzhen, China",Zone VIII,SRTM_1arc,Residential,,OpenChannel,ERA5,Moderate
25.073592,121.459319,56.33,4.97,16.7,30.5,50,"Taipei, Taiwan",Ward B,SRTM_3arc,Roads,C,OpenChannel,LocalGauge,Low
40.60163,-74.01895,35.67,5.66,11.3,22.5,2,"New York, USA",Borough North,SRTM_1arc,Residential,,,Blended,Low
37.811049,-122.48714,-3.0,8.23,388.5,47.8,10,"San Francisco, USA",District 27,Copernicus_GLO-30_v2023,Residential,D,OpenChannel,ERA5,Very High
17.368676,78.469696,15.12,5.55,72.3,22.4,10,"Hyderabad, India",Sector 26,SRTM_1arc,Commercial,,Manhole,ERA5,Low
-33.905455,151.202563,13.67,,,53.8,5,"Sydney, Australia",Borough South,Copernicus_GLO-30_v2023,Industrial,A,OpenChannel,LocalGauge,Low
34.610145,135.613167,12.39,5.77,,20.5,2,"Osaka, Japan",Ward I,SRTM_1arc,Roads,B,CurbInlet,Blended,Low
12.89027,77.492583,30.94,7.55,84.9,29.5,10,"Bengaluru, India",Sector 25,Copernicus_GLO-30_v2023,Residential,A,Manhole,ERA5,Low
25.806785,-80.22264,-3.0,5.78,65.1,65.4,2,"Miami, USA",District 29,SRTM_1arc,Commercial,D,Manhole,LocalGauge,High
23.039816,113.427175,21.93,6.02,,104.6,10,"Guangzhou, China",Ward G,Copernicus_GLO-30_v2023,Residential,B,Manhole,,Moderate
-36.939798,174.795726,,10.86,249.4,28.2,50,"Auckland, New Zealand",District 29,Copernicus_GLO-90_v2022,Mixed,B,OpenChannel,ERA5,Low
40.962407,28.929278,28.58,8.72,82.1,18.0,50,"Istanbul, Türkiye",Sector 9,SRTM_3arc,Roads,A,Manhole,ERA5,Low
-33.914459,18.497859,99.22,,77.6,90.8,50,"Cape Town, South Africa",Zone X,SRTM_1arc,Commercial,A,Manhole,ERA5,Moderate
38.909188,-77.043153,54.54,4.79,170.3,19.4,25,"Washington DC, USA",District 17,SRTM_3arc,Residential,C,CurbInlet,LocalGauge,Low
24.84062,67.055302,179.89,5.18,,37.8,2,"Karachi, Pakistan",Sector 27,Copernicus_GLO-30_v2023,Roads,B,GratedInlet,LocalGauge,Low
-27.489132,152.993169,138.78,7.43,91.9,42.9,50,"Brisbane, Australia",Ward C,SRTM_3arc,Green,,CurbInlet,LocalGauge,Low
41.894295,12.59791,65.5,6.49,72.6,55.8,50,"Rome, Italy",Zone VIII,Copernicus_GLO-30_v2023,Commercial,A,OpenChannel,ERA5,Low
41.317925,2.28512,4.99,8.16,99.0,30.3,2,"Barcelona, Spain",Ward G,Copernicus_GLO-90_v2022,Commercial,,GratedInlet,Blended,High
3.108174,101.679408,,2.37,95.8,43.5,10,"Kuala Lumpur, Malaysia",Zone III,Copernicus_EEA-10_v5,Green,A,CurbInlet,ERA5,Moderate
25.232692,51.587294,66.57,6.63,355.9,20.1,2,"Doha, Qatar",Sector 30,Copernicus_EEA-10_v5,Commercial,B,OpenChannel,ERA5,Low
37.829177,-122.288314,62.15,10.16,29.4,84.5,50,"San Francisco, USA",Ward A,Copernicus_GLO-90_v2022,Roads,D,GratedInlet,ERA5,Moderate
-12.034653,-77.222973,72.22,3.72,268.7,26.8,50,"Lima, Peru",District 12,SRTM_1arc,Residential,,OpenChannel,,Low
-33.90397,18.531643,183.75,5.74,62.5,20.1,50,"Cape Town, South Africa",Sector 4,Copernicus_GLO-30_v2023,Mixed,B,Manhole,ERA5,Low
5.561875,-0.143218,15.46,4.29,88.5,86.6,50,"Accra, Ghana",District 4,Copernicus_GLO-30_v2023,Roads,C,CurbInlet,Blended,Moderate
2.936132,101.674927,90.35,6.72,139.9,70.4,5,"Kuala Lumpur, Malaysia",Sector 16,SRTM_1arc,Water,D,CurbInlet,ERA5,Low
-27.505798,153.098832,99.93,3.68,,21.9,2,"Brisbane, Australia",Borough Harbor,SRTM_1arc,Green,,OpenChannel,LocalGauge,Low
6.467888,3.412665,3.65,3.79,,64.3,25,"Lagos, Nigeria",District 17,Copernicus_GLO-30_v2023,Commercial,B,Manhole,ERA5,High
29.895365,-90.02866,-1.31,6.53,141.2,43.4,5,"New Orleans, USA",Zone VI,SRTM_3arc,Green,,CurbInlet,ERA5,High
-6.258846,106.771621,7.56,5.48,,95.6,100,"Jakarta, Indonesia",District 2,Copernicus_GLO-30_v2023,Green,D,GratedInlet,IMD,Very High
17.318797,78.497032,41.65,7.6,144.7,40.4,5,"Hyderabad, India",Borough East,Copernicus_GLO-30_v2023,Green,,GratedInlet,IMD,Low
23.071024,113.371293,6.61,10.24,62.7,67.2,10,"Guangzhou, China",District 20,Copernicus_GLO-30_v2023,Roads,A,CurbInlet,ERA5,High
21.011634,105.814595,48.05,3.43,228.0,101.8,50,"Hanoi, Vietnam",Borough Riverside,SRTM_1arc,Institutional,C,CurbInlet,LocalGauge,Moderate
41.87157,12.481181,94.24,2.38,79.4,41.7,2,"Rome, Italy",Ward B,SRTM_1arc,Residential,A,OpenChannel,ERA5,Moderate
-36.966301,174.712946,46.25,7.19,,52.3,10,"Auckland, New Zealand",Ward F,SRTM_1arc,Industrial,A,,ERA5,Low
-29.884201,31.055121,56.76,4.13,155.2,19.0,5,"Durban, South Africa",Ward D,SRTM_3arc,Residential,B,OpenChannel,ERA5,Low
35.56115,139.591482,46.9,9.63,72.0,25.1,5,"Tokyo, Japan",District 24,Copernicus_EEA-10_v5,Industrial,C,GratedInlet,Blended,Low
41.404864,2.194451,6.9,6.28,180.1,15.5,10,"Barcelona, Spain",Zone I,SRTM_3arc,Green,B,CurbInlet,IMD,High
37.589993,127.040964,14.95,3.05,122.1,45.7,10,"Seoul, South Korea",Sector 22,Copernicus_EEA-10_v5,Residential,D,CurbInlet,ERA5,Low
37.772098,23.641188,-3.0,10.3,511.6,51.9,5,"Athens, Greece",Borough West,SRTM_3arc,Roads,C,OpenChannel,ERA5,Very High
-23.581959,-46.695681,63.41,7.61,25.0,150.0,5,"Sao Paulo, Brazil",Zone VIII,Copernicus_EEA-10_v5,Residential,D,CurbInlet,Blended,High
37.956735,23.651223,49.63,4.87,70.9,54.0,5,"Athens, Greece",Ward F,SRTM_3arc,Commercial,B,GratedInlet,LocalGauge,Low
-6.113062,106.856855,4.2,7.94,37.0,76.6,25,"Jakarta, Indonesia",Sector 25,SRTM_1arc,Commercial,A,CurbInlet,ERA5,High
45.678659,-73.539228,-3.0,,181.1,29.0,100,"Montreal, Canada",District 9,Copernicus_GLO-90_v2022,Institutional,A,GratedInlet,ERA5,High
20.971154,105.815383,79.94,5.49,118.1,69.7,25,"Hanoi, Vietnam",District 9,SRTM_3arc,Commercial,C,CurbInlet,ERA5,Low
53.587267,10.064033,51.8,6.51,12.0,70.7,10,"Hamburg, Germany",Zone I,SRTM_3arc,Residential,D,Manhole,ERA5,Low
10.803961,106.709404,39.17,7.32,,111.0,25,"Ho Chi Minh City, Vietnam",Zone II,Copernicus_EEA-10_v5,Institutional,D,GratedInlet,ERA5,Moderate
17.431337,78.482361,50.9,7.47,93.1,29.4,25,"Hyderabad, India",Borough West,SRTM_3arc,Roads,B,CurbInlet,IMD,Low
55.568589,12.555565,64.66,,195.5,33.3,2,"Copenhagen, Denmark",Sector 18,Copernicus_GLO-90_v2022,Roads,D,OpenChannel,ERA5,Low
37.707094,-122.55294,128.62,,67.6,42.6,50,"San Francisco, USA",Ward H,SRTM_1arc,Roads,C,CurbInlet,ERA5,Low
29.925943,-90.229583,16.29,7.38,154.7,34.6,5,"New Orleans, USA",Zone IX,SRTM_1arc,Residential,B,CurbInlet,IMD,Low
13.104309,80.26785,8.8,4.97,309.2,150.0,50,"Chennai, India",Sector 20,Copernicus_EEA-10_v5,Green,D,GratedInlet,LocalGauge,Very High
13.017994,77.595406,-3.0,6.06,107.3,37.4,5,"Bengaluru, India",Zone VII,SRTM_1arc,Residential,A,Manhole,,High
51.95351,4.43569,,7.01,23.9,49.5,25,"Rotterdam, Netherlands",Ward I,SRTM_1arc,Industrial,,GratedInlet,ERA5,Low
23.248502,113.100297,31.23,6.01,47.5,64.5,2,"Guangzhou, China",District 18,SRTM_3arc,Roads,B,Manhole,Blended,Low
19.410303,-99.065479,23.58,7.82,2.5,36.3,50,"Mexico City, Mexico",Zone III,SRTM_3arc,Mixed,,CurbInlet,ERA5,Low
-1.18951,36.645351,-3.0,3.49,101.9,27.0,2,"Nairobi, Kenya",District 18,SRTM_3arc,Green,A,CurbInlet,ERA5,High
-1.351142,36.729326,20.55,7.79,11.8,24.9,5,"Nairobi, Kenya",Zone VIII,SRTM_1arc,Commercial,B,GratedInlet,,Low
38.95727,-77.028545,27.81,3.94,166.4,30.9,5,"Washington DC, USA",Sector 25,Copernicus_GLO-30_v2023,Roads,D,CurbInlet,LocalGauge,Low
29.745037,-95.426991,67.81,3.54,1.4,28.6,50,"Houston, USA",Ward B,SRTM_3arc,Residential,C,GratedInlet,LocalGauge,Low
37.589517,126.978738,15.71,5.43,114.7,31.6,5,"Seoul, South Korea",Ward D,Copernicus_GLO-30_v2023,Roads,,GratedInlet,ERA5,Low
39.796212,-75.086139,126.85,3.8,99.7,13.8,50,"Philadelphia, USA",Sector 12,Copernicus_GLO-30_v2023,Roads,D,GratedInlet,ERA5,Low
49.244319,-123.164117,33.39,5.57,65.8,10.4,10,"Vancouver, Canada",Zone VI,SRTM_1arc,Residential,C,CurbInlet,Blended,Low
-27.4875,152.928456,39.85,5.51,20.7,24.8,2,"Brisbane, Australia",Borough Central,Copernicus_GLO-30_v2023,Mixed,B,CurbInlet,ERA5,Low
37.863263,-122.496667,85.42,4.71,47.0,21.5,5,"San Francisco, USA",Ward I,Copernicus_GLO-30_v2023,Residential,D,CurbInlet,ERA5,Low
24.618834,46.715941,16.9,8.1,112.5,19.8,2,"Riyadh, Saudi Arabia",Borough Old Town,Copernicus_EEA-10_v5,Roads,C,Manhole,LocalGauge,Low
-1.222731,36.834578,30.97,6.93,112.7,16.9,2,"Nairobi, Kenya",Sector 27,SRTM_1arc,Roads,B,CurbInlet,ERA5,Low
-22.801091,-43.109419,15.05,4.53,134.1,44.8,5,"Rio de Janeiro, Brazil",Borough Old Town,Copernicus_GLO-30_v2023,Roads,D,Manhole,,Low
-12.107165,-77.247293,-3.0,2.89,55.3,30.8,2,"Lima, Peru",Borough South,SRTM_1arc,Residential,B,Manhole,Blended,High
40.673152,-74.102453,66.62,7.23,51.9,18.0,5,"New York, USA",Borough East,Copernicus_GLO-30_v2023,Roads,C,CurbInlet,ERA5,Low
21.055166,105.850275,45.91,6.57,99.9,67.5,5,"Hanoi, Vietnam",District 26,Copernicus_GLO-30_v2023,Residential,,OpenChannel,ERA5,Low
30.028632,-90.207608,8.61,3.65,256.2,33.5,10,"New Orleans, USA",Zone VI,Copernicus_GLO-90_v2022,Green,A,CurbInlet,ERA5,Low
45.562983,-73.595338,6.88,4.29,74.2,26.0,25,"Montreal, Canada",Ward I,SRTM_1arc,Industrial,A,GratedInlet,ERA5,High
-34.570408,-58.444002,115.96,2.67,211.0,76.7,5,"Buenos Aires, Argentina",Sector 20,Copernicus_GLO-30_v2023,Residential,,OpenChannel,IMD,Moderate
-12.174376,-76.884458,14.42,8.65,169.3,26.2,5,"Lima, Peru",Ward B,SRTM_3arc,Green,A,CurbInlet,ERA5,Low
17.49296,78.525816,52.24,7.49,113.1,50.7,10,"Hyderabad, India",Borough Delta,SRTM_1arc,Roads,B,GratedInlet,ERA5,Low
-23.587028,-46.657887,53.56,,91.4,50.6,10,"Sao Paulo, Brazil",Ward J,Copernicus_GLO-30_v2023,Roads,D,CurbInlet,ERA5,Low
4.690474,-73.953728,140.86,4.37,13.9,10.6,100,"Bogotá, Colombia",Sector 11,Copernicus_EEA-10_v5,Residential,,Manhole,Blended,Low
14.518679,121.009838,0.04,10.44,41.7,51.7,25,"Manila, Philippines",Zone II,SRTM_3arc,Industrial,B,Manhole,ERA5,High
23.76983,90.548649,50.32,8.37,203.2,57.9,10,"Dhaka, Bangladesh",Ward H,SRTM_1arc,Institutional,A,CurbInlet,ERA5,Low
49.338744,-123.153135,6.47,3.18,,52.0,5,"Vancouver, Canada",Ward H,Copernicus_GLO-30_v2023,Institutional,D,OpenChannel,Blended,Very High
40.975756,29.001839,44.07,6.48,56.1,26.1,5,"Istanbul, Türkiye",District 12,SRTM_3arc,Residential,B,CurbInlet,LocalGauge,Low
13.050553,80.211486,27.0,5.45,125.5,44.9,5,"Chennai, India",Borough Central,Copernicus_EEA-10_v5,Roads,D,GratedInlet,ERA5,Low
12.934398,77.653962,44.67,9.05,23.1,72.8,10,"Bengaluru, India",Ward E,SRTM_1arc,Commercial,D,Manhole,ERA5,Low
22.55299,114.051833,6.78,5.16,77.6,146.6,10,"Shenzhen, China",Zone VI,Copernicus_GLO-30_v2023,Mixed,C,Manhole,ERA5,Very High
37.513033,126.99682,74.25,6.68,60.8,25.3,100,"Seoul, South Korea",District 6,Copernicus_GLO-90_v2022,Roads,A,CurbInlet,LocalGauge,Low
-6.182398,106.882676,,3.48,207.8,111.2,100,"Jakarta, Indonesia",District 16,SRTM_3arc,Institutional,D,CurbInlet,LocalGauge,Very High
12.902046,77.606774,69.16,8.45,80.2,45.3,25,"Bengaluru, India",District 19,SRTM_3arc,Roads,D,CurbInlet,,Low
-34.092015,18.50636,26.65,,86.0,27.4,2,"Cape Town, South Africa",Sector 17,SRTM_1arc,Roads,D,Manhole,,Low
40.738236,-73.934978,47.69,,119.3,69.4,2,"New York, USA",Sector 18,Copernicus_EEA-10_v5,Roads,A,CurbInlet,Blended,Low
-1.21473,36.86039,48.0,7.38,63.2,21.9,25,"Nairobi, Kenya",Ward A,Copernicus_EEA-10_v5,Residential,C,OpenChannel,LocalGauge,Low
24.743991,46.586826,75.38,5.73,177.5,5.4,5,"Riyadh, Saudi Arabia",Ward B,Copernicus_GLO-30_v2023,Green,C,OpenChannel,Blended,Low
39.997879,-75.088599,-3.0,4.5,336.9,31.2,5,"Philadelphia, USA",Sector 26,Copernicus_GLO-30_v2023,Green,B,CurbInlet,LocalGauge,High
49.208577,-123.18206,6.39,6.32,340.9,45.3,5,"Vancouver, Canada",Borough Old Town,SRTM_1arc,Residential,D,,ERA5,High
19.236164,72.851375,10.14,7.89,116.5,70.5,50,"Mumbai, India",Ward C,Copernicus_EEA-10_v5,Roads,B,OpenChannel,ERA5,Low
49.296348,-123.08316,6.48,6.57,263.5,38.9,2,"Vancouver, Canada",District 5,Copernicus_GLO-30_v2023,Institutional,,GratedInlet,ERA5,High
45.406916,-73.510582,60.63,9.56,15.3,17.7,100,"Montreal, Canada",Ward B,SRTM_3arc,Commercial,A,CurbInlet,Blended,Low
34.614831,135.450671,-3.0,,77.7,28.2,10,"Osaka, Japan",District 27,SRTM_1arc,Residential,,Manhole,,High
13.773632,100.53604,4.6,8.15,120.4,87.8,50,"Bangkok, Thailand",Sector 10,SRTM_3arc,Roads,,CurbInlet,LocalGauge,Very High
-27.567714,153.069754,66.63,9.83,,55.4,5,"Brisbane, Australia",Borough Delta,SRTM_1arc,Industrial,C,Manhole,,Low
41.905959,12.611534,91.07,,204.7,56.7,5,"Rome, Italy",District 15,Copernicus_GLO-30_v2023,Water,D,Manhole,ERA5,Low
-33.831552,151.392343,13.52,8.92,85.9,34.1,5,"Sydney, Australia",Sector 2,Copernicus_GLO-90_v2022,Roads,,Manhole,ERA5,Low
25.088306,121.57139,51.99,7.15,,42.5,10,"Taipei, Taiwan",Borough Central,SRTM_1arc,Industrial,B,GratedInlet,LocalGauge,Low
55.737189,12.484694,38.63,8.58,69.4,15.4,25,"Copenhagen, Denmark",Ward C,Copernicus_GLO-30_v2023,Commercial,C,CurbInlet,ERA5,Low
41.394187,2.189351,21.75,6.2,221.4,28.0,5,"Barcelona, Spain",Ward F,SRTM_1arc,Industrial,B,Manhole,,Low
24.940207,121.450321,52.85,8.83,101.4,51.9,25,"Taipei, Taiwan",District 21,SRTM_3arc,Industrial,,CurbInlet,ERA5,Low
37.486424,126.99497,40.07,6.36,7.7,32.3,10,"Seoul, South Korea",Ward G,SRTM_1arc,Residential,A,CurbInlet,ERA5,Low
-34.54193,-58.414024,40.1,9.54,88.7,17.9,2,"Buenos Aires, Argentina",Zone III,SRTM_1arc,Mixed,,Manhole,Blended,Low
5.791248,-0.158563,24.37,,290.6,29.7,50,"Accra, Ghana",Ward A,Copernicus_EEA-10_v5,Commercial,B,OpenChannel,Blended,Low
37.838977,-122.472038,138.84,7.23,10.9,39.2,5,"San Francisco, USA",Zone II,SRTM_3arc,Commercial,D,GratedInlet,,Low
25.865298,-80.213451,,,169.8,39.8,10,"Miami, USA",Zone IX,SRTM_3arc,Residential,,OpenChannel,Blended,Low
-12.045004,-77.111282,30.18,,155.1,23.0,5,"Lima, Peru",Borough Hillside,Copernicus_GLO-30_v2023,Commercial,,CurbInlet,IMD,Low
22.295402,114.081666,-3.0,8.57,334.8,58.5,5,"Hong Kong, China",District 28,Copernicus_GLO-30_v2023,Residential,B,,ERA5,High
48.87287,2.24625,30.46,,78.8,46.5,10,"Paris, France",Ward B,Copernicus_GLO-30_v2023,Residential,C,GratedInlet,,Low
31.195529,121.43554,-3.0,5.54,4.9,70.6,5,"Shanghai, China",Sector 17,SRTM_3arc,Industrial,C,OpenChannel,LocalGauge,Very High
49.162783,-123.037084,14.16,,236.1,27.7,2,"Vancouver, Canada",Sector 12,Copernicus_GLO-90_v2022,Green,B,GratedInlet,,Low
6.50457,3.388571,7.0,8.74,294.8,131.6,100,"Lagos, Nigeria",Zone V,Copernicus_GLO-30_v2023,Industrial,B,OpenChannel,ERA5,High
34.740562,135.469263,56.0,4.44,80.8,43.1,2,"Osaka, Japan",Zone IV,SRTM_3arc,Commercial,C,OpenChannel,ERA5,Low
